map_number,robot_id,trajectory_id,t,x,y,vx,vy,speed
1,1,map_001_robot_1__control_points_20260806_125527,0.0,0.9600000000000002,11.115000000000002,-0.3550404926187367,-0.7169004453904648,0.8000000000000014
1,1,map_001_robot_1__control_points_20260806_125527,0.1,0.9244959507381265,11.043309955460956,-0.3525722823642514,-0.7180839437405027,0.7999698522753534
1,1,map_001_robot_1__control_points_20260806_125527,0.2,0.8894855435271498,10.971383211251903,-0.3433934607959648,-0.7224851571953081,0.7999399172968923
1,1,map_001_robot_1__control_points_20260806_125527,0.30000000000000004,0.8558172585789338,10.898812924021895,-0.3305448078055129,-0.7284494741736296,0.7999365639793076
1,1,map_001_robot_1__control_points_20260806_125527,0.4,0.8233765819660471,10.825693316417178,-0.32016263266871015,-0.7330809821567144,0.7999448967005243
1,1,map_001_robot_1__control_points_20260806_125527,0.5,0.7917847320451918,10.752196727590551,-0.30554693041441316,-0.7392595927719086,0.7999147905814458
1,1,map_001_robot_1__control_points_20260806_125527,0.6000000000000001,0.7622671958831643,10.677841397862794,-0.2889264927352819,-0.7459215682920046,0.7999234364909649
1,1,map_001_robot_1__control_points_20260806_125527,0.7000000000000001,0.7339994334981355,10.60301241393215,-0.2759925620795869,-0.7507781256828423,0.7998997989292761
1,1,map_001_robot_1__control_points_20260806_125527,0.8,0.7070686834672469,10.527685772726226,-0.2578974739151496,-0.7571735909477013,0.7998893385215559
1,1,map_001_robot_1__control_points_20260806_125527,0.9,0.6824199387151055,10.45157769574261,-0.23656583047470603,-0.7640995860695625,0.799882222317676
1,1,map_001_robot_1__control_points_20260806_125527,1.0,0.6597555173723058,10.374865855512313,-0.21678536781665203,-0.7698740952982703,0.7998137397611592
1,1,map_001_robot_1__control_points_20260806_125527,1.1,0.639062865151775,10.297602876682957,-0.19575726249755565,-0.775475351514217,0.7998018045907594
1,1,map_001_robot_1__control_points_20260806_125527,1.2000000000000002,0.6206040648727946,10.21977078520947,-0.17143803809097102,-0.7812525657494405,0.7998415920634316
1,1,map_001_robot_1__control_points_20260806_125527,1.3,0.6047752575335806,10.141352363533066,-0.14201529514072808,-0.7871086589886218,0.7998177199267185
1,1,map_001_robot_1__control_points_20260806_125527,1.4000000000000001,0.5922010058446492,10.062349053411747,-0.11055768885656736,-0.7921036731110291,0.7997819899955798
1,1,map_001_robot_1__control_points_20260806_125527,1.5,0.582663719762267,9.982931628910858,-0.07862971974359967,-0.7957980755046208,0.7996731893741438
1,1,map_001_robot_1__control_points_20260806_125527,1.6,0.5764750618959293,9.903189438310825,-0.04359762305757586,-0.7984018009785459,0.7995912634227915
1,1,map_001_robot_1__control_points_20260806_125527,1.7000000000000002,0.5739441951507519,9.823251268715149,-0.005554753963207482,-0.799507674450652,0.7995269706501973
1,1,map_001_robot_1__control_points_20260806_125527,1.8,0.5753641111032878,9.743287903420693,0.03525795015147981,-0.798699218935603,0.7994770574426927
1,1,map_001_robot_1__control_points_20260806_125527,1.9000000000000001,0.580995785181048,9.66351142492803,0.07843689570616208,-0.795587622672322,0.7994448148292765
1,1,map_001_robot_1__control_points_20260806_125527,2.0,0.5910514902445201,9.584170378886226,0.1234167587817998,-0.7898550447424881,0.7994389833210305
1,1,map_001_robot_1__control_points_20260806_125527,2.1,0.605679136937408,9.505540415979535,0.16949138000930652,-0.7812979843027392,0.7994709927026636
1,1,map_001_robot_1__control_points_20260806_125527,2.2,0.6249497662463814,9.427910782025679,0.21779363474556046,-0.7691952786586143,0.7994344526265964
1,1,map_001_robot_1__control_points_20260806_125527,2.3000000000000003,0.6492378638865202,9.351701360247812,0.2661507007255488,-0.7538500652685443,0.7994536361804161
1,1,map_001_robot_1__control_points_20260806_125527,2.4000000000000004,0.6781799063914913,9.27714076897197,0.31102584807028144,-0.7364578931404466,0.7994418718935751
1,1,map_001_robot_1__control_points_20260806_125527,2.5,0.7114430335005765,9.204409781619725,0.3528732727535804,-0.7173570394787347,0.7994502290408814
1,1,map_001_robot_1__control_points_20260806_125527,2.6,0.7487545609422072,9.13366936107622,0.39176916013018204,-0.6969475945537198,0.7995117412416933
1,1,map_001_robot_1__control_points_20260806_125527,2.7,0.789796865526613,9.06502026270898,0.4273514197342254,-0.6758340724379082,0.7996129872737596
1,1,map_001_robot_1__control_points_20260806_125527,2.8000000000000003,0.8342248448890524,8.99850254658864,0.461134906098537,-0.6532957906221242,0.799650418412379
1,1,map_001_robot_1__control_points_20260806_125527,2.9000000000000004,0.8820238467463204,8.934361104584555,0.4909926486669729,-0.6312873064095967,0.7997483630986021
1,1,map_001_robot_1__control_points_20260806_125527,3.0,0.932423374622447,8.872245085306723,0.5152625904947881,-0.6116704725579183,0.799772657798844
1,1,map_001_robot_1__control_points_20260806_125527,3.1,0.9850763648452776,8.81202701007297,0.5362272345133166,-0.5934304111241957,0.7998120403449996
1,1,map_001_robot_1__control_points_20260806_125527,3.2,1.0396688215251104,8.753559003081882,0.554172064379383,-0.5767723226396271,0.7998581056047486
1,1,map_001_robot_1__control_points_20260806_125527,3.3000000000000003,1.0959107777211543,8.696672545545045,0.569340301344579,-0.5618682476817582,0.7999026856362627
1,1,map_001_robot_1__control_points_20260806_125527,3.4000000000000004,1.1535368817940264,8.64118535354553,0.5822041357984897,-0.5485738685961081,0.7999343379599143
1,1,map_001_robot_1__control_points_20260806_125527,3.5,1.2123516048808525,8.586957771825825,0.5928269114658411,-0.5371136825130236,0.799959283276861
1,1,map_001_robot_1__control_points_20260806_125527,3.6,1.2721022640871942,8.533762617042925,0.6009488606526645,-0.5280347584925948,0.7999751491740656
1,1,map_001_robot_1__control_points_20260806_125527,3.7,1.3325413770113854,8.481350820127306,0.6069409834386059,-0.5211504171889842,0.7999844465448529
1,1,map_001_robot_1__control_points_20260806_125527,3.8000000000000003,1.3934904607749155,8.429532533605128,0.6112111650730965,-0.5161476939067882,0.7999922063591042
1,1,map_001_robot_1__control_points_20260806_125527,3.9000000000000004,1.4547836100260048,8.378121281345948,0.6138714813003077,-0.5129889568232713,0.7999974158561152
1,1,map_001_robot_1__control_points_20260806_125527,4.0,1.5162647570349772,8.326934742240475,0.6150072922822769,-0.511630319543606,0.7999997208978704
1,1,map_001_robot_1__control_points_20260806_125527,4.1000000000000005,1.5777850684824601,8.275795217437226,0.6146787658565334,-0.5120241491870985,0.7999991965906484
1,1,map_001_robot_1__control_points_20260806_125527,4.2,1.639200510206284,8.224529912403055,0.6129226375191292,-0.514120357798511,0.7999961886698429
1,1,map_001_robot_1__control_points_20260806_125527,4.3,1.7003695959862857,8.172971145877524,0.6097541016673667,-0.5178666552649673,0.7999912106614059
1,1,map_001_robot_1__control_points_20260806_125527,4.4,1.7611513305397575,8.120956581350061,0.6051688112091096,-0.523207914666898,0.7999848823761178
1,1,map_001_robot_1__control_points_20260806_125527,4.5,1.8214033582281077,8.068329562944145,0.5991450269825158,-0.530084777978999,0.7999778966964801
1,1,map_001_robot_1__control_points_20260806_125527,4.6000000000000005,1.8809803359362607,8.01493962575426,0.5916460082059345,-0.5384316174537602,0.7999710030369158
1,1,map_001_robot_1__control_points_20260806_125527,4.7,1.9397325598692945,7.960643239453392,0.582418503004611,-0.548383029130278,0.7999595360268115
1,1,map_001_robot_1__control_points_20260806_125527,4.800000000000001,1.997464036537183,7.905263019928205,0.5715034190157589,-0.5597302766623997,0.7999463360496556
1,1,map_001_robot_1__control_points_20260806_125527,4.9,2.0540332436724467,7.848697184120913,0.5590906585066673,-0.5721018925198962,0.7999268340631321
1,1,map_001_robot_1__control_points_20260806_125527,5.0,2.109282168238516,7.790842641424226,0.5450226893968129,-0.5854871285453171,0.7999030626579545
1,1,map_001_robot_1__control_points_20260806_125527,5.1000000000000005,2.163037781551809,7.73159975841185,0.5292014338159117,-0.5997907035126815,0.7998768940112311
1,1,map_001_robot_1__control_points_20260806_125527,5.2,2.215122455001698,7.670884500721691,0.5115900678132199,-0.61484480164345,0.7998490655074296
1,1,map_001_robot_1__control_points_20260806_125527,5.300000000000001,2.2653557951144534,7.60863079808316,0.4921739949723367,-0.6304582348741192,0.7998204968914087
1,1,map_001_robot_1__control_points_20260806_125527,5.4,2.3135572539961653,7.544792853746866,0.470968597642349,-0.6464180163599877,0.7997922679296057
1,1,map_001_robot_1__control_points_20260806_125527,5.5,2.359549514642923,7.479347194811163,0.4480266277921725,-0.6624931288058988,0.7997655937372244
1,1,map_001_robot_1__control_points_20260806_125527,5.6000000000000005,2.4031625795546,7.4122942279856865,0.4234444441739402,-0.6784406946125827,0.7997418167184838
1,1,map_001_robot_1__control_points_20260806_125527,5.7,2.444238403477711,7.343659055888647,0.3973791485561069,-0.6940078461110915,0.7997231259448065
1,1,map_001_robot_1__control_points_20260806_125527,5.800000000000001,2.4826384092658214,7.273492658763468,0.3703299818985144,-0.7088135086818852,0.7997255063975882
1,1,map_001_robot_1__control_points_20260806_125527,5.9,2.518304399857414,7.20189635415227,0.3436350502012573,-0.7221766595368209,0.7997650750730378
1,1,map_001_robot_1__control_points_20260806_125527,6.0,2.5513654193060726,7.1290573268561035,0.31883895901517967,-0.7335213139518686,0.7998198545969957
1,1,map_001_robot_1__control_points_20260806_125527,6.1000000000000005,2.58207219166045,7.055192091361897,0.29651542050873303,-0.7428767910066298,0.7998670647149929
1,1,map_001_robot_1__control_points_20260806_125527,6.2,2.6106685034078194,6.980481968654777,0.27655723804792665,-0.7505774700191168,0.799906522299322
1,1,map_001_robot_1__control_points_20260806_125527,6.300000000000001,2.637383639270035,6.9050765973580726,0.25881675112277946,-0.756912090298286,0.7999387620946189
1,1,map_001_robot_1__control_points_20260806_125527,6.4,2.6624318536323752,6.82909955059512,0.24278209348885937,-0.7622255380243601,0.7999568211693419
1,1,map_001_robot_1__control_points_20260806_125527,6.5,2.6859400579678065,6.7526314897532,0.22859046227777924,-0.7666129217370852,0.7999681063758973
1,1,map_001_robot_1__control_points_20260806_125527,6.6000000000000005,2.7081499460879312,6.675776966247703,0.2167277570130839,-0.7700545100197758,0.799971792666291
1,1,map_001_robot_1__control_points_20260806_125527,6.7,2.7292856093704234,6.598620587749243,0.2068330761174355,-0.7727744823940625,0.7999752008753848
1,1,map_001_robot_1__control_points_20260806_125527,6.800000000000001,2.7495165613114185,6.521222069768892,0.1985948879484294,-0.7749383975988735,0.7999809057673558
1,1,map_001_robot_1__control_points_20260806_125527,6.9,2.769004586960109,6.4436329082294685,0.1919487679741323,-0.7766178514579423,0.7999872603547745
1,1,map_001_robot_1__control_points_20260806_125527,7.0,2.7879063149062446,6.365898499477304,0.18685657133944744,-0.7778646277959034,0.7999929733621374
1,1,map_001_robot_1__control_points_20260806_125527,7.1000000000000005,2.806375901227999,6.288059982670287,0.18330769362152566,-0.7787129004910192,0.7999971824525253
1,1,map_001_robot_1__control_points_20260806_125527,7.2,2.8245678536305494,6.210155919379099,0.1813207531037584,-0.7791802851725436,0.7999994576921164
1,1,map_001_robot_1__control_points_20260806_125527,7.300000000000001,2.842640051848751,6.1322239256357784,0.18094594951901932,-0.7792676968253183,0.7999997374766917
1,1,map_001_robot_1__control_points_20260806_125527,7.4,2.860757043534353,6.054302380014035,0.18226831701580792,-0.7789578751644939,0.7999981941658109
1,1,map_001_robot_1__control_points_20260806_125527,7.5,2.8790937152519125,5.97643235060288,0.18541206338315241,-0.7782123119335758,0.7999950222926384
1,1,map_001_robot_1__control_points_20260806_125527,7.6000000000000005,2.8978394562109835,5.89865991762732,0.19054615405607045,-0.7769661433970256,0.7999901404459977
1,1,map_001_robot_1__control_points_20260806_125527,7.7,2.9172029460631266,5.821039121923475,0.19789122892002275,-0.7751203427811539,0.79998280248806
1,1,map_001_robot_1__control_points_20260806_125527,7.800000000000001,2.937417701994988,5.743635849071088,0.2077277838717908,-0.7725302451389986,0.7999711318833991
1,1,map_001_robot_1__control_points_20260806_125527,7.9,2.958748502837485,5.666533072895675,0.22040522429216658,-0.7689890508888695,0.7999516380896063
1,1,map_001_robot_1__control_points_20260806_125527,8.0,2.981498746853421,5.589838038893315,0.23635076307179403,-0.76420449867976,0.7999188702656055
1,1,map_001_robot_1__control_points_20260806_125527,8.1,3.0060186554518435,5.513692173159723,0.2560759617025212,-0.7577664555642372,0.7998655507897925
1,1,map_001_robot_1__control_points_20260806_125527,8.200000000000001,3.0327139391939255,5.438284747780466,0.2801766502421863,-0.7491029830738682,0.7997838674236313
1,1,map_001_robot_1__control_points_20260806_125527,8.3,3.062053985500281,5.363871576544948,0.30931854971076866,-0.7374230734164868,0.79966915308907
1,1,map_001_robot_1__control_points_20260806_125527,8.4,3.094577649136079,5.29080013309717,0.34419573299518724,-0.7216469041274536,0.7995279587661912
1,1,map_001_robot_1__control_points_20260806_125527,8.5,3.1308931320993185,5.219542195719458,0.3861249421022137,-0.6998867471430685,0.7993334283888942
1,1,map_001_robot_1__control_points_20260806_125527,8.6,3.1718026375565214,5.1508227836685565,0.4398029616467163,-0.6668398374312687,0.7988128778747773
1,1,map_001_robot_1__control_points_20260806_125527,8.700000000000001,3.2188537244286626,5.086174228233204,0.5007152184644159,-0.6220087043338793,0.798505202405707
1,1,map_001_robot_1__control_points_20260806_125527,8.8,3.271945681249405,5.02642104280178,0.5658526396208465,-0.5620918583666388,0.7975816365789405
1,1,map_001_robot_1__control_points_20260806_125527,8.9,3.3320242523528316,4.973755856559876,0.6367295456932922,-0.4788204238951401,0.7966765420783444
1,1,map_001_robot_1__control_points_20260806_125527,9.0,3.399291590388063,4.930656958022752,0.6996375232789696,-0.38160673599483985,0.7969418830357494
1,1,map_001_robot_1__control_points_20260806_125527,9.1,3.4719517570086253,4.897434509360909,0.7474957744558921,-0.2762456242025486,0.7969075088869909
1,1,map_001_robot_1__control_points_20260806_125527,9.200000000000001,3.548790745279242,4.8754078331822415,0.7778581130401996,-0.17939188627001812,0.7982760756041578
1,1,map_001_robot_1__control_points_20260806_125527,9.3,3.6275233796166657,4.861556132106905,0.7921394005190159,-0.1020135190753173,0.7986811553609838
1,1,map_001_robot_1__control_points_20260806_125527,9.4,3.707218625383045,4.8550051293671785,0.7983766902257585,-0.03360719076405516,0.799083714492348
1,1,map_001_robot_1__control_points_20260806_125527,9.5,3.787198717661817,4.854834693954094,0.79920981426541,0.020977746703177758,0.7994850799576525
1,1,map_001_robot_1__control_points_20260806_125527,9.600000000000001,3.8670605882361286,4.859200678707814,0.7971931244654655,0.06223108982494452,0.7996184003859663
1,1,map_001_robot_1__control_points_20260806_125527,9.700000000000001,3.9466373425549106,4.8672809119190825,0.7939667746096291,0.09591141183715379,0.7997388561928286
1,1,map_001_robot_1__control_points_20260806_125527,9.8,4.025853943158054,4.8783829610752445,0.7902788697123384,0.1232392438164922,0.7998303589701206
1,1,map_001_robot_1__control_points_20260806_125527,9.9,4.104693116497377,4.891928760682381,0.7865919161363806,0.1452672968859261,0.7998933866932808
1,1,map_001_robot_1__control_points_20260806_125527,10.0,4.183172326385329,4.90743642045243,0.78317838728141,0.16286927933147766,0.7999342400814364
1,1,map_001_robot_1__control_points_20260806_125527,10.100000000000001,4.26132879395366,4.924502616548677,0.7801886190994978,0.176752820957212,0.7999598996754234
1,1,map_001_robot_1__control_points_20260806_125527,10.200000000000001,4.33921005020523,4.942786984643872,0.777696818516791,0.18748135323430404,0.7999759992285421
1,1,map_001_robot_1__control_points_20260806_125527,10.3,4.416868157657018,4.961998887195538,0.7757312635592513,0.1954972480043402,0.7999863544089381
1,1,map_001_robot_1__control_points_20260806_125527,10.4,4.49435630291708,4.98188643424474,0.7742936508732683,0.2011427730245785,0.799993170547519
1,1,map_001_robot_1__control_points_20260806_125527,10.5,4.571726887831671,5.0022274418004535,0.7733712094708132,0.20467764887726858,0.7999974797387019
1,1,map_001_robot_1__control_points_20260806_125527,10.600000000000001,4.649030544811243,5.022821964020194,0.7729440672139525,0.20629305605902104,0.7999995975120346
1,1,map_001_robot_1__control_points_20260806_125527,10.700000000000001,4.726315701274462,5.043486053012257,0.7729895107336162,0.20612238700577024,0.7999995138305722
1,1,map_001_robot_1__control_points_20260806_125527,10.8,4.8036284469579655,5.064046441421348,0.7734841832982227,0.20424917655468278,0.7999971924549388
1,1,map_001_robot_1__control_points_20260806_125527,10.9,4.881012537934106,5.084335888323194,0.7744048542790232,0.2007126439526843,0.7999927773257657
1,1,map_001_robot_1__control_points_20260806_125527,11.0,4.95850941781377,5.104188970211885,0.7757281089672787,0.19551122732583082,0.7999867117973916
1,1,map_001_robot_1__control_points_20260806_125527,11.100000000000001,5.036158159727563,5.12343813378836,0.7774291024430227,0.18860443247065106,0.7999797755399447
1,1,map_001_robot_1__control_points_20260806_125527,11.200000000000001,5.113995238302375,5.1419098567060155,0.7794793627216663,0.17991327675737523,0.7999730395848044
1,1,map_001_robot_1__control_points_20260806_125527,11.3,5.192054032271896,5.159420789139835,0.7818434939856438,0.16931960344311392,0.799967735097993
1,1,map_001_robot_1__control_points_20260806_125527,11.4,5.2703639370995035,5.175773777394638,0.7844745072487633,0.15666458990233423,0.7999650281433911
1,1,map_001_robot_1__control_points_20260806_125527,11.5,5.348948933721648,5.190753707120302,0.787394266993271,0.14118678217009162,0.7999521480397533
1,1,map_001_robot_1__control_points_20260806_125527,11.600000000000001,5.4278427904981585,5.204011133828656,0.7903975897149813,0.12316754338140612,0.7999366184704026
1,1,map_001_robot_1__control_points_20260806_125527,11.700000000000001,5.507028451664644,5.215387215796583,0.7932535704227242,0.10293030970504091,0.7999036664776423
1,1,map_001_robot_1__control_points_20260806_125527,11.8,5.586493504582703,5.224597195769665,0.7958841896270066,0.07968236160974485,0.799863064561643
1,1,map_001_robot_1__control_points_20260806_125527,11.9,5.666205289590045,5.231323688118532,0.7980510287299438,0.0530834210665887,0.7998145372828969
1,1,map_001_robot_1__control_points_20260806_125527,12.0,5.746103710328691,5.235213879982982,0.7994339946377984,0.022774001060163584,0.7997583178103469
1,1,map_001_robot_1__control_points_20260806_125527,12.100000000000001,5.826092088517606,5.235878488330564,0.7996117112073513,-0.011600779148750462,0.7996958589218821
1,1,map_001_robot_1__control_points_20260806_125527,12.200000000000001,5.906026052570162,5.232893724153232,0.7980440205144923,-0.05035279847711749,0.799630954249154
1,1,map_001_robot_1__control_points_20260806_125527,12.3,5.985700892620503,5.22580792863514,0.7940702463385136,-0.09364398805454499,0.7995728563544835
1,1,map_001_robot_1__control_points_20260806_125527,12.4,6.064840101837865,5.214164926542323,0.7870043630972461,-0.1409585782744145,0.7995281035231009
1,1,map_001_robot_1__control_points_20260806_125527,12.5,6.143101765239952,5.197616212980257,0.7769017990760823,-0.18893178039729364,0.7995446348089296
1,1,map_001_robot_1__control_points_20260806_125527,12.600000000000001,6.220220461653082,5.176378570462864,0.764623505678717,-0.23377645431798655,0.7995627155076083
1,1,map_001_robot_1__control_points_20260806_125527,12.700000000000001,6.296026466375697,5.15086092211666,0.7508322549038731,-0.2748925043835051,0.7995717378511261
1,1,map_001_robot_1__control_points_20260806_125527,12.8,6.370386912633856,5.121400069586163,0.7359988212450901,-0.312520505164688,0.7996019828780778
1,1,map_001_robot_1__control_points_20260806_125527,12.9,6.443226230624713,5.088356821083723,0.7206735309952705,-0.3465031165983561,0.7996466395162085
1,1,map_001_robot_1__control_points_20260806_125527,13.0,6.51452161883291,5.052099446266492,0.7053487648701307,-0.37683041693179575,0.7996987202870903
1,1,map_001_robot_1__control_points_20260806_125527,13.100000000000001,6.58429598359874,5.012990737697363,0.6904408064714431,-0.4036028229094697,0.7997523028422172
1,1,map_001_robot_1__control_points_20260806_125527,13.200000000000001,6.6526097801272,4.971378881684599,0.676284392950798,-0.4269946183738256,0.7998030909349115
1,1,map_001_robot_1__control_points_20260806_125527,13.3,6.7195528621889,4.927591814022598,0.6631364326655458,-0.4472221165287813,0.7998484542967303
1,1,map_001_robot_1__control_points_20260806_125527,13.4,6.78523706666031,4.881934458378843,0.6511852793964366,-0.46451824783873263,0.7998871612157438
1,1,map_001_robot_1__control_points_20260806_125527,13.5,6.849789918068187,4.834688164454852,0.6405625689138787,-0.4791137495631226,0.7999189894695475
1,1,map_001_robot_1__control_points_20260806_125527,13.600000000000001,6.913349580443088,4.786111708466217,0.631355482604512,-0.49122418808200763,0.7999443407960356
1,1,map_001_robot_1__control_points_20260806_125527,13.700000000000001,6.976061014589091,4.73644332683845,0.623618117584769,-0.5010416387635814,0.799963924408386
1,1,map_001_robot_1__control_points_20260806_125527,13.8,7.038073203960041,4.685903380713501,0.6173812806758932,-0.5087297948542719,0.7999785309003459
1,1,map_001_robot_1__control_points_20260806_125527,13.9,7.09953727072427,4.634697367867596,0.6126604571404215,-0.5144214137291456,0.7999888915770038
1,1,map_001_robot_1__control_points_20260806_125527,14.0,7.160605295388125,4.583019097967672,0.6094619606246212,-0.518217221466692,0.7999956062836007
1,1,map_001_robot_1__control_points_20260806_125527,14.100000000000001,7.221429662849196,4.531053923574257,0.6077873930195068,-0.5201856181375604,0.799999120268644
1,1,map_001_robot_1__control_points_20260806_125527,14.200000000000001,7.282162773992027,4.47898197434016,0.6076365753556274,-0.5203627250064358,0.7999997333037296
1,1,map_001_robot_1__control_points_20260806_125527,14.3,7.34295697792032,4.42698137857297,0.6090090877526038,-0.5187524823811209,0.7999976293351336
1,1,map_001_robot_1__control_points_20260806_125527,14.4,7.403964591542547,4.375231477863936,0.611904472704218,-0.5153266826395857,0.7999929209410215
1,1,map_001_robot_1__control_points_20260806_125527,14.5,7.465337872461163,4.323916042045053,0.6161573033860037,-0.510225350235995,0.7999873314867902
1,1,map_001_robot_1__control_points_20260806_125527,14.600000000000001,7.5271960522197485,4.273186407816737,0.6210096030104211,-0.5043073774788667,0.7999867861476043
1,1,map_001_robot_1__control_points_20260806_125527,14.700000000000001,7.589539793063247,4.22305456654928,0.6256514642077278,-0.4985407989310282,0.7999891767168238
1,1,map_001_robot_1__control_points_20260806_125527,14.8,7.652326345061294,4.1734782480305315,0.6298489929280109,-0.4932311459947236,0.7999916982517368
1,1,map_001_robot_1__control_points_20260806_125527,14.9,7.715509591648848,4.124408337350335,0.633598641728689,-0.4884084702036766,0.7999937953303983
1,1,map_001_robot_1__control_points_20260806_125527,15.0,7.779046073407032,4.075796553989797,0.6369239932000994,-0.4840664253778648,0.7999952982937238
1,1,map_001_robot_1__control_points_20260806_125527,15.100000000000001,7.84289439028887,4.027595052274761,0.6397678466552463,-0.4803037158474197,0.7999965981619732
1,1,map_001_robot_1__control_points_20260806_125527,15.200000000000001,7.906999642738081,3.9797358108203125,0.6421082382852603,-0.47717183238108163,0.799997467053315
1,1,map_001_robot_1__control_points_20260806_125527,15.3,7.971316037945922,3.9321606857985456,0.6439906031940907,-0.47462975899606263,0.7999983157025703
1,1,map_001_robot_1__control_points_20260806_125527,15.4,8.0357977633769,3.8848098590211007,0.645414111998619,-0.47269347968418884,0.7999990635637723
1,1,map_001_robot_1__control_points_20260806_125527,15.5,8.100398860345644,3.8376219898617077,0.646376583420377,-0.4713774719581032,0.799999630414797
1,1,map_001_robot_1__control_points_20260806_125527,15.600000000000001,8.165073080060976,3.7905343646294796,0.6468743207716372,-0.47069472004668356,0.7999999414709934
1,1,map_001_robot_1__control_points_20260806_125527,15.700000000000001,8.229773724499973,3.743483045852371,0.6469019725776448,-0.470656701357008,0.7999999329106895
1,1,map_001_robot_1__control_points_20260806_125527,15.8,8.294453474576505,3.6964030243580783,0.646452418618189,-0.4712733421703561,0.7999995578609552
1,1,map_001_robot_1__control_points_20260806_125527,15.9,8.35906420822361,3.6492283774183,0.6455166832705572,-0.47255293905857343,0.7999987928700372
1,1,map_001_robot_1__control_points_20260806_125527,16.0,8.423556811230615,3.601892436546364,0.6440838787577263,-0.47450204309336286,0.7999976448561416
1,1,map_001_robot_1__control_points_20260806_125527,16.1,8.487880983975156,3.5543279687996274,0.6421411817230407,-0.47712530461044267,0.799996158468446
1,1,map_001_robot_1__control_points_20260806_125527,16.2,8.551985047575222,3.506467375624276,0.6396738474295987,-0.4804252771274058,0.799994423723272
1,1,map_001_robot_1__control_points_20260806_125527,16.3,8.615815753461074,3.4582429133741464,0.6366652667769515,-0.48440218004630253,0.7999925836867348
1,1,map_001_robot_1__control_points_20260806_125527,16.400000000000002,8.679318100930614,3.409586939615014,0.6330970721818474,-0.4890536210497416,0.7999908418645125
1,1,map_001_robot_1__control_points_20260806_125527,16.5,8.742435167897444,3.360432189164198,0.62894626773992,-0.49437805992218387,0.7999894210778026
1,1,map_001_robot_1__control_points_20260806_125527,16.6,8.805107354478597,3.3107113276305777,0.623991080396813,-0.5006115359823298,0.7999854863517022
1,1,map_001_robot_1__control_points_20260806_125527,16.7,8.867233383976806,3.2603098819677325,0.6183673219164234,-0.507536218050582,0.7999819732013825
1,1,map_001_robot_1__control_points_20260806_125527,16.8,8.928780818861883,3.2092040840204614,0.6122495679959314,-0.5148892966791223,0.7999753254606832
1,1,map_001_robot_1__control_points_20260806_125527,16.900000000000002,8.989683297575995,3.1573320226319064,0.605456791995806,-0.5228490414616811,0.7999681538231703
1,1,map_001_robot_1__control_points_20260806_125527,17.0,9.049872177261042,3.1046342757281256,0.597966629515092,-0.5313879724275754,0.7999607910731182
1,1,map_001_robot_1__control_points_20260806_125527,17.1,9.109276623479014,3.051054428146392,0.5897579778283557,-0.5404732776547121,0.7999536463264724
1,1,map_001_robot_1__control_points_20260806_125527,17.2,9.167823772826711,2.9965396201971837,0.5808117674293953,-0.5500665444041477,0.7999471935429102
1,1,map_001_robot_1__control_points_20260806_125527,17.3,9.225438976964893,2.941041119265563,0.5711118130754045,-0.5601235807296145,0.7999419533463917
1,1,map_001_robot_1__control_points_20260806_125527,17.400000000000002,9.282046135441794,2.8845149040512594,0.5606457296179315,-0.5705943550360644,0.7999384677197647
1,1,map_001_robot_1__control_points_20260806_125527,17.5,9.337568122888479,2.8269222482583505,0.5494058909426087,-0.5814230810610184,0.7999372676609893
1,1,map_001_robot_1__control_points_20260806_125527,17.6,9.391927313630315,2.768230287839056,0.5373904029101837,-0.5925484739045608,0.7999388345783655
1,1,map_001_robot_1__control_points_20260806_125527,17.7,9.445046203470516,2.708412553477439,0.5242705016139624,-0.6041813591647607,0.799934168306826
1,1,map_001_robot_1__control_points_20260806_125527,17.8,9.496781413953109,2.6473940160061042,0.5102200013972009,-0.616086982758647,0.7999297595104292
1,1,map_001_robot_1__control_points_20260806_125527,17.900000000000002,9.547090203749958,2.585195156925708,0.4957476454675529,-0.6277783342203609,0.799919599024248
1,1,map_001_robot_1__control_points_20260806_125527,18.0,9.595930943046618,2.5218383491620324,0.48073329659116126,-0.6393327586903546,0.7999067938116443
1,1,map_001_robot_1__control_points_20260806_125527,18.1,9.64323686306819,2.4573286051876377,0.46507490342199986,-0.6507985920689912,0.7998959139987926
1,1,map_001_robot_1__control_points_20260806_125527,18.2,9.688945923731017,2.3916786307482347,0.44882430960872455,-0.6620997676560361,0.799887094048857
1,1,map_001_robot_1__control_points_20260806_125527,18.3,9.733001724989935,2.3249086516564312,0.4320422215725941,-0.6731627285028381,0.7998803287159699
1,1,map_001_robot_1__control_points_20260806_125527,18.400000000000002,9.775354368045537,2.2570460850476652,0.41479754644644373,-0.6839179700073235,0.7998754867083551
1,1,map_001_robot_1__control_points_20260806_125527,18.5,9.815961234279223,2.188125057654967,0.39716641614636927,-0.6943015208766781,0.7998723423185847
1,1,map_001_robot_1__control_points_20260806_125527,18.6,9.85478765127481,2.11818578087233,0.3792309223907466,-0.7042562910773054,0.7998706245508074
1,1,map_001_robot_1__control_points_20260806_125527,18.7,9.891807418757372,2.0472737994395063,0.361077606650575,-0.7137332197452455,0.7998700813209744
1,1,map_001_robot_1__control_points_20260806_125527,18.8,9.927003172604925,1.9754391369232815,0.34279576595173467,-0.7226921659110328,0.7998705544171608
1,1,map_001_robot_1__control_points_20260806_125527,18.900000000000002,9.96036657194772,1.9027353662572977,0.32447564837790566,-0.7311024996114259,0.7998720593497046
1,1,map_001_robot_1__control_points_20260806_125527,19.0,9.991898302280505,1.829218637000997,0.306206619647412,-0.7389433692227936,0.7998748632343866
1,1,map_001_robot_1__control_points_20260806_125527,19.1,10.021607895877201,1.7549466924127395,0.2880753834512717,-0.7462036409182176,0.7998795536017916
1,1,map_001_robot_1__control_points_20260806_125527,19.200000000000003,10.04951337897076,1.6799779088173514,0.2701643332512731,-0.7528815260734127,0.7998870915721392
1,1,map_001_robot_1__control_points_20260806_125527,19.3,10.075640762527454,1.6043703871980572,0.25382397206554685,-0.7586087573663569,0.7999461579056804
1,1,map_001_robot_1__control_points_20260806_125527,19.378058701384415,10.094999999999999,1.545,0.24800870536144826,-0.7605864067053486,0.8000000000000097
1,1,map_001_robot_1__control_points_20260806_125606,0.0,0.9600000000000001,11.115,0.553599516823976,-0.5637234737045205,0.7900990949452042
1,1,map_001_robot_1__control_points_20260806_125606,0.1,1.0153599516823977,11.058627652629548,0.4477445237093871,-0.6423998371400543,0.7830406817460471
1,1,map_001_robot_1__control_points_20260806_125606,0.2,1.0495489047418776,10.986520032571988,0.29080706453441607,-0.7418750856087613,0.7968358622891737
1,1,map_001_robot_1__control_points_20260806_125606,0.30000000000000004,1.0735213645892812,10.9102526355078,0.21041660468085066,-0.7708702572097224,0.7990720248988828
1,1,map_001_robot_1__control_points_20260806_125606,0.4,1.0916322256780477,10.832345981130045,0.1639961520016655,-0.7826912237710175,0.7996876200364279
1,1,map_001_robot_1__control_points_20260806_125606,0.5,1.1063205949896142,10.753714390753595,0.13436392245847717,-0.7884776326010368,0.7998441352979736
1,1,map_001_robot_1__control_points_20260806_125606,0.6000000000000001,1.1185050101697431,10.674650454609836,0.11227845865867625,-0.7920055401515356,0.7999245138820873
1,1,map_001_robot_1__control_points_20260806_125606,0.7000000000000001,1.1287762867213496,10.59531328272329,0.09625255772905206,-0.7941556266395509,0.7999673207029411
1,1,map_001_robot_1__control_points_20260806_125606,0.8,1.1377555217155535,10.515819329281925,0.08479963637901289,-0.7954734880038927,0.7999806550455405
1,1,map_001_robot_1__control_points_20260806_125606,0.9,1.145736213997152,10.43621858512251,0.07578207850447605,-0.796391377276592,0.799988843186557
1,1,map_001_robot_1__control_points_20260806_125606,1.0,1.1529119374164487,10.356541053826607,0.0685585651462608,-0.7970498775108652,0.7999929900286622
1,1,map_001_robot_1__control_points_20260806_125606,1.1,1.1594479270264042,10.276808609620337,0.0630721243638872,-0.7975047337923087,0.7999949332920271
1,1,map_001_robot_1__control_points_20260806_125606,1.2000000000000002,1.1655263622892262,10.197040107068146,0.0590606895190815,-0.7978127630003371,0.7999958561472061
1,1,map_001_robot_1__control_points_20260806_125606,1.3,1.1712600649302203,10.117246057020267,0.056056817830655525,-0.7980309179582719,0.7999973205221511
1,1,map_001_robot_1__control_points_20260806_125606,1.4000000000000001,1.1767377258553577,10.037433923476494,0.05384824511477948,-0.7981843997912108,0.7999987309814914
1,1,map_001_robot_1__control_points_20260806_125606,1.5,1.182029713953176,9.957609177062023,0.052248248658892216,-0.7982915704082458,0.7999995692953745
1,1,map_001_robot_1__control_points_20260806_125606,1.6,1.1871873755871363,9.877775609394847,0.051231337509298314,-0.7983578229263344,0.7999999146066629
1,1,map_001_robot_1__control_points_20260806_125606,1.7000000000000002,1.1922759814550354,9.797937612476757,0.050909238493551,-0.7983785000550867,0.799999987446377
1,1,map_001_robot_1__control_points_20260806_125606,1.8,1.1973692232858464,9.718099909383827,0.05111387582450799,-0.7983653487302576,0.7999999114718632
1,1,map_001_robot_1__control_points_20260806_125606,1.9000000000000001,1.2024987566199372,9.638264542730708,0.051637952961146816,-0.7983315714543338,0.7999998601042151
1,1,map_001_robot_1__control_points_20260806_125606,2.0,1.2076968138780755,9.558433595092959,0.05285218621595611,-0.7982517328677332,0.7999994891336775
1,1,map_001_robot_1__control_points_20260806_125606,2.1,1.2130691938631286,9.478614196157164,0.05453991822383486,-0.7981377459988437,0.79999904016691
1,1,map_001_robot_1__control_points_20260806_125606,2.2,1.2186047975228425,9.39880604589319,0.05625793997839512,-0.7980177924648544,0.7999983455614719
1,1,map_001_robot_1__control_points_20260806_125606,2.3000000000000003,1.2243207818588075,9.319010637664194,0.058467092770543516,-0.7978589246696615,0.7999982903807157
1,1,map_001_robot_1__control_points_20260806_125606,2.4000000000000004,1.2302982160769511,9.239234260959257,0.06153646593587858,-0.7976270878763501,0.7999973174667426
1,1,map_001_robot_1__control_points_20260806_125606,2.5,1.2366280750459835,9.159485220088925,0.06474998579974489,-0.7973713332760681,0.7999960023597129
1,1,map_001_robot_1__control_points_20260806_125606,2.6,1.2432482132368998,9.079759994304043,0.06772879691038991,-0.7971238959179843,0.7999960595992922
1,1,map_001_robot_1__control_points_20260806_125606,2.7,1.2501738344280615,9.000060440905328,0.0720202263516212,-0.796746218757427,0.7999946562996508
1,1,map_001_robot_1__control_points_20260806_125606,2.8000000000000003,1.257652258507224,8.920410750552557,0.07697939189495173,-0.7962814645342391,0.799993748436392
1,1,map_001_robot_1__control_points_20260806_125606,2.9000000000000004,1.2655697128070518,8.84080414799848,0.0813234003440817,-0.7958461160530277,0.7999903348667489
1,1,map_001_robot_1__control_points_20260806_125606,3.0,1.2739169385760405,8.761241527341953,0.08629914191687948,-0.7953230250027588,0.7999914099508373
1,1,map_001_robot_1__control_points_20260806_125606,3.1,1.2828295411904274,8.681739542997926,0.09287588080324838,-0.7945788543740377,0.7999884280746425
1,1,map_001_robot_1__control_points_20260806_125606,3.2,1.2924921147366901,8.602325756467145,0.09955613616814141,-0.7937655099405561,0.7999844429861874
1,1,map_001_robot_1__control_points_20260806_125606,3.3000000000000003,1.3027407684240557,8.522986441009815,0.10561392694263905,-0.7929801135811871,0.7999823511174966
1,1,map_001_robot_1__control_points_20260806_125606,3.4000000000000004,1.313614900125218,8.443729733750908,0.1134996434188782,-0.7918891014009333,0.7999815735214094
1,1,map_001_robot_1__control_points_20260806_125606,3.5,1.3254406971078316,8.36460862072963,0.12289943215790888,-0.7904810699982576,0.799977869975368
1,1,map_001_robot_1__control_points_20260806_125606,3.6,1.3381947865567996,8.285633519751256,0.1318560934030053,-0.7890238063443746,0.7999653719666041
1,1,map_001_robot_1__control_points_20260806_125606,3.7,1.3518119157884327,8.206803859460754,0.14087677972619872,-0.7874616270830259,0.7999637999273908
1,1,map_001_robot_1__control_points_20260806_125606,3.8000000000000003,1.3663701425020394,8.12814119433465,0.15218673263798888,-0.7853545719915687,0.799964127532658
1,1,map_001_robot_1__control_points_20260806_125606,3.9000000000000004,1.3822492623160305,8.049732945062441,0.16568951289481681,-0.7826087844761176,0.7999559514263944
1,1,map_001_robot_1__control_points_20260806_125606,4.0,1.399508045081003,7.971619437439427,0.17924490651132619,-0.7795891017482433,0.7999299369787874
1,1,map_001_robot_1__control_points_20260806_125606,4.1000000000000005,1.4180982436182958,7.893815124712793,0.19332781261749687,-0.7761900496979237,0.7999041419954839
1,1,map_001_robot_1__control_points_20260806_125606,4.2,1.4381736076045024,7.816381427499842,0.20909665276058664,-0.7720900642113406,0.7999027925001596
1,1,map_001_robot_1__control_points_20260806_125606,4.3,1.459917574170413,7.739397111870525,0.22751129886238708,-0.7668752240223284,0.79991187035157
1,1,map_001_robot_1__control_points_20260806_125606,4.4,1.4836758673769799,7.663006382695377,0.2497194656175985,-0.7599078126997441,0.7998873016309537
1,1,map_001_robot_1__control_points_20260806_125606,4.5,1.5098614672939326,7.587415549330576,0.2740363246387991,-0.7514313567981716,0.799840603621173
1,1,map_001_robot_1__control_points_20260806_125606,4.6000000000000005,1.5384831323047399,7.512720111335742,0.3000981093705386,-0.7413011063698676,0.7997413366538968
1,1,map_001_robot_1__control_points_20260806_125606,4.7,1.5698810891680404,7.439155328056602,0.3298374788201377,-0.7284328058380893,0.7996293610514663
1,1,map_001_robot_1__control_points_20260806_125606,4.800000000000001,1.6044506280687676,7.367033550168125,0.3638071553471889,-0.7119242521854972,0.7994947073819144
1,1,map_001_robot_1__control_points_20260806_125606,4.9,1.6426425202374781,7.296770477619503,0.40252174601409507,-0.6905791145079263,0.7993267600980135
1,1,map_001_robot_1__control_points_20260806_125606,5.0,1.6849549772715866,7.22891772726654,0.44633990884265984,-0.6628541390920333,0.7991213449389989
1,1,map_001_robot_1__control_points_20260806_125606,5.1000000000000005,1.7319105020060104,7.1641996498010965,0.4952694262268551,-0.6268502470854642,0.7988948847164975
1,1,map_001_robot_1__control_points_20260806_125606,5.2,1.784008862516958,7.103547677849448,0.5491329251829811,-0.5798862346633413,0.7986332166095054
1,1,map_001_robot_1__control_points_20260806_125606,5.300000000000001,1.8417370870426066,7.048222402868428,0.6093082757218014,-0.5151891219321385,0.7979200500177211
1,1,map_001_robot_1__control_points_20260806_125606,5.4,1.9058705176613182,7.0005098534630195,0.6685482728365493,-0.4348275576311238,0.7975160173865986
1,1,map_001_robot_1__control_points_20260806_125606,5.5,1.9754467416099162,6.961256891342203,0.7187526385496419,-0.34435693416646274,0.7969862317070464
1,1,map_001_robot_1__control_points_20260806_125606,5.6000000000000005,2.0496210453712465,6.931638466629728,0.7580390985150327,-0.2466701789234378,0.7971633785163518
1,1,map_001_robot_1__control_points_20260806_125606,5.7,2.1270545613129226,6.911922855557516,0.7835381368269427,-0.15050520519949373,0.7978620361029709
1,1,map_001_robot_1__control_points_20260806_125606,5.800000000000001,2.2063286727366354,6.90153742558983,0.7961463985947788,-0.060345000614859146,0.798430089046401
1,1,map_001_robot_1__control_points_20260806_125606,5.9,2.2862838410318784,6.899853855434543,0.7988676538450648,0.016135749352827133,0.7990305943874085
1,1,map_001_robot_1__control_points_20260806_125606,6.0,2.3661022035056476,6.904764575460396,0.795531231275822,0.0767903539059418,0.7992288147884967
1,1,map_001_robot_1__control_points_20260806_125606,6.1000000000000005,2.445390087287043,6.915211926215733,0.7891770612884113,0.12756775944963294,0.7994210200606513
1,1,map_001_robot_1__control_points_20260806_125606,6.2,2.5239376157633298,6.930278127350322,0.7813221553720471,0.1699119776946958,0.7995838859302657
1,1,map_001_robot_1__control_points_20260806_125606,6.300000000000001,2.601654518361453,6.949194321754671,0.7729280960870355,0.20525467089539973,0.7997170259817584
1,1,map_001_robot_1__control_points_20260806_125606,6.4,2.678523234980737,6.971329061529403,0.7645642603732306,0.23487269373217856,0.7998272879197575
1,1,map_001_robot_1__control_points_20260806_125606,6.5,2.7545673704360985,6.996168860501107,0.7560886066527068,0.26103210366876084,0.7998798286341332
1,1,map_001_robot_1__control_points_20260806_125606,6.6000000000000005,2.8297409563112783,7.0235354822631555,0.747884215722328,0.2837688744094038,0.7999097287883062
1,1,map_001_robot_1__control_points_20260806_125606,6.7,2.904144213580564,7.052922635382988,0.7406840850208685,0.3020542268559083,0.7999060380849251
1,1,map_001_robot_1__control_points_20260806_125606,6.800000000000001,2.9778777733154524,7.0839463276343375,0.7343044499643021,0.3172572442205279,0.7999094850342631
1,1,map_001_robot_1__control_points_20260806_125606,6.9,3.0510051035734245,7.116374084227093,0.7285311586120162,0.33034972818283137,0.7999303669564228
1,1,map_001_robot_1__control_points_20260806_125606,7.0,3.123584005037855,7.150016273270903,0.7233047105732648,0.3417143496667592,0.7999614997646141
1,1,map_001_robot_1__control_points_20260806_125606,7.1000000000000005,3.1956660456880774,7.1847169541604465,0.7178828226244764,0.3529841176130688,0.799970958414343
1,1,map_001_robot_1__control_points_20260806_125606,7.2,3.2671605695627504,7.220613096793517,0.7129718690130105,0.3628213830363549,0.7999801509989599
1,1,map_001_robot_1__control_points_20260806_125606,7.300000000000001,3.3382604194906795,7.257281230767719,0.7092923771753625,0.3699536952479363,0.799975882728148
1,1,map_001_robot_1__control_points_20260806_125606,7.4,3.4090190449978226,7.294603835843105,0.7060510819443984,0.3761187243464974,0.7999833905268858
1,1,map_001_robot_1__control_points_20260806_125606,7.5,3.4794706358795584,7.332504975637017,0.7028190731426811,0.38213721776116927,0.7999896891656696
1,1,map_001_robot_1__control_points_20260806_125606,7.6000000000000005,3.549582859626359,7.371031279395339,0.6998222411200921,0.38760574974364204,0.7999933664729222
1,1,map_001_robot_1__control_points_20260806_125606,7.7,3.6194350841035776,7.410026125585745,0.6976094197272431,0.391574838759567,0.7999935980004851
1,1,map_001_robot_1__control_points_20260806_125606,7.800000000000001,3.689104743571808,7.449346247147251,0.6959013880157734,0.39460675929396416,0.799995772690559
1,1,map_001_robot_1__control_points_20260806_125606,7.9,3.7586153617067324,7.488947477444538,0.6943010097288713,0.39741999411413076,0.7999978398922125
1,1,map_001_robot_1__control_points_20260806_125606,8.0,3.827964945517582,7.528830245970078,0.6930235393397659,0.3996461258222084,0.7999991574768791
1,1,map_001_robot_1__control_points_20260806_125606,8.1,3.8972200695746855,7.568876702608979,0.6923151445495392,0.40087272117519035,0.79999949872175
1,1,map_001_robot_1__control_points_20260806_125606,8.200000000000001,3.9664279744274906,7.609004790205118,0.6919560831548992,0.4014929464927377,0.7999998794365473
1,1,map_001_robot_1__control_points_20260806_125606,8.3,4.035611286205666,7.649175291907527,0.6919160245617206,0.4015621738385775,0.7999999778145369
1,1,map_001_robot_1__control_points_20260806_125606,8.4,4.104811179339834,7.689317224972834,0.6923638983991829,0.4007885400882927,0.799999513545239
1,1,map_001_robot_1__control_points_20260806_125606,8.5,4.174084065885501,7.729332999925185,0.6932257500199484,0.39929372511186756,0.7999983871261439
1,1,map_001_robot_1__control_points_20260806_125606,8.6,4.243456329343823,7.7691759699952065,0.6943849592483531,0.3972712158547935,0.7999968066043032
1,1,map_001_robot_1__control_points_20260806_125606,8.700000000000001,4.312961057735173,7.808787243096144,0.6959832976987173,0.39446376943890726,0.7999965100395955
1,1,map_001_robot_1__control_points_20260806_125606,8.8,4.382652988883568,7.848068723882988,0.6984299961365465,0.39010884072749263,0.7999933544205506
1,1,map_001_robot_1__control_points_20260806_125606,8.9,4.452647056962482,7.886809011241641,0.7014401552478233,0.3846604061978667,0.7999886996016871
1,1,map_001_robot_1__control_points_20260806_125606,9.0,4.522941019933132,7.925000805122561,0.7047328408455584,0.3785714093750343,0.7999779302971121
1,1,map_001_robot_1__control_points_20260806_125606,9.1,4.593593625131593,7.962523293116648,0.7086684906708598,0.3711288357599898,0.7999672758321305
1,1,map_001_robot_1__control_points_20260806_125606,9.200000000000001,4.664674718067304,7.9992265722745595,0.7133682503894967,0.36199502238812187,0.7999591595185022
1,1,map_001_robot_1__control_points_20260806_125606,9.3,4.736267275209493,8.034922297594273,0.7189732538466203,0.35072056533149265,0.7999546578983328
1,1,map_001_robot_1__control_points_20260806_125606,9.4,4.808469368836628,8.069370685340859,0.7257176826462093,0.3365241583550329,0.7999466632607123
1,1,map_001_robot_1__control_points_20260806_125606,9.5,4.881410811738735,8.102227129265279,0.7337407177031245,0.31859420836431696,0.7999235653603299
1,1,map_001_robot_1__control_points_20260806_125606,9.600000000000001,4.955217512377254,8.133089527013722,0.7428270742926948,0.29668950232179014,0.7998854437294107
1,1,map_001_robot_1__control_points_20260806_125606,9.700000000000001,5.029976226597275,8.161565029729637,0.7532725591656266,0.26876254541559774,0.7997830044519599
1,1,map_001_robot_1__control_points_20260806_125606,9.8,5.105872024210378,8.186842036096841,0.7653109998380394,0.23155564244562754,0.799574225460968
1,1,map_001_robot_1__control_points_20260806_125606,9.9,5.183038426564882,8.207876158218761,0.7779910540730768,0.18290994877054345,0.7992034344126531
1,1,map_001_robot_1__control_points_20260806_125606,10.0,5.261470235024993,8.22342402585095,0.7896485117100518,0.11939114208649215,0.7986232007991108
1,1,map_001_robot_1__control_points_20260806_125606,10.100000000000001,5.340968128906893,8.231754386636059,0.7965781042972857,0.029498647801347033,0.7971241098272999
1,1,map_001_robot_1__control_points_20260806_125606,10.200000000000001,5.420785855884452,8.229323755411219,0.7888784179991184,-0.09766540986940697,0.7949010571572735
1,1,map_001_robot_1__control_points_20260806_125606,10.3,5.498743812506716,8.212221304662178,0.7455603842044489,-0.2640687217403226,0.790944104407292
1,1,map_001_robot_1__control_points_20260806_125606,10.4,5.5698979327253415,8.176510011063154,0.6566900514469545,-0.43995776724101887,0.790445861919149
1,1,map_001_robot_1__control_points_20260806_125606,10.5,5.6300818227961065,8.124229751213974,0.5348677272842686,-0.585025028865914,0.7926775952995027
1,1,map_001_robot_1__control_points_20260806_125606,10.600000000000001,5.676871478182195,8.05950500528997,0.41979297179341657,-0.6773770152907588,0.7969101329581431
1,1,map_001_robot_1__control_points_20260806_125606,10.700000000000001,5.7140404171547905,7.988754348155821,0.32666719609657235,-0.7279687526834238,0.7979034790556163
1,1,map_001_robot_1__control_points_20260806_125606,10.8,5.7422049174015095,7.913911254753287,0.25337025701116644,-0.7578995566441975,0.7991296672626887
1,1,map_001_robot_1__control_points_20260806_125606,10.9,5.764714468557023,7.837174436826982,0.20295085832589166,-0.7732294560642572,0.799420316617387
1,1,map_001_robot_1__control_points_20260806_125606,11.0,5.7827950890666875,7.759265363540436,0.16352477621931172,-0.7827399694577863,0.7996388010998168
1,1,map_001_robot_1__control_points_20260806_125606,11.100000000000001,5.797419423800886,7.6806264429354245,0.13275979056944465,-0.7886827834288681,0.7997785286372407
1,1,map_001_robot_1__control_points_20260806_125606,11.200000000000001,5.809347047180577,7.601528806854661,0.10874851529905882,-0.7924347083155681,0.7998618671514033
1,1,map_001_robot_1__control_points_20260806_125606,11.3,5.8191691268606975,7.522139501272311,0.09000201709051225,-0.7948320792313908,0.7999114933888979
1,1,map_001_robot_1__control_points_20260806_125606,11.4,5.827347450598679,7.442562391008384,0.07538215823244698,-0.7963832133630362,0.7999429306558168
1,1,map_001_robot_1__control_points_20260806_125606,11.5,5.834245558507186,7.362862858599705,0.06402568451656876,-0.7973983920104075,0.7999646766317865
1,1,map_001_robot_1__control_points_20260806_125606,11.600000000000001,5.840152587501993,7.283082712606301,0.055278293691056746,-0.7980682341947016,0.7999803723742501
1,1,map_001_robot_1__control_points_20260806_125606,11.700000000000001,5.845301217245398,7.203249211760763,0.048642602090350096,-0.7985108612807537,0.7999910614009703
1,1,map_001_robot_1__control_points_20260806_125606,11.8,5.849881107920063,7.1233805403501504,0.043580347630445715,-0.7988083750618031,0.7999962917216984
1,1,map_001_robot_1__control_points_20260806_125606,11.9,5.854017286771487,7.043487536748403,0.040149152554416645,-0.7989907296232985,0.7999988377959113
1,1,map_001_robot_1__control_points_20260806_125606,12.0,5.857910938430946,6.963582394425492,0.03853725059831703,-0.7990708817371583,0.7999996210773335
1,1,map_001_robot_1__control_points_20260806_125606,12.100000000000001,5.8617247368911505,6.883673360400971,0.03825191371553416,-0.7990848193813207,0.7999998484178472
1,1,map_001_robot_1__control_points_20260806_125606,12.200000000000001,5.865561321174052,6.803765430549227,0.038936704742141615,-0.7990512257419482,0.7999993302096488
1,1,map_001_robot_1__control_points_20260806_125606,12.3,5.869512077839579,6.723863115252581,0.04080461023599469,-0.7989572707727888,0.7999985854595086
1,1,map_001_robot_1__control_points_20260806_125606,12.4,5.873722243221251,6.64397397639467,0.044228274877553986,-0.7987728107415748,0.7999963396657763
1,1,map_001_robot_1__control_points_20260806_125606,12.5,5.87835773281509,6.564108553104267,0.04865326831132677,-0.7985115998761287,0.7999924472481654
1,1,map_001_robot_1__control_points_20260806_125606,12.600000000000001,5.883452896883517,6.484271656419444,0.05364283272360737,-0.7981865717353571,0.7999870978967444
1,1,map_001_robot_1__control_points_20260806_125606,12.700000000000001,5.889086299359811,6.4044712387571945,0.05942793483947639,-0.7977778605587389,0.799988246311759
1,1,map_001_robot_1__control_points_20260806_125606,12.8,5.895338483851412,6.324716084307697,0.06766138783759246,-0.7971160867025375,0.7999825742377621
1,1,map_001_robot_1__control_points_20260806_125606,12.9,5.90261857692733,6.245048021416688,0.07745371915959609,-0.7962184463850193,0.7999768077734676
1,1,map_001_robot_1__control_points_20260806_125606,13.0,5.910829227683331,6.165472395030694,0.08714794607051601,-0.7951962396325527,0.7999573888839715
1,1,map_001_robot_1__control_points_20260806_125606,13.100000000000001,5.9200481661414335,6.086008773490176,0.0978002764543433,-0.7939474809608882,0.7999484337122524
1,1,map_001_robot_1__control_points_20260806_125606,13.200000000000001,5.9303892829741995,6.006682898838515,0.11020490781753978,-0.7923285381955871,0.7999560201324999
1,1,map_001_robot_1__control_points_20260806_125606,13.3,5.942089147704941,5.92754306585106,0.12615374198879792,-0.7899298029193424,0.7999399103420003
1,1,map_001_robot_1__control_points_20260806_125606,13.4,5.955620031371959,5.848696938254648,0.1435964448799787,-0.7869222568883387,0.7999166065087069
1,1,map_001_robot_1__control_points_20260806_125606,13.5,5.970808436680937,5.7701586144733925,0.16110530829422132,-0.7834690345659112,0.799861643338532
1,1,map_001_robot_1__control_points_20260806_125606,13.600000000000001,5.987841093030803,5.692003131341464,0.18053123919525405,-0.7791914981824775,0.7998318067976716
1,1,map_001_robot_1__control_points_20260806_125606,13.700000000000001,6.0069146845199874,5.614320314836896,0.20185647717375588,-0.7739561653231242,0.799846349756423
1,1,map_001_robot_1__control_points_20260806_125606,13.8,6.028212388465554,5.53721189827684,0.22549606322460036,-0.7674284593455383,0.799871811444346
1,1,map_001_robot_1__control_points_20260806_125606,13.9,6.052013897164907,5.460834622967789,0.25076770153212635,-0.7595440519314138,0.7998697437433772
1,1,map_001_robot_1__control_points_20260806_125606,14.0,6.078365928771979,5.3853030878905574,0.27512881665489886,-0.7510332221982772,0.7998417134655155
1,1,map_001_robot_1__control_points_20260806_125606,14.100000000000001,6.107039660495888,5.3106279785281325,0.29842970295117155,-0.7420324644444349,0.7997952649853625
1,1,map_001_robot_1__control_points_20260806_125606,14.200000000000001,6.138051869362213,5.23689659500167,0.32183588844215905,-0.7321590057756104,0.7997719355089201
1,1,map_001_robot_1__control_points_20260806_125606,14.3,6.1714068381843195,5.164196177373011,0.34522140123654665,-0.7214209981479591,0.7997662611291642
1,1,map_001_robot_1__control_points_20260806_125606,14.4,6.207096149609522,5.092612395372079,0.36845985063355613,-0.7098416199518631,0.7997735848005908
1,1,map_001_robot_1__control_points_20260806_125606,14.5,6.24509880831103,5.022227853382639,0.3914276743630509,-0.697458600498841,0.7997900497424737
1,1,map_001_robot_1__control_points_20260806_125606,14.600000000000001,6.285381684482132,4.95312067527231,0.4140072264884118,-0.6843231263032372,0.7998125560267627
1,1,map_001_robot_1__control_points_20260806_125606,14.700000000000001,6.327900253608713,4.885363228121991,0.43608953679200724,-0.6704982067660339,0.7998386895968053
1,1,map_001_robot_1__control_points_20260806_125606,14.8,6.372599591840533,4.819021033919104,0.4575766045694145,-0.6560566154936076,0.7998666337472776
1,1,map_001_robot_1__control_points_20260806_125606,14.9,6.419415574522596,4.75415190502327,0.47860222406995234,-0.6409034426609033,0.7998858116627039
1,1,map_001_robot_1__control_points_20260806_125606,15.0,6.468320036654523,4.690840345386924,0.4991777653127656,-0.6250168087263646,0.7998902753335206
1,1,map_001_robot_1__control_points_20260806_125606,15.100000000000001,6.519251127585148,4.629148543277996,0.5186403004647886,-0.6089591545865112,0.7998868752648243
1,1,map_001_robot_1__control_points_20260806_125606,15.200000000000001,6.572048096747482,4.569048514469621,0.5368760004661013,-0.5929259187294633,0.7998731055471583
1,1,map_001_robot_1__control_points_20260806_125606,15.3,6.626626327678369,4.510563359532103,0.5542530196314814,-0.5767032845949984,0.7998644186568591
1,1,map_001_robot_1__control_points_20260806_125606,15.4,6.682898700673778,4.453707857550622,0.5707524805037636,-0.560372498229583,0.7998598194516731
1,1,map_001_robot_1__control_points_20260806_125606,15.5,6.740776823779121,4.3984888598861875,0.5863672141539453,-0.5440102117245083,0.7998585001706259
1,1,map_001_robot_1__control_points_20260806_125606,15.600000000000001,6.800172143504567,4.34490581520572,0.6011004695711009,-0.5276873471975669,0.7998598070355851
1,1,map_001_robot_1__control_points_20260806_125606,15.700000000000001,6.860996917693342,4.292951390446674,0.6149644926764211,-0.511468307007533,0.7998632110091825
1,1,map_001_robot_1__control_points_20260806_125606,15.8,6.92316504203985,4.242612153804213,0.627979059083593,-0.4954105074251274,0.7998682826032902
1,1,map_001_robot_1__control_points_20260806_125606,15.9,6.986592729510059,4.193869288961649,0.6401700302845086,-0.479564198914062,0.799874670529424
1,1,map_001_robot_1__control_points_20260806_125606,16.0,7.051199048096751,4.146699314021401,0.651567986888999,-0.463972527905149,0.7998820839281732
1,1,map_001_robot_1__control_points_20260806_125606,16.1,7.11690632688786,4.101074783380619,0.662206976674419,-0.4486717917364089,0.7998902778858072
1,1,map_001_robot_1__control_points_20260806_125606,16.2,7.183640443431634,4.056964955674119,0.6721234007675037,-0.4336918392352018,0.7998990419287215
1,1,map_001_robot_1__control_points_20260806_125606,16.3,7.251331007041362,4.014336415533578,0.6813550490437663,-0.41905657308918265,0.7999081911736388
1,1,map_001_robot_1__control_points_20260806_125606,16.400000000000002,7.3199114532403895,3.9731536410562813,0.6899373734263108,-0.4047897716910285,0.7999177073399936
1,1,map_001_robot_1__control_points_20260806_125606,16.5,7.389318481726622,3.933378461195373,0.6978680837078315,-0.3909818016763573,0.799929141549507
1,1,map_001_robot_1__control_points_20260806_125606,16.6,7.459485069981956,3.89495728072101,0.7050531091244494,-0.3779017067835717,0.799943489676608
1,1,map_001_robot_1__control_points_20260806_125606,16.7,7.530329103551511,3.857798119838658,0.7113863038585322,-0.36587173025353437,0.7999578715883849
1,1,map_001_robot_1__control_points_20260806_125606,16.8,7.601762330753661,3.821782934670303,0.7168683870784989,-0.3550376460314908,0.7999700084953877
1,1,map_001_robot_1__control_points_20260806_125606,16.900000000000002,7.673702780967214,3.786790590632359,0.7215608527496755,-0.34542382899183366,0.7999798034051975
1,1,map_001_robot_1__control_points_20260806_125606,17.0,7.746074501303596,3.7526981688719374,0.7255224513120524,-0.33704123256072194,0.7999872622760316
1,1,map_001_robot_1__control_points_20260806_125606,17.1,7.818807271229625,3.719382344120215,0.7288632026421311,-0.32976434121192355,0.7999913055156775
1,1,map_001_robot_1__control_points_20260806_125606,17.2,7.891847141832022,3.6867453006295525,0.7315252637770087,-0.32382417171116273,0.799994566061822
1,1,map_001_robot_1__control_points_20260806_125606,17.3,7.965112323985026,3.654617509777983,0.7334844238991991,-0.3193656757438106,0.7999961468319962
1,1,map_001_robot_1__control_points_20260806_125606,17.400000000000002,8.038544026611865,3.622872165480789,0.7348658430398558,-0.31617849667753717,0.7999979056397244
1,1,map_001_robot_1__control_points_20260806_125606,17.5,8.112085492592996,3.591381810442475,0.735685538740178,-0.31427007307197385,0.7999993067122556
1,1,map_001_robot_1__control_points_20260806_125606,17.6,8.1856811343599,3.5600181508663944,0.7359507742994253,-0.3136500030685312,0.799999916635504
1,1,map_001_robot_1__control_points_20260806_125606,17.7,8.25927564745288,3.5286518098287694,0.735659817354211,-0.3143305173334845,0.7999994006227549
1,1,map_001_robot_1__control_points_20260806_125606,17.8,8.332813097830742,3.4971520473996978,0.7348016480884567,-0.3163266673409204,0.799997514061466
1,1,map_001_robot_1__control_points_20260806_125606,17.900000000000002,8.406235977070573,3.465386476360584,0.7333556074372609,-0.319656215850614,0.7999940895354217
1,1,map_001_robot_1__control_points_20260806_125606,18.0,8.479484219318193,3.4332208042295753,0.7312909901080502,-0.32433920499380875,0.7999890199929173
1,1,map_001_robot_1__control_points_20260806_125606,18.1,8.552494175092182,3.4005186353618226,0.7285666037470548,-0.3303971655457829,0.7999822392379756
1,1,map_001_robot_1__control_points_20260806_125606,18.2,8.625197540067605,3.367141371120419,0.7251303352644456,-0.33785192010023124,0.7999737014653296
1,1,map_001_robot_1__control_points_20260806_125606,18.3,8.697520242145071,3.3329482513417763,0.7209187892343323,-0.3467239248409797,0.799963362116184
1,1,map_001_robot_1__control_points_20260806_125606,18.400000000000002,8.769381297914473,3.297796586152222,0.7158570920858551,-0.3570300920556697,0.7999511628361424
1,1,map_001_robot_1__control_points_20260806_125606,18.5,8.840691660562241,3.261542232930643,0.7098589894136751,-0.36878104202875406,0.7999370236532484
1,1,map_001_robot_1__control_points_20260806_125606,18.6,8.911353095797207,3.2240403777464715,0.7028274007227395,-0.3819777530788375,0.7999208454927523
1,1,map_001_robot_1__control_points_20260806_125606,18.7,8.98125714070679,3.1851466823148757,0.6946556327174989,-0.3966076176618927,0.7999025255952069
1,1,map_001_robot_1__control_points_20260806_125606,18.8,9.050284222340707,3.1447188542140925,0.6852294822733143,-0.4126399761416497,0.7998819870998068
1,1,map_001_robot_1__control_points_20260806_125606,18.900000000000002,9.118303037161454,3.1026186870865446,0.6744304731394521,-0.4300212921873161,0.7998592218844228
1,1,map_001_robot_1__control_points_20260806_125606,19.0,9.185170316968597,3.05871459577663,0.6621404518917657,-0.44867025525599225,0.7998343428378835
1,1,map_001_robot_1__control_points_20260806_125606,19.1,9.250731127539806,3.0128846360353463,0.6482477014135455,-0.468473239751944,0.7998076385929479
1,1,map_001_robot_1__control_points_20260806_125606,19.200000000000003,9.314819857251306,2.96501994782624,0.632654597144402,-0.48928070012514624,0.7997796213976065
1,1,map_001_robot_1__control_points_20260806_125606,19.3,9.377262046968687,2.9150284960103177,0.6152866214477228,-0.5109052059209684,0.7997510587487212
1,1,map_001_robot_1__control_points_20260806_125606,19.400000000000002,9.43787718154085,2.8628389066420468,0.596102268180843,-0.5331218770888526,0.7997229832642596
1,1,map_001_robot_1__control_points_20260806_125606,19.5,9.496482500604856,2.808404120592548,0.5751030403387745,-0.5556719170198434,0.7996966839817518
1,1,map_001_robot_1__control_points_20260806_125606,19.6,9.552897789608604,2.7517045232380783,0.5523424263224541,-0.5782697144493572,0.7996736950563753
1,1,map_001_robot_1__control_points_20260806_125606,19.700000000000003,9.606950985869348,2.6927501777026746,0.527932521021846,-0.6006135776933714,0.7996558112476351
1,1,map_001_robot_1__control_points_20260806_125606,19.8,9.658484293812974,2.631581807699405,0.5020469346487175,-0.6223996058445653,0.799645167524724
1,1,map_001_robot_1__control_points_20260806_125606,19.900000000000002,9.70736037279909,2.568270256533762,0.4749188842678791,-0.6433375821665734,0.7996444155136581
1,1,map_001_robot_1__control_points_20260806_125606,20.0,9.753468070666548,2.502914291266091,0.4468339118020097,-0.6631672377871887,0.7996570077292988
1,1,map_001_robot_1__control_points_20260806_125606,20.1,9.796727155159491,2.4356368089763243,0.4181174519146751,-0.6816729386597444,0.799687563299963
1,1,map_001_robot_1__control_points_20260806_125606,20.200000000000003,9.837091561049483,2.36657970353414,0.3891183281077417,-0.6986949170432837,0.7997422462090428
1,1,map_001_robot_1__control_points_20260806_125606,20.3,9.874550820781039,2.295897825567668,0.35943558307408807,-0.7144745733666404,0.7997923820387717
1,1,map_001_robot_1__control_points_20260806_125606,20.400000000000002,9.908978677664301,2.2236847888608127,0.32853296946213817,-0.7292047481932347,0.7997958969707015
1,1,map_001_robot_1__control_points_20260806_125606,20.5,9.940257414673466,2.150056875929022,0.298624336679417,-0.7419332831536511,0.7997759005548852
1,1,map_001_robot_1__control_points_20260806_125606,20.6,9.968703545000183,2.075298132230083,0.2708677492867295,-0.752452176179677,0.7997209607364247
1,1,map_001_robot_1__control_points_20260806_125606,20.700000000000003,9.994430964530812,1.9995664406930842,0.24435870098879064,-0.7614616472692735,0.7997093315767702
1,1,map_001_robot_1__control_points_20260806_125606,20.8,10.017575285197942,1.9230058027762287,0.21928323504178593,-0.7691133357332038,0.7997627525541853
1,1,map_001_robot_1__control_points_20260806_125606,20.900000000000002,10.03828761153917,1.8457437735464437,0.19405020017317298,-0.7759405081290733,0.7998369535992027
1,1,map_001_robot_1__control_points_20260806_125606,21.0,10.056385325232577,1.7678177011504144,0.16720948135976954,-0.7821723611918703,0.7998453683488257
1,1,map_001_robot_1__control_points_20260806_125606,21.1,10.071729507811122,1.68930930130807,0.1434093362936366,-0.7868713001267977,0.7998329079872986
1,1,map_001_robot_1__control_points_20260806_125606,21.200000000000003,10.085067192491305,1.6104434411250526,0.12608231773819512,-0.7899079661659982,0.7999070857660526
1,1,map_001_robot_1__control_points_20260806_125606,21.282741168819673,10.094999999999999,1.545,0.1200467391310582,-0.7909417048202853,0.8000000000000123
1,1,map_001_robot_1__control_points_20260806_125616,0.0,0.9600000000000003,11.115000000000002,-0.19724325041555524,-0.7753032311073582,0.8000000000000019
1,1,map_001_robot_1__control_points_20260806_125616,0.1,0.9402756749584448,11.037469676889266,-0.19724325041555613,-0.7753032311073582,0.8000000000000022
1,1,map_001_robot_1__control_points_20260806_125616,0.2,0.9205513499168891,10.95993935377853,-0.1955174007134044,-0.7757319459966894,0.7999919412228704
1,1,map_001_robot_1__control_points_20260806_125616,0.30000000000000004,0.901172194815764,10.88232328768993,-0.19113604127568795,-0.7768203107738003,0.7999892383683953
1,1,map_001_robot_1__control_points_20260806_125616,0.4,0.8823241416617515,10.804575291623772,-0.1884805315401259,-0.7774799606615872,0.7999999999999947
1,1,map_001_robot_1__control_points_20260806_125616,0.5,0.8634760885077389,10.726827295557612,-0.18404427248114974,-0.7785264167942927,0.7999847972803461
1,1,map_001_robot_1__control_points_20260806_125616,0.6000000000000001,0.8455152871655215,10.648870008264913,-0.17922913489998038,-0.7796622454699147,0.7999976873767729
1,1,map_001_robot_1__control_points_20260806_125616,0.7000000000000001,0.8276302615277429,10.57089484646363,-0.1757767960115153,-0.7804346211428239,0.7999847997896066
1,1,map_001_robot_1__control_points_20260806_125616,0.8,0.8103599279632183,10.492783084036347,-0.17046978914708744,-0.7816139766143237,0.799987723312495
1,1,map_001_robot_1__control_points_20260806_125616,0.9,0.7935363036983254,10.414572051140766,-0.1660994272622518,-0.782553252462229,0.7999866328108621
1,1,map_001_robot_1__control_points_20260806_125616,1.0,0.7771400425107681,10.336272433543902,-0.1602326978962858,-0.7837693202414826,0.7999805402801483
1,1,map_001_robot_1__control_points_20260806_125616,1.1,0.7614897641190682,10.257818187092468,-0.15472398168737644,-0.784882016567181,0.79998705642014
1,1,map_001_robot_1__control_points_20260806_125616,1.2000000000000002,0.7461952461732927,10.179296030230466,-0.1482180285221788,-0.7861239251482246,0.7999746306411553
1,1,map_001_robot_1__control_points_20260806_125616,1.3,0.7318461584146323,10.100593402062822,-0.14129436554270924,-0.7874059447208239,0.7999826370089603
1,1,map_001_robot_1__control_points_20260806_125616,1.4000000000000001,0.7179363730647509,10.021814841286304,-0.13405578838253707,-0.7886571193953245,0.79996937839632
1,1,map_001_robot_1__control_points_20260806_125616,1.5,0.7050350007381248,9.942861978183755,-0.12536901761509478,-0.7900860202510387,0.7999708182014509
1,1,map_001_robot_1__control_points_20260806_125616,1.6,0.6928625695417321,9.863797637236098,-0.11728786065643204,-0.7913218813190426,0.7999667256278048
1,1,map_001_robot_1__control_points_20260806_125616,1.7000000000000002,0.6815774286068383,9.784597601919947,-0.1063989690927265,-0.7928447348063727,0.7999521949055347
1,1,map_001_robot_1__control_points_20260806_125616,1.8,0.6715827757231867,9.705228690274822,-0.0964799862537773,-0.7941215047855934,0.7999608441108004
1,1,map_001_robot_1__control_points_20260806_125616,1.9000000000000001,0.662281431356083,9.62577330096283,-0.08370093137659751,-0.7955439308514016,0.7999349922511263
1,1,map_001_robot_1__control_points_20260806_125616,2.0,0.654842589447867,9.54611990410454,-0.06790778919554263,-0.7970451926705522,0.7999328140491949
1,1,map_001_robot_1__control_points_20260806_125616,2.1,0.6486998735169746,9.466364262428721,-0.05451520906477292,-0.7980428539844056,0.7999026845904139
1,1,map_001_robot_1__control_points_20260806_125616,2.2,0.6439395476349125,9.38651133330766,-0.036517085739217414,-0.7990624909851363,0.7998964695823181
1,1,map_001_robot_1__control_points_20260806_125616,2.3000000000000003,0.6413964563691311,9.306551764231694,-0.013203525213350886,-0.799758945093501,0.7998679286826852
1,1,map_001_robot_1__control_points_20260806_125616,2.4000000000000004,0.6412988425922422,9.226559544288959,0.0117162477185353,-0.7996906863639168,0.7997765089809743
1,1,map_001_robot_1__control_points_20260806_125616,2.5,0.6437397059128382,9.146613626958912,0.04007413681598271,-0.7986427597275139,0.7996475436757906
1,1,map_001_robot_1__control_points_20260806_125616,2.6,0.6493136699554387,9.066830992343455,0.07509475606219995,-0.795967587403986,0.7995021091815602
1,1,map_001_robot_1__control_points_20260806_125616,2.7,0.6587586571252783,8.987420109478116,0.1183057518463646,-0.7904891618781349,0.799293041360132
1,1,map_001_robot_1__control_points_20260806_125616,2.8000000000000003,0.6729748203247117,8.908733159967827,0.1713418515693914,-0.7804044985735601,0.7989926229278197
1,1,map_001_robot_1__control_points_20260806_125616,2.9000000000000004,0.6930270274391566,8.831339209763403,0.23567748497726404,-0.7630820862247916,0.798647699077878
1,1,map_001_robot_1__control_points_20260806_125616,3.0,0.7201103173201645,8.75611674272287,0.3222139407877682,-0.7292905073218563,0.7972994843267829
1,1,map_001_robot_1__control_points_20260806_125616,3.1,0.75746981559671,8.68548110829903,0.42273128379279123,-0.6754417051477333,0.7968207046443879
1,1,map_001_robot_1__control_points_20260806_125616,3.2,0.8046565740787228,8.621028401693323,0.5343092656887709,-0.5874997215629207,0.7941299101767815
1,1,map_001_robot_1__control_points_20260806_125616,3.3000000000000003,0.8643316687344642,8.567981163986445,0.6442653101190086,-0.46360029112631906,0.7937272955840375
1,1,map_001_robot_1__control_points_20260806_125616,3.4000000000000004,0.9335096361025246,8.52830834346806,0.7242906848732602,-0.3255339062014073,0.7940839503987742
1,1,map_001_robot_1__control_points_20260806_125616,3.5,1.0091898057091162,8.502874382746166,0.7737107693077894,-0.18542025972630682,0.795618644364134
1,1,map_001_robot_1__control_points_20260806_125616,3.6,1.0882517899640822,8.491224291522798,0.7948500380456993,-0.06540220574120781,0.7975362258211629
1,1,map_001_robot_1__control_points_20260806_125616,3.7,1.1681598133182562,8.489793941597924,0.7979076864944554,0.026815222458886012,0.7983581479025901
1,1,map_001_robot_1__control_points_20260806_125616,3.8000000000000003,1.2478333272629736,8.496587336014576,0.7933376256375757,0.0965362646764305,0.7991894885757345
1,1,map_001_robot_1__control_points_20260806_125616,3.9000000000000004,1.3268273384457716,8.50910119453321,0.7849387697290959,0.1513519883839365,0.7993974584720657
1,1,map_001_robot_1__control_points_20260806_125616,4.0,1.4048210812087927,8.526857733691365,0.775644374535502,0.19466730286156064,0.7996996652193651
1,1,map_001_robot_1__control_points_20260806_125616,4.1000000000000005,1.4819562133528723,8.548034655105521,0.7673193389283677,0.22553210367047427,0.7997772800470745
1,1,map_001_robot_1__control_points_20260806_125616,4.2,1.5582849489944663,8.57196415442546,0.7596384780669441,0.25040880877931215,0.7998469784115817
1,1,map_001_robot_1__control_points_20260806_125616,4.3,1.6338839089662607,8.598116416861384,0.752778640606258,0.2704901445634533,0.7999003688328713
1,1,map_001_robot_1__control_points_20260806_125616,4.4,1.708840677115718,8.626062183338151,0.7468042424967543,0.28667537520416175,0.7999370896261767
1,1,map_001_robot_1__control_points_20260806_125616,4.5,1.7832447574656116,8.655451491902216,0.7417099949657384,0.2996721427584461,0.7999606926452788
1,1,map_001_robot_1__control_points_20260806_125616,4.6000000000000005,1.857182676108866,8.685996611889841,0.7374541175427556,0.3100353605053101,0.7999753122718363
1,1,map_001_robot_1__control_points_20260806_125616,4.7,1.9307355809741629,8.717458564003278,0.7339781601809694,0.3181996798903697,0.7999843597877239
1,1,map_001_robot_1__control_points_20260806_125616,4.800000000000001,2.0039783081450597,8.749636547867915,0.7312185041741763,0.32450547331495017,0.7999901893511443
1,1,map_001_robot_1__control_points_20260806_125616,4.9,2.0769792818089985,8.782359658666268,0.7291127889604905,0.3292191392716788,0.7999941879092184
1,1,map_001_robot_1__control_points_20260806_125616,5.0,2.1498008659371575,8.81548037572225,0.7276032971035047,0.332548751063662,0.7999970186131273
1,1,map_001_robot_1__control_points_20260806_125616,5.1000000000000005,2.2224999412296995,8.848869408879,0.7266385496826366,0.3346560127204583,0.7999988929585098
1,1,map_001_robot_1__control_points_20260806_125616,5.2,2.295128575873685,8.882411578266343,0.7261738741314954,0.33566533500332696,0.7999998203712553
1,1,map_001_robot_1__control_points_20260806_125616,5.300000000000001,2.3677347160559985,8.916002475879665,0.7261714023527315,0.33567067962315633,0.7999998192209823
1,1,map_001_robot_1__control_points_20260806_125616,5.4,2.440362856344231,8.949545714190974,0.7265997693518003,0.33474067176420874,0.799999088846508
1,1,map_001_robot_1__control_points_20260806_125616,5.5,2.513054669926358,8.982950610232507,0.7274336670513684,0.3329223585321657,0.7999981479793693
1,1,map_001_robot_1__control_points_20260806_125616,5.6000000000000005,2.585849589754505,9.016130185897406,0.7286824792924431,0.33017862021242905,0.7999975480419708
1,1,map_001_robot_1__control_points_20260806_125616,5.7,2.6587911657848466,9.048986334274993,0.7304640294592311,0.3262136151423647,0.7999956381369009
1,1,map_001_robot_1__control_points_20260806_125616,5.800000000000001,2.731942395646351,9.081372908925879,0.7326448757917206,0.3212788864787015,0.7999928980440139
1,1,map_001_robot_1__control_points_20260806_125616,5.9,2.805320140943191,9.113242111570734,0.7350790574120971,0.31565506995688253,0.7999870897929175
1,1,map_001_robot_1__control_points_20260806_125616,6.0,2.8789582071287696,9.144503922917256,0.7378476702217451,0.3091097897484474,0.7999800288569625
1,1,map_001_robot_1__control_points_20260806_125616,6.1000000000000005,2.95288967498754,9.175064069520424,0.7409442099164405,0.30159253204589476,0.7999727355320007
1,1,map_001_robot_1__control_points_20260806_125616,6.2,3.0271470491120582,9.204822429326436,0.7443630556062537,0.2930363718618736,0.7999666704216176
1,1,map_001_robot_1__control_points_20260806_125616,6.300000000000001,3.101762286108791,9.2336713438928,0.7480981049797197,0.2833568554181767,0.7999636755420368
1,1,map_001_robot_1__control_points_20260806_125616,6.4,3.176766670108002,9.26149380041007,0.7521410172223693,0.27245054554494885,0.7999658802449269
1,1,map_001_robot_1__control_points_20260806_125616,6.5,3.252190489553264,9.28816145300179,0.7566773932077524,0.25957415306781684,0.799962135561774
1,1,map_001_robot_1__control_points_20260806_125616,6.6000000000000005,3.3281021487495526,9.313408631023634,0.7615699129585636,0.2448187688295107,0.7999530998095522
1,1,map_001_robot_1__control_points_20260806_125616,6.7,3.404504472144977,9.337125206767691,0.7664764375802555,0.22891584251512143,0.7999303671696226
1,1,map_001_robot_1__control_points_20260806_125616,6.800000000000001,3.481397436265604,9.359191799526657,0.7714426446156608,0.21145689702821358,0.7998986018442621
1,1,map_001_robot_1__control_points_20260806_125616,6.9,3.5587930010681093,9.379416586173333,0.7764852203499899,0.19196948645836898,0.7998634765715098
1,1,map_001_robot_1__control_points_20260806_125616,7.0,3.6366944803356014,9.397585696818332,0.7815010548222574,0.17022238984177562,0.7998247062273998
1,1,map_001_robot_1__control_points_20260806_125616,7.1000000000000005,3.715093212032561,9.41346106414169,0.7863489110789246,0.14596531770443022,0.7997815226220005
1,1,map_001_robot_1__control_points_20260806_125616,7.2,3.7939642625513867,9.426778760359218,0.7908391759832583,0.1189359009460631,0.7997326745880342
1,1,map_001_robot_1__control_points_20260806_125616,7.300000000000001,3.873261047229213,9.4372482443309,0.7947228719768447,0.08887173162803919,0.7996765770770646
1,1,map_001_robot_1__control_points_20260806_125616,7.4,3.952908836946756,9.444553106684825,0.7976812235189925,0.05552915634925171,0.7996116692242657
1,1,map_001_robot_1__control_points_20260806_125616,7.5,4.032797291933011,9.44835407560075,0.7993180597394698,0.018710398230211922,0.799537015795769
1,1,map_001_robot_1__control_points_20260806_125616,7.6000000000000005,4.11277244889465,9.448295186330869,0.7991585507215824,-0.021700152253067984,0.7994531166986756
1,1,map_001_robot_1__control_points_20260806_125616,7.7,4.192629002077327,9.444014045150137,0.7966589464269269,-0.06569134005093957,0.7993627643815725
1,1,map_001_robot_1__control_points_20260806_125616,7.800000000000001,4.272104238180035,9.435156918320681,0.7912325312479993,-0.11307613543912254,0.7992716252382309
1,1,map_001_robot_1__control_points_20260806_125616,7.9,4.3508755083269275,9.421398818062313,0.7822960189364885,-0.16344582798487295,0.7991880879552318
1,1,map_001_robot_1__control_points_20260806_125616,8.0,4.4285634419673325,9.402467752723707,0.7693373720354302,-0.2161387789451581,0.7991219955515465
1,1,map_001_robot_1__control_points_20260806_125616,8.1,4.504742982734013,9.378171062273282,0.752155317563453,-0.26986966111405053,0.7991040331075743
1,1,map_001_robot_1__control_points_20260806_125616,8.200000000000001,4.578994505480024,9.348493820500897,0.7313985156316924,-0.3220989066532596,0.7991817655173749
1,1,map_001_robot_1__control_points_20260806_125616,8.3,4.651022685860352,9.31375128094263,0.7082743158321989,-0.37045067005185217,0.7993035752512531
1,1,map_001_robot_1__control_points_20260806_125616,8.4,4.720649368646463,9.274403686490526,0.6837438943427365,-0.4141952855939124,0.7994144404870317
1,1,map_001_robot_1__control_points_20260806_125616,8.5,4.787771464728899,9.230912223823848,0.6584668516988188,-0.4534641952128169,0.7995050788620182
1,1,map_001_robot_1__control_points_20260806_125616,8.6,4.852342738986226,9.183710847447964,0.6329409961357868,-0.4885759276876769,0.7995753508614658
1,1,map_001_robot_1__control_points_20260806_125616,8.700000000000001,4.9143596639560565,9.133197038286312,0.6075294864004128,-0.5199155308405565,0.7996275608401495
1,1,map_001_robot_1__control_points_20260806_125616,8.8,4.973848636266309,9.079727741279852,0.582478004604301,-0.5478904296306126,0.7996652729290084
1,1,map_001_robot_1__control_points_20260806_125616,8.9,5.030855264876917,9.02361895236019,0.5579362112958464,-0.5729005893603301,0.7996923790837179
1,1,map_001_robot_1__control_points_20260806_125616,9.0,5.085435878525478,8.965147623407786,0.5339790387789058,-0.5953204630882425,0.799712490603244
1,1,map_001_robot_1__control_points_20260806_125616,9.1,5.137651072632697,8.904554859742541,0.5106254341580865,-0.6154896665627163,0.7997286187542734
1,1,map_001_robot_1__control_points_20260806_125616,9.200000000000001,5.187560965357095,8.84204969009524,0.4878536082117435,-0.6337095795475562,0.7997430676508286
1,1,map_001_robot_1__control_points_20260806_125616,9.3,5.235221794275046,8.77781294383303,0.4656127116240718,-0.650243644200998,0.7997574595148926
1,1,map_001_robot_1__control_points_20260806_125616,9.4,5.280683507681909,8.712000961255042,0.4438312932651982,-0.6653197417820209,0.7997728275493944
1,1,map_001_robot_1__control_points_20260806_125616,9.5,5.323988052928085,8.644748995476625,0.42242305146283243,-0.6791335507326934,0.7997897312031248
1,1,map_001_robot_1__control_points_20260806_125616,9.600000000000001,5.365168117974476,8.576174251108503,0.4012903899628668,-0.6918521843431762,0.799808365833325
1,1,map_001_robot_1__control_points_20260806_125616,9.700000000000001,5.404246130920658,8.50637855860799,0.3803262160643115,-0.70361768095934,0.7998286513900317
1,1,map_001_robot_1__control_points_20260806_125616,9.8,5.441233361187338,8.435450714916636,0.35941431636775434,-0.7145500962479474,0.7998502927786244
1,1,map_001_robot_1__control_points_20260806_125616,9.9,5.476128994194209,8.3634685393584,0.3384285399139344,-0.7247500492070671,0.799872808922721
1,1,map_001_robot_1__control_points_20260806_125616,10.0,5.508919069170125,8.290500705075223,0.3172314694955283,-0.7343004119274568,0.7998955558040843
1,1,map_001_robot_1__control_points_20260806_125616,10.100000000000001,5.539575288093316,8.216608456972908,0.29525241258369306,-0.7434186510204412,0.7999032927932875
1,1,map_001_robot_1__control_points_20260806_125616,10.200000000000001,5.567969551686865,8.141816974871134,0.2729707927786329,-0.7518910227267099,0.7999082220900178
1,1,map_001_robot_1__control_points_20260806_125616,10.3,5.594169446649042,8.066230252427568,0.25157742959801865,-0.7593129081836878,0.7999045540672434
1,1,map_001_robot_1__control_points_20260806_125616,10.4,5.618285037606468,7.989954393234396,0.23111183901826848,-0.7657859842587698,0.7999005287044002
1,1,map_001_robot_1__control_points_20260806_125616,10.5,5.640391814452696,7.913073055575813,0.21147313572009097,-0.7714419743578134,0.7999022483606164
1,1,map_001_robot_1__control_points_20260806_125616,10.600000000000001,5.660579664750487,7.835665998362833,0.1927962226797355,-0.7763261454489268,0.7999079119418449
1,1,map_001_robot_1__control_points_20260806_125616,10.700000000000001,5.678951058988643,7.757807826486027,0.17519778404043862,-0.7804944332404844,0.7999161355117579
1,1,map_001_robot_1__control_points_20260806_125616,10.8,5.695619221558575,7.679567111714737,0.15877646566172743,-0.7840098327473726,0.7999258614975471
1,1,map_001_robot_1__control_points_20260806_125616,10.9,5.710706352120988,7.601005859936553,0.1436137591246478,-0.786939104844528,0.7999362890527091
1,1,map_001_robot_1__control_points_20260806_125616,11.0,5.724341973383504,7.522179290745831,0.12977553424734722,-0.789349872194812,0.7999468169966991
1,1,map_001_robot_1__control_points_20260806_125616,11.100000000000001,5.736661458970458,7.44313588549759,0.11731400251471413,-0.7913081719827773,0.7999569977397203
1,1,map_001_robot_1__control_points_20260806_125616,11.200000000000001,5.747804773886447,7.363917656349275,0.1062699132145859,-0.7928764768176464,0.7999665005144899
1,1,map_001_robot_1__control_points_20260806_125616,11.3,5.757915441613375,7.2845605901340615,0.0966748149653931,-0.7941121535993219,0.7999750823261597
1,1,map_001_robot_1__control_points_20260806_125616,11.4,5.767139736879526,7.20509522562941,0.08855325040710582,-0.7950663031785936,0.7999825651898539
1,1,map_001_robot_1__control_points_20260806_125616,11.5,5.775626091694796,7.125547329498343,0.08192478565912253,-0.7957829095066842,0.7999888184019929
1,1,map_001_robot_1__control_points_20260806_125616,11.600000000000001,5.78352469401135,7.045938643728074,0.07680580524823455,-0.7962982230025659,0.7999937447735913
1,1,map_001_robot_1__control_points_20260806_125616,11.700000000000001,5.790987252744443,6.966287684897829,0.07321102582353944,-0.7966403062953518,0.799997269943146
1,1,map_001_robot_1__control_points_20260806_125616,11.8,5.798166899176057,6.886610582469003,0.07115469765678029,-0.7968286789184873,0.7999993340907288
1,1,map_001_robot_1__control_points_20260806_125616,11.9,5.805218192275799,6.80692194911413,0.07065147212260925,-0.7968740091378379,0.799999885595306
1,1,map_001_robot_1__control_points_20260806_125616,12.0,5.812297193600579,6.727235780641437,0.07171691705989502,-0.7967778147398477,0.7999988764080753
1,1,map_001_robot_1__control_points_20260806_125616,12.100000000000001,5.819561575687778,6.647566386166161,0.07436766145496065,-0.7965321497411253,0.7999962591421901
1,1,map_001_robot_1__control_points_20260806_125616,12.200000000000001,5.8271707258915715,6.56792935069321,0.07862114779766216,-0.7961192705297648,0.7999919860785274
1,1,map_001_robot_1__control_points_20260806_125616,12.3,5.83528580524731,6.488342532060208,0.08449496647499188,-0.7955112931429724,0.7999860104261913
1,1,map_001_robot_1__control_points_20260806_125616,12.4,5.84406971918657,6.408827092064616,0.09200574366474612,-0.7946698735588846,0.7999782902113011
1,1,map_001_robot_1__control_points_20260806_125616,12.5,5.853686953980259,6.329408557348432,0.10116755466933114,-0.7935459652339318,0.7999687950519224
1,1,map_001_robot_1__control_points_20260806_125616,12.600000000000001,5.864303230120436,6.250117899017829,0.11198984114625787,-0.7920797324213567,0.7999575157673388
1,1,map_001_robot_1__control_points_20260806_125616,12.700000000000001,5.87608492220951,6.17099261086416,0.12447482622105355,-0.7902007230497503,0.7999444762426388
1,1,map_001_robot_1__control_points_20260806_125616,12.8,5.889198195364647,6.09207775440788,0.1386144490832848,-0.7878284289342652,0.7999297462475659
1,1,map_001_robot_1__control_points_20260806_125616,12.9,5.903807812026167,6.013426925077308,0.15438688305474102,-0.7848733800933054,0.7999134530925509
1,1,map_001_robot_1__control_points_20260806_125616,13.0,5.920075571975595,5.935103078389219,0.17175275976161686,-0.7812389284147088,0.7998957893102664
1,1,map_001_robot_1__control_points_20260806_125616,13.100000000000001,5.9381583639784905,5.857179139394365,0.19065129602780218,-0.776823866632899,0.7998770133261544
1,1,map_001_robot_1__control_points_20260806_125616,13.200000000000001,5.958205831181155,5.779738305062638,0.21099660468831516,-0.771525993337427,0.7998574407888575
1,1,map_001_robot_1__control_points_20260806_125616,13.3,5.980357684916153,5.70287394072688,0.23265866951788539,-0.7652519444865575,0.7998378554696507
1,1,map_001_robot_1__control_points_20260806_125616,13.4,6.004737565084732,5.626687916165327,0.2551811041861072,-0.7580272791279654,0.7998267011270549
1,1,map_001_robot_1__control_points_20260806_125616,13.5,6.031393905753374,5.551268484901287,0.27771621851544737,-0.7500667185210617,0.7998289693800001
1,1,map_001_robot_1__control_points_20260806_125616,13.600000000000001,6.060280808787821,5.476674572461113,0.29963483629799015,-0.7415909028396648,0.7998362971870385
1,1,map_001_robot_1__control_points_20260806_125616,13.700000000000001,6.091320873012972,5.402950304333354,0.3207876154214482,-0.7326964571192391,0.7998429798922185
1,1,map_001_robot_1__control_points_20260806_125616,13.8,6.124438331872111,5.330135281037266,0.3411974596420002,-0.7234241866476552,0.799848898413304
1,1,map_001_robot_1__control_points_20260806_125616,13.9,6.159560364941371,5.258265467003824,0.36089469777193983,-0.7138078650084019,0.7998541435960388
1,1,map_001_robot_1__control_points_20260806_125616,14.0,6.196617271426499,5.187373708035586,0.37991103473823173,-0.7038762245669581,0.7998588211844068
1,1,map_001_robot_1__control_points_20260806_125616,14.100000000000001,6.235542571889018,5.1174902220904315,0.3982788930774923,-0.6936532382839147,0.7998630455601721
1,1,map_001_robot_1__control_points_20260806_125616,14.200000000000001,6.276273050041998,5.048643060378802,0.41603086668759914,-0.683158422968063,0.7998669345016367
1,1,map_001_robot_1__control_points_20260806_125616,14.3,6.318748745226537,4.98085853749682,0.43319927413902093,-0.6724071486689098,0.7998706049703465
1,1,map_001_robot_1__control_points_20260806_125616,14.4,6.362912904869802,4.91416163064502,0.4498157984265525,-0.6614109426786463,0.7998741698599677
1,1,map_001_robot_1__control_points_20260806_125616,14.5,6.408711904911847,4.848576348961091,0.46591120027131083,-0.6501777798113011,0.7998777355937633
1,1,map_001_robot_1__control_points_20260806_125616,14.600000000000001,6.456095144924065,4.784126074682759,0.4815150927431091,-0.6387123532688967,0.7998814004323996
1,1,map_001_robot_1__control_points_20260806_125616,14.700000000000001,6.505014923460469,4.72083387830731,0.4966557658889599,-0.6270163225373864,0.7998852533451639
1,1,map_001_robot_1__control_points_20260806_125616,14.8,6.555426298101857,4.6587228101752824,0.5113600510934049,-0.61508853644402,0.7998893733005185
1,1,map_001_robot_1__control_points_20260806_125616,14.9,6.607286933679149,4.597816171018507,0.5256532159663081,-0.6029252308238959,0.7998938288421598
1,1,map_001_robot_1__control_points_20260806_125616,15.0,6.660556941295118,4.538137764010504,0.5395588815905441,-0.5905202012574868,0.7998986778313999
1,1,map_001_robot_1__control_points_20260806_125616,15.100000000000001,6.715198709997257,4.479712130767009,0.5530989549239465,-0.5778649521207129,0.7999039672532169
1,1,map_001_robot_1__control_points_20260806_125616,15.200000000000001,6.771176732279909,4.422564773586361,0.5662935700163771,-0.5649488237951807,0.7999097330008252
1,1,map_001_robot_1__control_points_20260806_125616,15.3,6.828457424000533,4.366722366007973,0.5791610324641852,-0.5517591003727951,0.7999159995706906
1,1,map_001_robot_1__control_points_20260806_125616,15.4,6.8870089387727464,4.312212953511803,0.5917177621843734,-0.5382811006024752,0.799922779617067
1,1,map_001_robot_1__control_points_20260806_125616,15.5,6.946800976437407,4.259066145887478,0.603978230156244,-0.5244982552091138,0.799930073331459
1,1,map_001_robot_1__control_points_20260806_125616,15.600000000000001,7.0078045848039965,4.207313302469979,0.6159548852681382,-0.5103921740986799,0.7999378676290194
1,1,map_001_robot_1__control_points_20260806_125616,15.700000000000001,7.069991953491035,4.156987711067742,0.6277805050984995,-0.4957797418987546,0.7999411947505409
1,1,map_001_robot_1__control_points_20260806_125616,15.8,7.133360685823697,4.1081573540902285,0.6394281804608326,-0.48066241909574714,0.799940472221794
1,1,map_001_robot_1__control_points_20260806_125616,15.9,7.197877589583201,4.0608552272485925,0.6506729154249413,-0.4653177694208175,0.7999349157314974
1,1,map_001_robot_1__control_points_20260806_125616,16.0,7.2634952689086845,4.015093800206065,0.6615521694512054,-0.44969975616286106,0.7999257112998264
1,1,map_001_robot_1__control_points_20260806_125616,16.1,7.330188023473443,3.9709152760160196,0.6721736341326192,-0.43364710799185957,0.7999170011274643
1,1,map_001_robot_1__control_points_20260806_125616,16.2,7.397929995735209,3.928364378607694,0.6824248551432817,-0.4173198260335873,0.7999121952552245
1,1,map_001_robot_1__control_points_20260806_125616,16.3,7.466672994502098,3.8874513108093027,0.6919534496275617,-0.4013322131332089,0.7999169467825281
1,1,map_001_robot_1__control_points_20260806_125616,16.400000000000002,7.5363206856607245,3.848097935981051,0.7004759114408188,-0.38628479685534955,0.7999265258699855
1,1,map_001_robot_1__control_points_20260806_125616,16.5,7.606768176790263,3.8101943514382333,0.7079747017674904,-0.37238587131273704,0.7999371322148467
1,1,map_001_robot_1__control_points_20260806_125616,16.6,7.677915626014222,3.7736207617185036,0.7145073189374429,-0.35971621978793067,0.799947790542415
1,1,map_001_robot_1__control_points_20260806_125616,16.7,7.749669640577751,3.738251107480647,0.7201371796640714,-0.3483322503481432,0.7999580702556383
1,1,map_001_robot_1__control_points_20260806_125616,16.8,7.821943061947038,3.7039543116488747,0.7249244242277371,-0.3382791942787584,0.7999676456731247
1,1,map_001_robot_1__control_points_20260806_125616,16.900000000000002,7.8946545254233005,3.6705952686248944,0.7289239099189544,-0.329593635555117,0.7999762690542609
1,1,map_001_robot_1__control_points_20260806_125616,17.0,7.967727843930828,3.638035584537852,0.7321836543422151,-0.32230590581567853,0.7999837502159561
1,1,map_001_robot_1__control_points_20260806_125616,17.1,8.041091256291743,3.6061340874617587,0.7347436327990025,-0.31644225341817744,0.799989940991166
1,1,map_001_robot_1__control_points_20260806_125616,17.2,8.114676570490628,3.5747471338542165,0.7366348340571207,-0.3120267264992478,0.7999947229802195
1,1,map_001_robot_1__control_points_20260806_125616,17.3,8.188418223103167,3.54372874216191,0.7378784866137309,-0.3090827312876989,0.7999979973647645
1,1,map_001_robot_1__control_points_20260806_125616,17.400000000000002,8.262252267813377,3.5129305875966756,0.7384853801745876,-0.3076342387311861,0.7999996759820105
1,1,map_001_robot_1__control_points_20260806_125616,17.5,8.336115299138083,3.4822018944156725,0.7384552226866106,-0.30770661594472415,0.7999996733807367
1,1,map_001_robot_1__control_points_20260806_125616,17.6,8.409943312350698,3.451389264407731,0.7377759910750115,-0.30932705554402773,0.7999979001836526
1,1,map_001_robot_1__control_points_20260806_125616,17.7,8.483670497353083,3.420336483306867,0.7364232539169535,-0.312524567196796,0.7999942587363853
1,1,map_001_robot_1__control_points_20260806_125616,17.8,8.557227963134089,3.3888843509683717,0.7343594673886074,-0.31732948348583534,0.7999886426897985
1,1,map_001_robot_1__control_points_20260806_125616,17.900000000000002,8.630542390830806,3.356870586609699,0.7315332731810216,-0.3237724185345705,0.7999809427571786
1,1,map_001_robot_1__control_points_20260806_125616,18.0,8.703534617770293,3.3241298672614583,0.7278788601451822,-0.33188260551434823,0.7999710612823705
1,1,map_001_robot_1__control_points_20260806_125616,18.1,8.776118162859843,3.2904940655068295,0.7233154914802,-0.34168553182336936,0.7999589382416213
1,1,map_001_robot_1__control_points_20260806_125616,18.2,8.848197716066332,3.2557927608967843,0.7177473468787454,-0.35319979342402164,0.7999445905975299
1,1,map_001_robot_1__control_points_20260806_125616,18.3,8.919667632235592,3.2198541068220248,0.7110638831697855,-0.36643310916234206,0.7999281651741457
1,1,map_001_robot_1__control_points_20260806_125616,18.400000000000002,8.990410492700292,3.1825061390643152,0.7031409738883525,-0.3813774799928016,0.7999100020666828
1,1,map_001_robot_1__control_points_20260806_125616,18.5,9.060295827013263,3.143578610823465,0.6938431399210501,-0.3980035557982866,0.799890700810793
1,1,map_001_robot_1__control_points_20260806_125616,18.6,9.129179120684501,3.102905427904658,0.6830272163546951,-0.41625439182234736,0.7998711752480119
1,1,map_001_robot_1__control_points_20260806_125616,18.7,9.1969012702842,3.0603277324589957,0.6705477948277405,-0.43603894123048015,0.7998526760708773
1,1,map_001_robot_1__control_points_20260806_125616,18.8,9.26328867965005,3.0156976396585624,0.6562647102218193,-0.45722583440765696,0.799836754301968
1,1,map_001_robot_1__control_points_20260806_125616,18.900000000000002,9.328154212328567,2.9688825655774633,0.6400526776058015,-0.47963821847898025,0.7998251375994919
1,1,map_001_robot_1__control_points_20260806_125616,19.0,9.391299215171209,2.919769995962767,0.6218129083009174,-0.5030506307622602,0.7998194984119561
1,1,map_001_robot_1__control_points_20260806_125616,19.1,9.45251679398875,2.8682724394250116,0.6010653556442946,-0.5276312174308124,0.7997963886910991
1,1,map_001_robot_1__control_points_20260806_125616,19.200000000000003,9.51151228630007,2.814243752476603,0.5781528659100417,-0.5526176684090096,0.7997793594472195
1,1,map_001_robot_1__control_points_20260806_125616,19.3,9.568147367170758,2.75774890574321,0.5536496661765042,-0.5771173894857071,0.7997452307479875
1,1,map_001_robot_1__control_points_20260806_125616,19.400000000000002,9.622242219535371,2.698820274579462,0.5273993675993509,-0.6011616322847377,0.7997158252000804
1,1,map_001_robot_1__control_points_20260806_125616,19.5,9.673627240690626,2.637516579286263,0.4995894035873505,-0.6244405961101549,0.7996972116039733
1,1,map_001_robot_1__control_points_20260806_125616,19.6,9.72216010025284,2.573932155357431,0.47052468992954743,-0.6466173860504849,0.7996921456260895
1,1,map_001_robot_1__control_points_20260806_125616,19.700000000000003,9.767732178676537,2.5081931020761643,0.4405662475298868,-0.6674031025458707,0.7997033948598815
1,1,map_001_robot_1__control_points_20260806_125616,19.8,9.810273349758816,2.4404515348482576,0.41011206619750595,-0.6865732987966755,0.7997342067595562
1,1,map_001_robot_1__control_points_20260806_125616,19.900000000000002,9.849754591916037,2.3708784423168296,0.37949312484047226,-0.70401761515682,0.7997848674814263
1,1,map_001_robot_1__control_points_20260806_125616,20.0,9.88617197472691,2.299648011816894,0.3476869925203516,-0.7202606079121221,0.7997884645815959
1,1,map_001_robot_1__control_points_20260806_125616,20.1,9.919291990420108,2.2268263207344057,0.31615569269372656,-0.7346533168063782,0.7997936720912856
1,1,map_001_robot_1__control_points_20260806_125616,20.200000000000003,9.949403113265657,2.1527173484556164,0.28664630713785044,-0.7466094586332428,0.7997448275021168
1,1,map_001_robot_1__control_points_20260806_125616,20.3,9.976621251847677,2.077504429007758,0.2584299366780698,-0.7568048173615569,0.7997121755688672
1,1,map_001_robot_1__control_points_20260806_125616,20.400000000000002,10.00108910060127,2.001356384983305,0.23173786349304493,-0.7654024984825014,0.7997145878746846
1,1,map_001_robot_1__control_points_20260806_125616,20.5,10.022968824546286,1.9244239293112582,0.2067287857290978,-0.7725929421610207,0.7997728709615309
1,1,map_001_robot_1__control_points_20260806_125616,20.6,10.04243485774709,1.8468377965511014,0.18181584890299973,-0.7789065829890163,0.7998452774980569
1,1,map_001_robot_1__control_points_20260806_125616,20.700000000000003,10.059331994326886,1.7686426127134527,0.1556239188391828,-0.7845697591203589,0.7998553063154876
1,1,map_001_robot_1__control_points_20260806_125616,20.8,10.073559641514926,1.6899238447270304,0.1325918913805495,-0.7887781574540469,0.7998447295172186
1,1,map_001_robot_1__control_points_20260806_125616,20.900000000000002,10.085850372602994,1.6108869812226438,0.11588109357901999,-0.7914755929153401,0.7999137716215159
1,1,map_001_robot_1__control_points_20260806_125616,20.983149056445125,10.094999999999999,1.545,0.11003886018890705,-0.7923960179407241,0.7999999999999939
1,1,map_001_robot_1__control_points_20260806_125630,0.0,0.9600000000000002,11.115000000000002,-0.2888287974442083,-0.746041504051167,0.7999999999999968
1,1,map_001_robot_1__control_points_20260806_125630,0.1,0.9311171202555794,11.040395849594885,-0.2888287974442072,-0.7460415040511705,0.7999999999999997
1,1,map_001_robot_1__control_points_20260806_125630,0.2,0.9022342405111586,10.965791699189769,-0.288828797444209,-0.7460415040511847,0.8000000000000136
1,1,map_001_robot_1__control_points_20260806_125630,0.30000000000000004,0.8733513607667378,10.89118754878465,-0.2832265478431948,-0.7481611957209253,0.7999765322718775
1,1,map_001_robot_1__control_points_20260806_125630,0.4,0.8455889309425196,10.816159460045585,-0.2774939537924199,-0.7503302050869607,0.7999989444100475
1,1,map_001_robot_1__control_points_20260806_125630,0.5,0.8178525700082538,10.741121507767259,-0.27651595669089346,-0.7506847085769977,0.799992878715812
1,1,map_001_robot_1__control_points_20260806_125630,0.6000000000000001,0.7902857396043409,10.666022518330184,-0.2701424492262001,-0.7529794031438755,0.799971827274459
1,1,map_001_robot_1__control_points_20260806_125630,0.7000000000000001,0.763824080163014,10.590525627138485,-0.26461659441326946,-0.7549689119169898,0.8000000000000002
1,1,map_001_robot_1__control_points_20260806_125630,0.8,0.737362420721687,10.515028735946785,-0.26132642029838404,-0.7560875230443642,0.7999748998870713
1,1,map_001_robot_1__control_points_20260806_125630,0.9,0.7115587961033372,10.439308122529612,-0.2542107285932915,-0.7585067542589954,0.7999722437612746
1,1,map_001_robot_1__control_points_20260806_125630,1.0,0.6865202750030287,10.363327385094987,-0.25038521100308486,-0.759807374346245,0.7999999999999964
1,1,map_001_robot_1__control_points_20260806_125630,1.1,0.6614817539027201,10.287346647660362,-0.2427209681162723,-0.7622444054918063,0.7999562500955022
1,1,map_001_robot_1__control_points_20260806_125630,1.2000000000000002,0.6379760813797741,10.210878503996625,-0.23474163486791655,-0.7647816272284018,0.7999966077969234
1,1,map_001_robot_1__control_points_20260806_125630,1.3,0.6145334269291367,10.13439032221468,-0.22883204164217963,-0.7665250408402429,0.7999529620654356
1,1,map_001_robot_1__control_points_20260806_125630,1.4000000000000001,0.5922096730513383,10.057573495828578,-0.2198428698074748,-0.7691653494529973,0.7999663881716143
1,1,map_001_robot_1__control_points_20260806_125630,1.5,0.5705648529676417,9.980557252324077,-0.2119428095033764,-0.7713648748203212,0.7999522014512831
1,1,map_001_robot_1__control_points_20260806_125630,1.6,0.5498211111506631,9.903300520864516,-0.20176735265973855,-0.774080593197418,0.7999442664112205
1,1,map_001_robot_1__control_points_20260806_125630,1.7000000000000002,0.530211382435694,9.825741133684593,-0.19127726840543513,-0.7767365645986644,0.799941675494645
1,1,map_001_robot_1__control_points_20260806_125630,1.8,0.511565657469576,9.747953207944782,-0.17970233250292544,-0.7794806609625198,0.7999268898602913
1,1,map_001_robot_1__control_points_20260806_125630,1.9000000000000001,0.4942709159351089,9.669845001492092,-0.16583172740535135,-0.782532075739212,0.7999103770891853
1,1,map_001_robot_1__control_points_20260806_125630,2.0,0.4783993119885057,9.591446792796937,-0.15260006036402363,-0.7852283808233551,0.7999189886942125
1,1,map_001_robot_1__control_points_20260806_125630,2.1,0.4637509038623042,9.512799325327423,-0.13431013088001942,-0.7885003694073305,0.7998575146940263
1,1,map_001_robot_1__control_points_20260806_125630,2.2,0.4515372858125018,9.43374671891547,-0.11560379148637612,-0.7914648751357731,0.7998630415138022
1,1,map_001_robot_1__control_points_20260806_125630,2.3000000000000003,0.44063014556502894,9.354506350300268,-0.09505141254243155,-0.7941446494407529,0.799812787633261
1,1,map_001_robot_1__control_points_20260806_125630,2.4000000000000004,0.4325270033040155,9.27491778902732,-0.06624954572898334,-0.7970116351993823,0.7997603071874034
1,1,map_001_robot_1__control_points_20260806_125630,2.5,0.4273802364192323,9.195104023260393,-0.03703833171621085,-0.7987460854832023,0.7996043691045336
1,1,map_001_robot_1__control_points_20260806_125630,2.6,0.42511933696077325,9.11516857193068,-0.0040641470387514644,-0.7994964485529508,0.7995067782951772
1,1,map_001_robot_1__control_points_20260806_125630,2.7,0.426567407011482,9.035204733549804,0.03830290730461261,-0.7985902953041233,0.7995083317026237
1,1,map_001_robot_1__control_points_20260806_125630,2.8000000000000003,0.43277991842169583,8.955450512869854,0.09298127982087667,-0.793949634915009,0.7993757196580368
1,1,map_001_robot_1__control_points_20260806_125630,2.9000000000000004,0.44516366297565735,8.876414806566801,0.1607721224152172,-0.7826552411874275,0.7989974354802672
1,1,map_001_robot_1__control_points_20260806_125630,3.0,0.46493434290473934,8.79891946463237,0.24394051165389952,-0.7598113452284636,0.7980101838722699
1,1,map_001_robot_1__control_points_20260806_125630,3.1,0.49395176530643714,8.724452537521108,0.34225746723407013,-0.7194643907088505,0.7967240321312883
1,1,map_001_robot_1__control_points_20260806_125630,3.2,0.5333858363515535,8.6550265864906,0.4490062641071928,-0.6567151466022736,0.7955384396648246
1,1,map_001_robot_1__control_points_20260806_125630,3.3000000000000003,0.5837530181278758,8.593109508200653,0.5604690510041106,-0.5622470192180486,0.7938811420817534
1,1,map_001_robot_1__control_points_20260806_125630,3.4000000000000004,0.6454796465523757,8.54257718264699,0.6605998146995677,-0.44088474612387785,0.7942112279147276
1,1,map_001_robot_1__control_points_20260806_125630,3.5,0.7158729810677893,8.504932558975877,0.7297784060980543,-0.3178268612601869,0.795983941889231
1,1,map_001_robot_1__control_points_20260806_125630,3.6,0.7914353277719862,8.479011810394953,0.7715376718096634,-0.19821552611351478,0.7965926021586777
1,1,map_001_robot_1__control_points_20260806_125630,3.7,0.8701805154297222,8.465289453753174,0.7925807101908746,-0.09439108678752461,0.7981815955229744
1,1,map_001_robot_1__control_points_20260806_125630,3.8000000000000003,0.9499514698101613,8.460133593037447,0.7985195738362565,-0.016981587220790573,0.7987001215125574
1,1,map_001_robot_1__control_points_20260806_125630,3.9000000000000004,1.0298844301969736,8.461893136309016,0.797807718353293,0.04559794584766763,0.7991097096954923
1,1,map_001_robot_1__control_points_20260806_125630,4.0,1.1095130134808198,8.469253182206982,0.793601110892669,0.09619958849585686,0.7994104602998704
1,1,map_001_robot_1__control_points_20260806_125630,4.1000000000000005,1.1886046523755076,8.481133054008188,0.787766177177252,0.13708252274195587,0.7996043821451708
1,1,map_001_robot_1__control_points_20260806_125630,4.2,1.2670662489162703,8.496669686755373,0.7813901440325193,0.1702493312297122,0.7997220717069934
1,1,map_001_robot_1__control_points_20260806_125630,4.3,1.344882681182011,8.51518292025413,0.7750653306351065,0.1973457260067235,0.7997947251174065
1,1,map_001_robot_1__control_points_20260806_125630,4.4,1.4220793150432918,8.53613883195672,0.7690876127962598,0.2196730757181058,0.7998449952035096
1,1,map_001_robot_1__control_points_20260806_125630,4.5,1.4987002037412631,8.559117535397752,0.7635830404714232,0.23824131620130373,0.7998862321861233
1,1,map_001_robot_1__control_points_20260806_125630,4.6000000000000005,1.5747959231375765,8.58378709519698,0.7585844842274794,0.2538284403457354,0.7999245569671052
1,1,map_001_robot_1__control_points_20260806_125630,4.7,1.650417100586759,8.609883223466898,0.7540496457494461,0.2671052747150213,0.7999600590251067
1,1,map_001_robot_1__control_points_20260806_125630,4.800000000000001,1.7256058522874658,8.637208150139983,0.749472146776414,0.2797190556575302,0.799969529976978
1,1,map_001_robot_1__control_points_20260806_125630,4.9,1.8003115299420418,8.665827034598404,0.7454121307833095,0.2903894162447571,0.7999782858214869
1,1,map_001_robot_1__control_points_20260806_125630,5.0,1.8746882784441274,8.695286033388935,0.7423152004695499,0.29820652696099614,0.7999743680708072
1,1,map_001_robot_1__control_points_20260806_125630,5.1000000000000005,1.9487745700359516,8.725468339990602,0.7395756782567897,0.3049567019158843,0.7999817334867115
1,1,map_001_robot_1__control_points_20260806_125630,5.2,2.022603414095485,8.756277373772113,0.7369785246761786,0.31120090224990804,0.7999895920541927
1,1,map_001_robot_1__control_points_20260806_125630,5.300000000000001,2.0961702749711875,8.787708520440585,0.7344932391937267,0.31703067958818565,0.7999929813576115
1,1,map_001_robot_1__control_points_20260806_125630,5.4,2.1695020619342307,8.819683509689751,0.7325631877862673,0.3214680662985998,0.7999940885714962
1,1,map_001_robot_1__control_points_20260806_125630,5.5,2.2426829125284407,8.852002133700305,0.7311563836711379,0.32465823153972906,0.7999953904176952
1,1,map_001_robot_1__control_points_20260806_125630,5.6000000000000005,2.3157333386684584,8.884615155997697,0.7298699124979358,0.3275457279644698,0.7999976831700945
1,1,map_001_robot_1__control_points_20260806_125630,5.7,2.388656895028028,8.917511279293198,0.7287650888198929,0.3299996098102085,0.7999989357227647
1,1,map_001_robot_1__control_points_20260806_125630,5.800000000000001,2.461486356432437,8.950615077959739,0.7280764631217682,0.33151734695871227,0.7999994296788259
1,1,map_001_robot_1__control_points_20260806_125630,5.9,2.5342721876523813,8.98381474868494,0.7277172414802404,0.3323059859095636,0.7999997823868064
1,1,map_001_robot_1__control_points_20260806_125630,6.0,2.6070298047284846,9.017076275141651,0.7275575988522309,0.33265588465954465,0.799999998278905
1,1,map_001_robot_1__control_points_20260806_125630,6.1000000000000005,2.679783707422828,9.050345925616849,0.727732867522036,0.33227180473394213,0.7999997991830975
1,1,map_001_robot_1__control_points_20260806_125630,6.2,2.752576378232892,9.08353063608844,0.7282061374794644,0.3312318217515866,0.7999991865018585
1,1,map_001_robot_1__control_points_20260806_125630,6.300000000000001,2.8254249349187206,9.116592289967166,0.7288545890585727,0.32980093448367853,0.7999985427349531
1,1,map_001_robot_1__control_points_20260806_125630,6.4,2.898347296044607,9.149490822985177,0.729899433031262,0.32748023905550383,0.7999978058164958
1,1,map_001_robot_1__control_points_20260806_125630,6.5,2.9714048215249727,9.182088337778266,0.7314177750887279,0.32407032891769916,0.7999959623651676
1,1,map_001_robot_1__control_points_20260806_125630,6.6000000000000005,3.0446308510623523,9.214304888768716,0.7331276443572712,0.32017405210712724,0.7999922290644697
1,1,map_001_robot_1__control_points_20260806_125630,6.7,3.118030350396427,9.246123148199691,0.7350055791276535,0.31583046919863733,0.7999888040610373
1,1,map_001_robot_1__control_points_20260806_125630,6.800000000000001,3.191631966887883,9.277470982608444,0.7372936472337361,0.31045375055774826,0.7999896583622801
1,1,map_001_robot_1__control_points_20260806_125630,6.9,3.2654890798431744,9.30821389831124,0.7403878526820034,0.30298562002078455,0.7999840363022547
1,1,map_001_robot_1__control_points_20260806_125630,7.0,3.3397095374242833,9.3380681066126,0.7438840742337227,0.2942752550845995,0.7999759006705569
1,1,map_001_robot_1__control_points_20260806_125630,7.1000000000000005,3.41426589468992,9.36706894932816,0.7474799783336117,0.284962497679885,0.799956213235184
1,1,map_001_robot_1__control_points_20260806_125630,7.2,3.4892055330910052,9.395060606148576,0.7515843828928901,0.27390110870585005,0.7999380613264881
1,1,map_001_robot_1__control_points_20260806_125630,7.300000000000001,3.5645827712684985,9.421849171069331,0.7562657501704351,0.26065123626745645,0.7999230912085263
1,1,map_001_robot_1__control_points_20260806_125630,7.4,3.6404586831250922,9.447190853402066,0.7615841591296579,0.24463385695106865,0.7999100920753432
1,1,map_001_robot_1__control_points_20260806_125630,7.5,3.7168996030944292,9.470775942459545,0.7675718212752294,0.22508088322928899,0.7998924332752808
1,1,map_001_robot_1__control_points_20260806_125630,7.6000000000000005,3.7939730473801387,9.492207030047926,0.7741957058976219,0.2009686447960064,0.7998546038008786
1,1,map_001_robot_1__control_points_20260806_125630,7.7,3.871738744273954,9.510969671418747,0.7812882070292488,0.17093328905286853,0.7997683738116992
1,1,map_001_robot_1__control_points_20260806_125630,7.800000000000001,3.9502306887859886,9.5263936878585,0.7884225761786823,0.1331737691464454,0.7995907774711392
1,1,map_001_robot_1__control_points_20260806_125630,7.9,4.0294232595096915,9.537604425248036,0.7946981325501916,0.08536751283076427,0.7992701258809017
1,1,map_001_robot_1__control_points_20260806_125630,8.0,4.109170315296026,9.543467190424654,0.7983932627960577,0.024668537430891035,0.7987742727561487
1,1,map_001_robot_1__control_points_20260806_125630,8.1,4.189101912068902,9.542538132734213,0.7964677089377972,-0.05205604447108669,0.7981670521554992
1,1,map_001_robot_1__control_points_20260806_125630,8.200000000000001,4.268463857083587,9.533055981530435,0.7797677366530493,-0.1603053322512551,0.7960750735158114
1,1,map_001_robot_1__control_points_20260806_125630,8.3,4.3450554593995125,9.510477066283963,0.7393358959961418,-0.29242834721164,0.7950672332333595
1,1,map_001_robot_1__control_points_20260806_125630,8.4,4.4163310362828145,9.474570312088106,0.6581981619049522,-0.43988695742857686,0.791659873715239
1,1,map_001_robot_1__control_points_20260806_125630,8.5,4.476695091780503,9.422499674798248,0.5415790311268687,-0.5791860872056915,0.7929466379075938
1,1,map_001_robot_1__control_points_20260806_125630,8.6,4.524646842508188,9.358733094646968,0.41027534224220474,-0.6799194094781171,0.794113505638224
1,1,map_001_robot_1__control_points_20260806_125630,8.700000000000001,4.558750160228944,9.286515792902623,0.29215012377856553,-0.7417648528110092,0.7972244299377493
1,1,map_001_robot_1__control_points_20260806_125630,8.8,4.583076867263902,9.210380124084764,0.2086670584753385,-0.7708592917635002,0.7986025225297473
1,1,map_001_robot_1__control_points_20260806_125630,8.9,4.600483571924011,9.132343934549924,0.14839453707970307,-0.7853155603111546,0.7992130303629452
1,1,map_001_robot_1__control_points_20260806_125630,9.0,4.612755774679842,9.053317012022534,0.10379941858498043,-0.7928034785641316,0.7995696810922531
1,1,map_001_robot_1__control_points_20260806_125630,9.1,4.621243455641007,8.973783238837099,0.0709677396572097,-0.796606049609764,0.7997609757589622
1,1,map_001_robot_1__control_points_20260806_125630,9.200000000000001,4.626949322611284,8.89399580210058,0.04688262037753432,-0.7984886377636968,0.7998637913614969
1,1,map_001_robot_1__control_points_20260806_125630,9.3,4.630619979716514,8.814085511284357,0.02934884577200947,-0.7993847763703172,0.7999233559790409
1,1,map_001_robot_1__control_points_20260806_125630,9.4,4.632819091765686,8.734118846826517,0.016806419095651393,-0.7997841963681722,0.7999607593395452
1,1,map_001_robot_1__control_points_20260806_125630,9.5,4.633981263535644,8.654128672010724,0.008157469733454548,-0.7999422419697808,0.7999838340867218
1,1,map_001_robot_1__control_points_20260806_125630,9.600000000000001,4.634450585712377,8.57413039843256,0.0026346260031466784,-0.79999120929741,0.7999955476171782
1,1,map_001_robot_1__control_points_20260806_125630,9.700000000000001,4.634508188736274,8.494130430151241,-0.00016239798485528922,-0.7999995878165649,0.7999996042997641
1,1,map_001_robot_1__control_points_20260806_125630,9.8,4.6344181061154055,8.414130480869249,-2.3341758101480536e-05,-0.7999993769051841,0.7999993772457078
1,1,map_001_robot_1__control_points_20260806_125630,9.9,4.634503520384653,8.334130554770205,0.0028064712396691505,-0.7999903868350415,0.7999953095545613
1,1,map_001_robot_1__control_points_20260806_125630,10.0,4.634979400363339,8.25413240350224,0.007702228917352727,-0.7999489465982634,0.7999860258116804
1,1,map_001_robot_1__control_points_20260806_125630,10.100000000000001,4.636043966168124,8.174140765450552,0.014605516469579527,-0.7998417129936186,0.7999750539585028
1,1,map_001_robot_1__control_points_20260806_125630,10.200000000000001,4.637900503657256,8.094164060903514,0.023616373371222465,-0.7996262586542002,0.799974928744972
1,1,map_001_robot_1__control_points_20260806_125630,10.3,4.640767240842369,8.014215513719712,0.03701350606863585,-0.799099250525046,0.7999560061785793
1,1,map_001_robot_1__control_points_20260806_125630,10.4,4.645303204870983,7.934344210798506,0.053802688523568065,-0.7981218053177628,0.7999332130972241
1,1,map_001_robot_1__control_points_20260806_125630,10.5,4.651527778547082,7.85459115265616,0.07228058758641609,-0.7965925761991741,0.7998651235036283
1,1,map_001_robot_1__control_points_20260806_125630,10.600000000000001,4.659759322388266,7.7750256955586705,0.09428709177580785,-0.7942067547507676,0.7997839864408924
1,1,map_001_robot_1__control_points_20260806_125630,10.700000000000001,4.670385196902243,7.695749801706005,0.12055626168839595,-0.7905592947067106,0.799698574888972
1,1,map_001_robot_1__control_points_20260806_125630,10.8,4.683870574725945,7.616913836617329,0.1519451158973375,-0.7850438207545949,0.7996131056642505
1,1,map_001_robot_1__control_points_20260806_125630,10.9,4.700774220081711,7.538741037555086,0.1894478056154938,-0.7767525507004294,0.7995217295809721
1,1,map_001_robot_1__control_points_20260806_125630,11.0,4.721760135849044,7.461563326477243,0.2341107792612398,-0.7643528920175484,0.7994017766441948
1,1,map_001_robot_1__control_points_20260806_125630,11.100000000000001,4.747596375933959,7.385870459151574,0.286828037372441,-0.74596754367996,0.799210797754159
1,1,map_001_robot_1__control_points_20260806_125630,11.200000000000001,4.779125743323532,7.31236981774125,0.34789643721088837,-0.7191785881906299,0.7989053590606945
1,1,map_001_robot_1__control_points_20260806_125630,11.3,4.817175663376137,7.242034741513449,0.41552022630162355,-0.6819436908976471,0.7985638709714196
1,1,map_001_robot_1__control_points_20260806_125630,11.4,4.862229788583857,7.175981079561721,0.4836224806423566,-0.635296544669707,0.7984312139764674
1,1,map_001_robot_1__control_points_20260806_125630,11.5,4.913900159504608,7.114975432579508,0.5458503290090349,-0.5827269294621686,0.7984505344726616
1,1,map_001_robot_1__control_points_20260806_125630,11.600000000000001,4.971399854385664,7.059435693669287,0.5996066329923195,-0.527433772998215,0.7985702844631265
1,1,map_001_robot_1__control_points_20260806_125630,11.700000000000001,5.033821486103073,7.0094886779798635,0.6442742262104133,-0.47215165027405703,0.7987593250883162
1,1,map_001_robot_1__control_points_20260806_125630,11.8,5.1002546996277465,6.965005363614475,0.6802381599406537,-0.41909496700141347,0.798977187162038
1,1,map_001_robot_1__control_points_20260806_125630,11.9,5.169869118091203,6.925669684579581,0.7085106006253099,-0.36975747454560093,0.7991920052032416
1,1,map_001_robot_1__control_points_20260806_125630,12.0,5.241956819752808,6.891053868705356,0.7303665205525149,-0.3249364598598774,0.7993866131542715
1,1,map_001_robot_1__control_points_20260806_125630,12.100000000000001,5.315942422201706,6.860682392607606,0.7470826103813728,-0.284881116750654,0.7995559251330364
1,1,map_001_robot_1__control_points_20260806_125630,12.200000000000001,5.391373341829084,6.834077645355225,0.7597933065702733,-0.24947222410644798,0.7997013563259769
1,1,map_001_robot_1__control_points_20260806_125630,12.3,5.46790108351576,6.8107879477863165,0.7694725362017572,-0.21823055745438324,0.7998203299339267
1,1,map_001_robot_1__control_points_20260806_125630,12.4,5.545267849069435,6.790431533864348,0.7771493407891406,-0.18925523559628488,0.7998616393412058
1,1,map_001_robot_1__control_points_20260806_125630,12.5,5.623330951673588,6.77293690066706,0.7828864268327713,-0.16406708466970343,0.7998932213683273
1,1,map_001_robot_1__control_points_20260806_125630,12.600000000000001,5.701845134435991,6.7576181169304075,0.7868538116539874,-0.1437811272398335,0.7998824497791946
1,1,map_001_robot_1__control_points_20260806_125630,12.700000000000001,5.780701714004386,6.744180675219092,0.7898718084700107,-0.12623577397909713,0.799895583465609
1,1,map_001_robot_1__control_points_20260806_125630,12.8,5.859819496129992,6.732370962134589,0.792177443550468,-0.11105148119830233,0.799923454804578
1,1,map_001_robot_1__control_points_20260806_125630,12.9,5.9391372027144795,6.721970378979432,0.7939427948463411,-0.09790604503108113,0.7999567207930985
1,1,map_001_robot_1__control_points_20260806_125630,13.0,6.01860805509926,6.712789753128372,0.795385448932862,-0.085541168664939,0.7999720644564371
1,1,map_001_robot_1__control_points_20260806_125630,13.100000000000001,6.098214292501053,6.704862145246443,0.7964727492279913,-0.07485033794871754,0.7999821331466297
1,1,map_001_robot_1__control_points_20260806_125630,13.200000000000001,6.177902604944859,6.697819685538629,0.7971672385258657,-0.06704593989785934,0.7999817274386596
1,1,map_001_robot_1__control_points_20260806_125630,13.3,6.257647740206226,6.691452957266871,0.7976672450971591,-0.060877857460127416,0.7999869670374805
1,1,map_001_robot_1__control_points_20260806_125630,13.4,6.33743605396429,6.685644114046604,0.7980428763673117,-0.05584011667639288,0.7999940944476063
1,1,map_001_robot_1__control_points_20260806_125630,13.5,6.417256315479687,6.680284933931593,0.7983305803461,-0.05161500136956221,0.7999973899220676
1,1,map_001_robot_1__control_points_20260806_125630,13.600000000000001,6.497102170033511,6.675321113772692,0.798503892948311,-0.048894014916037065,0.7999994323424344
1,1,map_001_robot_1__control_points_20260806_125630,13.700000000000001,6.576957094069349,6.670506130948387,0.7985614397282248,-0.047950306127326314,0.7999997530490366
1,1,map_001_robot_1__control_points_20260806_125630,13.8,6.656814457979155,6.665731052547227,0.7985559172142445,-0.048040723751768155,0.799999665035228
1,1,map_001_robot_1__control_points_20260806_125630,13.9,6.736668277512198,6.660897986198033,0.7984837558446927,-0.049218409294276455,0.7999992251004407
1,1,map_001_robot_1__control_points_20260806_125630,14.0,6.816511209148094,6.655887370688371,0.7982886768579789,-0.05225125099187977,0.7999968780125827
1,1,map_001_robot_1__control_points_20260806_125630,14.100000000000001,6.896326012883795,6.650447735999657,0.7979681942371997,-0.05688144327559996,0.7999929609710904
1,1,map_001_robot_1__control_points_20260806_125630,14.200000000000001,6.976104847995534,6.644511082033251,0.7975379423196713,-0.0625147085340032,0.7999842862347902
1,1,map_001_robot_1__control_points_20260806_125630,14.3,7.055833601347728,6.637944794292857,0.7969450605895005,-0.06956638732471276,0.7999755695291042
1,1,map_001_robot_1__control_points_20260806_125630,14.4,7.135493860113434,6.630597804568308,0.7961376904703243,-0.07824642051733832,0.7999735773831521
1,1,map_001_robot_1__control_points_20260806_125630,14.5,7.215061139441792,6.622295510189389,0.7949074555781195,-0.08982890306774038,0.7999669335416518
1,1,map_001_robot_1__control_points_20260806_125630,14.600000000000001,7.29447535122906,6.612632023954759,0.7931123297553739,-0.10438315273373888,0.7999518799181811
1,1,map_001_robot_1__control_points_20260806_125630,14.700000000000001,7.373683605392867,6.601418879642639,0.7907405970984058,-0.12080198582740564,0.7999148777709963
1,1,map_001_robot_1__control_points_20260806_125630,14.8,7.45262347064874,6.588471626789278,0.7875550305875763,-0.13975319628443117,0.7998586638122468
1,1,map_001_robot_1__control_points_20260806_125630,14.9,7.531194611510383,6.573468240385753,0.7831649717277784,-0.16222521776493437,0.7997902188825845
1,1,map_001_robot_1__control_points_20260806_125630,15.0,7.609256464994296,6.556026583236291,0.777082148604471,-0.18886632896893474,0.7997044178307027
1,1,map_001_robot_1__control_points_20260806_125630,15.100000000000001,7.686611041231277,6.535694974591965,0.768613204367611,-0.22040792447150181,0.799591089931649
1,1,map_001_robot_1__control_points_20260806_125630,15.200000000000001,7.762979105867818,6.511944998341989,0.7567875782141797,-0.2576221848890583,0.7994351935499808
1,1,map_001_robot_1__control_points_20260806_125630,15.3,7.837968556874113,6.484170537614153,0.7402812818855651,-0.30122611846492475,0.7992205895468286
1,1,map_001_robot_1__control_points_20260806_125630,15.4,7.911035362244932,6.451699774649005,0.7173639533113274,-0.35170238801769926,0.7989403051841912
1,1,map_001_robot_1__control_points_20260806_125630,15.5,7.981441347536379,6.413830060010613,0.6859264564961123,-0.4090125996263474,0.79861530812677
1,1,map_001_robot_1__control_points_20260806_125630,15.600000000000001,8.048220653544155,6.369897254723736,0.6436811759058401,-0.47221470393403564,0.7983183467934543
1,1,map_001_robot_1__control_points_20260806_125630,15.700000000000001,8.110177582717547,6.319387119223806,0.5867176000381704,-0.5407234876547733,0.7978843476946345
1,1,map_001_robot_1__control_points_20260806_125630,15.8,8.165564173551788,6.261752557192782,0.5121549547614137,-0.611191042055566,0.7974065384580404
1,1,map_001_robot_1__control_points_20260806_125630,15.9,8.21260857366983,6.197148910812693,0.4285580301169105,-0.6726483292570045,0.797569909180334
1,1,map_001_robot_1__control_points_20260806_125630,16.0,8.25127577957517,6.127222891341382,0.3476866557692233,-0.7182205126833061,0.7979515746203258
1,1,map_001_robot_1__control_points_20260806_125630,16.1,8.282145904823674,6.053504808276031,0.27481943703961065,-0.7497180460532356,0.7985003892000616
1,1,map_001_robot_1__control_points_20260806_125630,16.2,8.306239666983092,5.977279282130735,0.21255444896976883,-0.7701853424891425,0.7989773811328829
1,1,map_001_robot_1__control_points_20260806_125630,16.3,8.324656794617628,5.899467739778203,0.16097215296473166,-0.7829513323292119,0.799327731801036
1,1,map_001_robot_1__control_points_20260806_125630,16.400000000000002,8.33843409757604,5.8206890156648905,0.11912886228112995,-0.7906386982016187,0.7995631538048428
1,1,map_001_robot_1__control_points_20260806_125630,16.5,8.348482567073853,5.74134000013788,0.08569872350676633,-0.795111702188823,0.7997167562132838
1,1,map_001_robot_1__control_points_20260806_125630,16.6,8.355573842277392,5.661666675227126,0.05934322055468755,-0.797614335100107,0.7998188828622316
1,1,map_001_robot_1__control_points_20260806_125630,16.7,8.36035121118479,5.581817133117859,0.03887997983974145,-0.798944041439519,0.7998895137355224
1,1,map_001_robot_1__control_points_20260806_125630,16.8,8.363349838245341,5.501877866939223,0.02333609884870924,-0.799598591025724,0.799939047852897
1,1,map_001_robot_1__control_points_20260806_125630,16.900000000000002,8.365018430954532,5.421897414912712,0.011946208477240816,-0.799882722530068,0.7999719255693261
1,1,map_001_robot_1__control_points_20260806_125630,17.0,8.36573907994079,5.34190132243321,0.004129521463170249,-0.7999798179497226,0.7999904762398026
1,1,map_001_robot_1__control_points_20260806_125630,17.1,8.365844335247166,5.261901451322768,-0.0005153905015973237,-0.7999979992121418,0.7999981652296454
1,1,map_001_robot_1__control_points_20260806_125630,17.2,8.36563600184047,5.181901722590782,-0.0017971046933737966,-0.7999979224933398,0.7999999409868345
1,1,map_001_robot_1__control_points_20260806_125630,17.3,8.365484914308492,5.101901866824101,0.00026665260743641284,-0.7999967737833451,0.7999968182232813
1,1,map_001_robot_1__control_points_20260806_125630,17.400000000000002,8.365689332361956,5.021902367834111,0.005145212283707679,-0.7999706498742931,0.7999871960661266
1,1,map_001_robot_1__control_points_20260806_125630,17.5,8.366513956765234,4.9419077368492434,0.01270239219863356,-0.7998687662159085,0.7999696206327636
1,1,map_001_robot_1__control_points_20260806_125630,17.6,8.368229810801685,4.86192861459093,0.02304723350325588,-0.7996163278928208,0.7999484025891624
1,1,map_001_robot_1__control_points_20260806_125630,17.7,8.371123403465884,4.78198447127068,0.036380723481769905,-0.7991059321108338,0.7999336521085868
1,1,map_001_robot_1__control_points_20260806_125630,17.8,8.375505955498038,4.702107428168763,0.05343114161102136,-0.7981415215797831,0.79992798136054
1,1,map_001_robot_1__control_points_20260806_125630,17.900000000000002,8.381809631788089,4.622356166954721,0.07566283518819006,-0.7963060434223372,0.7998926049287195
1,1,map_001_robot_1__control_points_20260806_125630,18.0,8.390638522535676,4.5428462194842965,0.10037828952476247,-0.7935441081527621,0.7998675219008956
1,1,map_001_robot_1__control_points_20260806_125630,18.1,8.401885289693041,4.463647345324169,0.12461756905017296,-0.7900576818117848,0.7998254053890674
1,1,map_001_robot_1__control_points_20260806_125630,18.2,8.41556203634571,4.38483468312194,0.14885391145887183,-0.7858304876820092,0.7998043775368763
1,1,map_001_robot_1__control_points_20260806_125630,18.3,8.431656071984815,4.306481247787769,0.17287943322570953,-0.7808901400287063,0.7997979177432853
1,1,map_001_robot_1__control_points_20260806_125630,18.400000000000002,8.450137922990853,4.228656655116197,0.19653272740019645,-0.7752792068926908,0.7998018264417253
1,1,map_001_robot_1__control_points_20260806_125630,18.5,8.470962617464854,4.151425406409231,0.21966474225838795,-0.769056569169674,0.7998128565948872
1,1,map_001_robot_1__control_points_20260806_125630,18.6,8.49407087144253,4.074845341282263,0.24213996658809123,-0.7622951191967537,0.7998284892215798
1,1,map_001_robot_1__control_points_20260806_125630,18.7,8.519390610782473,3.998966382569881,0.2638392821161375,-0.7550786450783988,0.7998468147345399
1,1,map_001_robot_1__control_points_20260806_125630,18.8,8.546838727865756,3.9238296122665837,0.2846617877208999,-0.747498461049414,0.799866415509303
1,1,map_001_robot_1__control_points_20260806_125630,18.900000000000002,8.576322968326654,3.8494666903599963,0.30452560298637366,-0.7396500413813385,0.799886258532818
1,1,map_001_robot_1__control_points_20260806_125630,19.0,8.60774384846303,3.7758996039903163,0.32336774139866975,-0.7316298776017796,0.7999056031663185
1,1,map_001_robot_1__control_points_20260806_125630,19.1,8.640996516606387,3.7031407148396407,0.34114320227325834,-0.7235327240553104,0.7999239259055522
1,1,map_001_robot_1__control_points_20260806_125630,19.200000000000003,8.675972488917683,3.631193059179252,0.35782346285806454,-0.7154493355762952,0.7999408617818563
1,1,map_001_robot_1__control_points_20260806_125630,19.3,8.712561209178,3.560050847724382,0.37362152064830667,-0.7073386032283189,0.7999505861667595
1,1,map_001_robot_1__control_points_20260806_125630,19.400000000000002,8.750696793047343,3.4897253385335887,0.3883837969575552,-0.6993491273856662,0.7999569836649095
1,1,map_001_robot_1__control_points_20260806_125630,19.5,8.790237968569512,3.4201810222472497,0.40176555425772165,-0.6917496466244835,0.7999582077790764
1,1,map_001_robot_1__control_points_20260806_125630,19.6,8.831049903898887,3.3513754092086923,0.41393772076193613,-0.6845358687055736,0.7999586190635618
1,1,map_001_robot_1__control_points_20260806_125630,19.700000000000003,8.8730255127219,3.2832738485061332,0.42505072473112193,-0.6776939956776609,0.7999607930217614
1,1,map_001_robot_1__control_points_20260806_125630,19.8,8.916060048845111,3.215836610073161,0.43512971198830286,-0.6712711405064766,0.7999642556588946
1,1,map_001_robot_1__control_points_20260806_125630,19.900000000000002,8.960051455119562,3.1490196204048377,0.44420252976674135,-0.6653073370713738,0.7999685870158748
1,1,map_001_robot_1__control_points_20260806_125630,20.0,9.004900554798459,3.0827751426588867,0.4522982652642469,-0.6598361470010552,0.7999734130896133
1,1,map_001_robot_1__control_points_20260806_125630,20.1,9.05051110817241,3.017052391004627,0.45944600902052457,-0.6548853402026573,0.7999784022192338
1,1,map_001_robot_1__control_points_20260806_125630,20.200000000000003,9.096789756602565,2.9517980746183534,0.4656738310485409,-0.6504775993994745,0.799983264977417
1,1,map_001_robot_1__control_points_20260806_125630,20.3,9.143645874382118,2.8869568711247324,0.4710079500864097,-0.6466312099504954,0.7999877566104643
1,1,map_001_robot_1__control_points_20260806_125630,20.400000000000002,9.190991346619848,2.822471832628255,0.47547207250671164,-0.6433607060850921,0.7999916811243326
1,1,map_001_robot_1__control_points_20260806_125630,20.5,9.238740288883461,2.7582847299077144,0.4790868764315803,-0.6406774529978811,0.7999948962017324
1,1,map_001_robot_1__control_points_20260806_125630,20.6,9.286808721906164,2.694336342028679,0.48186961765038916,-0.6385901508633616,0.7999973182418946
1,1,map_001_robot_1__control_points_20260806_125630,20.700000000000003,9.33511421241354,2.6305666997350405,0.48383383635943744,-0.6371052518078049,0.7999989269288911
1,1,map_001_robot_1__control_points_20260806_125630,20.8,9.383575489178051,2.5669152916671187,0.48498914703660034,-0.636227284400487,0.7999997688492837
1,1,map_001_robot_1__control_points_20260806_125630,20.900000000000002,9.43211204182086,2.503321242854944,0.4853410975681598,-0.6359590825476626,0.7999999597897057
1,1,map_001_robot_1__control_points_20260806_125630,21.0,9.480643708691684,2.439723475157587,0.4848910878281316,-0.6363019170687707,0.7999996854502767
1,1,map_001_robot_1__control_points_20260806_125630,21.1,9.529090259386486,2.37606085944119,0.4836363421344885,-0.6372555289884527,0.7999992004118384
1,1,map_001_robot_1__control_points_20260806_125630,21.200000000000003,9.577370977118584,2.3122723693598943,0.48147498637719366,-0.6388888896714455,0.7999982349058848
1,1,map_001_robot_1__control_points_20260806_125630,21.3,9.625385256661925,2.2482830815069015,0.47842627002999194,-0.6411733079679092,0.7999968166844929
1,1,map_001_robot_1__control_points_20260806_125630,21.400000000000002,9.673056231124582,2.184037707766313,0.4745803218672222,-0.644022064418392,0.799994313330616
1,1,map_001_robot_1__control_points_20260806_125630,21.5,9.72030132103537,2.119478668623224,0.4698883971652279,-0.6474488228251793,0.7999906774258169
1,1,map_001_robot_1__control_points_20260806_125630,21.6,9.767033910557627,2.0545479432012774,0.46431843542741547,-0.6514490214933719,0.7999858980522311
1,1,map_001_robot_1__control_points_20260806_125630,21.700000000000003,9.813165008120855,1.9891888643245474,0.4578453004420524,-0.6560073356572342,0.7999799644822215
1,1,map_001_robot_1__control_points_20260806_125630,21.8,9.858602970646038,1.9233464760698311,0.45044140024562296,-0.6611045443562134,0.7999729205564861
1,1,map_001_robot_1__control_points_20260806_125630,21.900000000000002,9.90325328816998,1.856967955453305,0.4420773729119034,-0.6667168618916364,0.7999648602103229
1,1,map_001_robot_1__control_points_20260806_125630,22.0,9.947018445228418,1.790003103691504,0.43272294866809347,-0.6728152275746879,0.7999559242610736
1,1,map_001_robot_1__control_points_20260806_125630,22.1,9.9897978779036,1.7224049099383678,0.4223480126133339,-0.6793645839205134,0.7999462992250949
1,1,map_001_robot_1__control_points_20260806_125630,22.200000000000003,10.031488047751086,1.6541301869073994,0.4109238882435946,-0.6863231837176098,0.7999362189809324
1,1,map_001_robot_1__control_points_20260806_125630,22.3,10.071982655552318,1.5851402731948463,0.4005161877053922,-0.6924957277496873,0.7999772181541359
1,1,map_001_robot_1__control_points_20260806_125630,22.357839212444663,10.094999999999999,1.545,0.39795397403971067,-0.6939975753171018,0.8000000000000095
1,1,map_001_robot_1__control_points_20260806_125643,0.0,0.96,11.114999999999998,0.6186021259387808,0.5072784341799164,0.8000000000000044
1,1,map_001_robot_1__control_points_20260806_125643,0.1,1.021860212593878,11.16572784341799,0.6246091282089097,0.4996913209855336,0.7998924798434861
1,1,map_001_robot_1__control_points_20260806_125643,0.2,1.0849218256417819,11.214938264197105,0.6368442381490391,0.4838864149840987,0.7998228843123917
1,1,map_001_robot_1__control_points_20260806_125643,0.30000000000000004,1.149229060223686,11.262505126414812,0.6494847933727703,0.466776028344853,0.7998189529261389
1,1,map_001_robot_1__control_points_20260806_125643,0.4,1.2148187843163358,11.308293469866076,0.6624489111111425,0.4482748248378101,0.7998680381261072
1,1,map_001_robot_1__control_points_20260806_125643,0.5,1.2817188424459145,11.352160091382373,0.6768743062030804,0.4261664546815567,0.7998604087550207
1,1,map_001_robot_1__control_points_20260806_125643,0.6000000000000001,1.3501936455569519,11.393526760802386,0.6911859975387937,0.402533196984038,0.7998568983686317
1,1,map_001_robot_1__control_points_20260806_125643,0.7000000000000001,1.4199560419536734,11.432666730779182,0.7039362720512896,0.37964079153953634,0.7997833492329237
1,1,map_001_robot_1__control_points_20260806_125643,0.8,1.4909808999672098,11.469454919110294,0.7164552832902924,0.35533764131920975,0.7997330881568377
1,1,map_001_robot_1__control_points_20260806_125643,0.9,1.563247098611732,11.503734259043025,0.7286851100054692,0.32946027619392027,0.7997037346001687
1,1,map_001_robot_1__control_points_20260806_125643,1.0,1.6367179219683035,11.535346974349078,0.7404649987398662,0.30201388853641475,0.7996879411543705
1,1,map_001_robot_1__control_points_20260806_125643,1.1,1.7113400983597051,11.564137036750306,0.7516264812635871,0.27302953179210476,0.7996796187019508
1,1,map_001_robot_1__control_points_20260806_125643,1.2000000000000002,1.7870432182210212,11.589952880707498,0.7619975423193761,0.24256625741432458,0.7996740859479953
1,1,map_001_robot_1__control_points_20260806_125643,1.3,1.8637396068235796,11.61265028823317,0.771407453244418,0.21071225952427142,0.7996681281849758
1,1,map_001_robot_1__control_points_20260806_125643,1.4000000000000001,1.941324708869905,11.632095332612355,0.7796920406893957,0.17758481975591422,0.7996599568079765
1,1,map_001_robot_1__control_points_20260806_125643,1.5,2.019678014961458,11.64816725218435,0.7866990902259428,0.14332891987470475,0.7996490716775551
1,1,map_001_robot_1__control_points_20260806_125643,1.6,2.098664526915094,11.660761116587299,0.7922935395382673,0.10811449021138486,0.7996360395753456
1,1,map_001_robot_1__control_points_20260806_125643,1.7000000000000002,2.178136722869112,11.669790150226628,0.7963621047493401,0.072132377252629,0.799622211878156
1,1,map_001_robot_1__control_points_20260806_125643,1.8,2.2579369478649616,11.675187592037823,0.7988170113423543,0.03558922951588528,0.7996094114425275
1,1,map_001_robot_1__control_points_20260806_125643,1.9000000000000001,2.3379001251375833,11.676907996129808,0.7995985671098964,-0.0012983987712829048,0.7995996212877847
1,1,map_001_robot_1__control_points_20260806_125643,2.0,2.4178566612869403,11.674927912283563,0.7986764111836635,-0.03831035601258037,0.7995947055596523
1,1,map_001_robot_1__control_points_20260806_125643,2.1,2.4976354073743163,11.669245924927296,0.7960493877761365,-0.07522921245715963,0.7995961869504421
1,1,map_001_robot_1__control_points_20260806_125643,2.2,2.5770665388421676,11.65988206979213,0.7917441102193852,-0.11184620139530921,0.7996050955525772
1,1,map_001_robot_1__control_points_20260806_125643,2.3000000000000003,2.6559842294181935,11.646876684648234,0.7858123847744771,-0.14796644550491322,0.7996218938100115
1,1,map_001_robot_1__control_points_20260806_125643,2.4000000000000004,2.7342290157970632,11.630288780691147,0.7783277420836665,-0.183413214011793,0.7996464726184905
1,1,map_001_robot_1__control_points_20260806_125643,2.5,2.811649777834927,11.610194041845878,0.7693813696658562,-0.21803105608481843,0.799678206159434
1,1,map_001_robot_1__control_points_20260806_125643,2.6,2.888105289730234,11.586682569474181,0.7590777499180383,-0.2516877587410846,0.7997160485577005
1,1,map_001_robot_1__control_points_20260806_125643,2.7,2.963465327818535,11.55985649009766,0.747529196810671,-0.2842777023975529,0.7997585336617787
1,1,map_001_robot_1__control_points_20260806_125643,2.8000000000000003,3.0376111290923684,11.52982702899467,0.7344329112117478,-0.31659630025106367,0.7997655396449791
1,1,map_001_robot_1__control_points_20260806_125643,2.9000000000000004,3.1103519100608845,11.496537230047448,0.7203027810691403,-0.3475907121385191,0.7997845957386904
1,1,map_001_robot_1__control_points_20260806_125643,3.0,3.181671685306197,11.460308886566969,0.7056916544193381,-0.37633794574490764,0.7997693170687404
1,1,map_001_robot_1__control_points_20260806_125643,3.1,3.2514902409447513,11.421269640898464,0.6903319825106031,-0.4038056180061318,0.799760728724744
1,1,map_001_robot_1__control_points_20260806_125643,3.2,3.3197380818083175,11.379547762965743,0.6743269274832855,-0.42999452225624424,0.7997575221899597
1,1,map_001_robot_1__control_points_20260806_125643,3.3000000000000003,3.3863556264414085,11.335270736447216,0.6577711678710223,-0.454918333333616,0.7997584630908531
1,1,map_001_robot_1__control_points_20260806_125643,3.4000000000000004,3.4512923153825223,11.28856409629902,0.6407502539313938,-0.4786011596520865,0.799762438436232
1,1,map_001_robot_1__control_points_20260806_125643,3.5,3.5145056772276875,11.239550504516801,0.6233403671655537,-0.5010752592675374,0.7997684844929295
1,1,map_001_robot_1__control_points_20260806_125643,3.6,3.5759603888156324,11.188349044445511,0.6056084031659772,-0.5223789724326977,0.7997757990994013
1,1,map_001_robot_1__control_points_20260806_125643,3.7,3.6356273578608835,11.135074710030262,0.5876123008156071,-0.542554898936956,0.7997837422893154
1,1,map_001_robot_1__control_points_20260806_125643,3.8000000000000003,3.693482848978754,11.07983806465812,0.5694015485999913,-0.5616483293460561,0.7997918287937706
1,1,map_001_robot_1__control_points_20260806_125643,3.9000000000000004,3.7495076675808816,11.02274504416105,0.5510178086029498,-0.5797059249977821,0.7997997154757753
1,1,map_001_robot_1__control_points_20260806_125643,4.0,3.8036864106993447,10.963896879658565,0.5324956092615309,-0.5967746317831271,0.7998071861534478
1,1,map_001_robot_1__control_points_20260806_125643,4.1000000000000005,3.856006789433188,10.903390117804424,0.5138630681898704,-0.6129008066371995,0.7998141356753062
1,1,map_001_robot_1__control_points_20260806_125643,4.2,3.9064590243373183,10.841316718331125,0.49514261572962326,-0.6281295325106981,0.7998205545768886
1,1,map_001_robot_1__control_points_20260806_125643,4.3,3.955035312579112,10.777764211302285,0.4763516980150442,-0.6425040966516917,0.7998265151994038
1,1,map_001_robot_1__control_points_20260806_125643,4.4,4.001729363940327,10.712815899000786,0.4575034451315645,-0.6560656076452887,0.7998321597949362
1,1,map_001_robot_1__control_points_20260806_125643,4.5,4.046536001605425,10.646551089773228,0.43860729541695775,-0.6688527282988517,0.7998376908759651
1,1,map_001_robot_1__control_points_20260806_125643,4.6000000000000005,4.089450823023719,10.579045353341016,0.4196695712093863,-0.6809015036995874,0.7998433638778466
1,1,map_001_robot_1__control_points_20260806_125643,4.7,4.130469915847302,10.51037078903331,0.4006940045397016,-0.6922452662932912,0.7998494820774295
1,1,map_001_robot_1__control_points_20260806_125643,4.800000000000001,4.169589623931659,10.440596300082358,0.3816822135634972,-0.7029146024153761,0.7998563936354434
1,1,map_001_robot_1__control_points_20260806_125643,4.9,4.2068063585600015,10.369787868550235,0.36263413209620055,-0.7129373671988262,0.7998644905917243
1,1,map_001_robot_1__control_points_20260806_125643,5.0,4.2421164503509,10.298008826642594,0.3435483956045893,-0.7223387370947094,0.7998742096292811
1,1,map_001_robot_1__control_points_20260806_125643,5.1000000000000005,4.275516037680919,10.225320121131293,0.32442268754915204,-0.731141291321677,0.7998860344274953
1,1,map_001_robot_1__control_points_20260806_125643,5.2,4.3070009878607305,10.151780568378259,0.3052540501753569,-0.739365115388587,0.7999004994385476
1,1,map_001_robot_1__control_points_20260806_125643,5.300000000000001,4.33656684771599,10.077447098053575,0.2860391638055013,-0.7470279214094475,0.7999181949398765
1,1,map_001_robot_1__control_points_20260806_125643,5.4,4.364208820621831,10.002374984096368,0.2662275054697929,-0.7543216279542904,0.7999238732956278
1,1,map_001_robot_1__control_points_20260806_125643,5.5,4.389812348809949,9.926582772462718,0.24608194948279305,-0.7611322334752728,0.799924123086877
1,1,map_001_robot_1__control_points_20260806_125643,5.6000000000000005,4.413425210518389,9.850148537401314,0.22636151854523234,-0.7672139685010748,0.7999105015820656
1,1,map_001_robot_1__control_points_20260806_125643,5.7,4.435084652518995,9.773139978762503,0.20679642153502442,-0.7726991815250273,0.7998929835228826
1,1,map_001_robot_1__control_points_20260806_125643,5.800000000000001,4.454784494825393,9.695608701096308,0.18716878536858061,-0.7776717170020007,0.7998783992840347
1,1,map_001_robot_1__control_points_20260806_125643,5.9,4.472518409592711,9.617605635362102,0.16747762806324928,-0.7821375890840727,0.799867466621776
1,1,map_001_robot_1__control_points_20260806_125643,6.0,4.488280020438043,9.539181183279494,0.14772303364364703,-0.786101462756946,0.799860990683689
1,1,map_001_robot_1__control_points_20260806_125643,6.1000000000000005,4.502063016321441,9.460385342810714,0.12792256861191476,-0.7895646917816563,0.7998603541047224
1,1,map_001_robot_1__control_points_20260806_125643,6.2,4.513864534160426,9.381268244923161,0.1083258613877831,-0.7925040900603122,0.7998732555897394
1,1,map_001_robot_1__control_points_20260806_125643,6.300000000000001,4.523728188598997,9.301884524798652,0.08961356680766741,-0.7948669751190138,0.799902556247224
1,1,map_001_robot_1__control_points_20260806_125643,6.4,4.53178724752196,9.222294849899358,0.07255980947354246,-0.7966389379937624,0.799936574659933
1,1,map_001_robot_1__control_points_20260806_125643,6.5,4.5382401504937055,9.1425567371999,0.05725105413501197,-0.79790939177947,0.7999606744643475
1,1,map_001_robot_1__control_points_20260806_125643,6.6000000000000005,4.543237458348962,9.062712971543464,0.04345065574776541,-0.7987906900691399,0.7999715782614053
1,1,map_001_robot_1__control_points_20260806_125643,6.7,4.546930281643259,8.982798599186072,0.031974410065139125,-0.7993387620090076,0.7999780117910158
1,1,map_001_robot_1__control_points_20260806_125643,6.800000000000001,4.549632340361989,8.902845219141662,0.022952842841696963,-0.7996507338358398,0.7999800804512027
1,1,map_001_robot_1__control_points_20260806_125643,6.9,4.551520850211598,8.822868452418904,0.01569289414772257,-0.79983188571223,0.7999858200797769
1,1,map_001_robot_1__control_points_20260806_125643,7.0,4.552770919191533,8.742878841999218,0.01018593015583491,-0.7999272943867197,0.7999921433851693
1,1,map_001_robot_1__control_points_20260806_125643,7.1000000000000005,4.553558036242765,8.66288299354156,0.006449673937741096,-0.7999710600370094,0.7999970594887456
1,1,map_001_robot_1__control_points_20260806_125643,7.2,4.554060853979082,8.582884629991815,0.004531357129444302,-0.7999867190803869,0.7999995524388975
1,1,map_001_robot_1__control_points_20260806_125643,7.300000000000001,4.5544643076686535,8.502885649725483,0.004511410075547673,-0.7999866731469183,0.7999993937707354
1,1,map_001_robot_1__control_points_20260806_125643,7.4,4.554963135994192,8.42288729536243,0.006507897016334141,-0.7999704094509283,0.7999968804443309
1,1,map_001_robot_1__control_points_20260806_125643,7.5,4.55576588707192,8.342891567835299,0.010681837046892184,-0.7999211681592797,0.7999924855347098
1,1,map_001_robot_1__control_points_20260806_125643,7.6000000000000005,4.55709950340357,8.262903061730576,0.01724344558044777,-0.7998005493568385,0.7999864093639257
1,1,map_001_robot_1__control_points_20260806_125643,7.7,4.559214576188009,8.18293145796393,0.026459141385718254,-0.7995403424974654,0.7999780281006683
1,1,map_001_robot_1__control_points_20260806_125643,7.800000000000001,4.562391331680714,8.102994993231082,0.03865882193064607,-0.7990306115387256,0.799965263426491
1,1,map_001_robot_1__control_points_20260806_125643,7.9,4.566946340574138,8.023125335656184,0.0542423093695632,-0.7981028136753281,0.7999439538631559
1,1,map_001_robot_1__control_points_20260806_125643,8.0,4.5732397935546265,7.943374430496017,0.07368286138394353,-0.7965065646810956,0.7999074144185725
1,1,map_001_robot_1__control_points_20260806_125643,8.1,4.581682912850927,7.863824022719966,0.0975240407425062,-0.7938788067992775,0.7998465467874388
1,1,map_001_robot_1__control_points_20260806_125643,8.200000000000001,4.592744601703128,7.784598669136159,0.12636388703856838,-0.7897050167042181,0.799751114632112
1,1,map_001_robot_1__control_points_20260806_125643,8.3,4.606955690258641,7.705883019379122,0.1608172843510367,-0.7832744612564895,0.7996130818106255
1,1,map_001_robot_1__control_points_20260806_125643,8.4,4.624908058573335,7.627943776884861,0.2014443362583549,-0.7736364628787911,0.7994330474193423
1,1,map_001_robot_1__control_points_20260806_125643,8.5,4.647244557510311,7.551155726803364,0.24863143925543696,-0.759573300339305,0.7992303742817675
1,1,map_001_robot_1__control_points_20260806_125643,8.6,4.674634346424423,7.476029116817,0.3024167379127789,-0.7396177400209965,0.7990558708398134
1,1,map_001_robot_1__control_points_20260806_125643,8.700000000000001,4.7077279050928675,7.403232178799164,0.36621539240391243,-0.7096833396917361,0.798601375073677
1,1,map_001_robot_1__control_points_20260806_125643,8.8,4.747877424905205,7.3340924488786525,0.4365307599911574,-0.668386286119059,0.7983102979985203
1,1,map_001_robot_1__control_points_20260806_125643,8.9,4.795034057091099,7.269554921575352,0.504701386040562,-0.6182542795993413,0.7980988931919183
1,1,map_001_robot_1__control_points_20260806_125643,9.0,4.848817702113317,7.210441592958785,0.56734774030636,-0.5614961587354301,0.7982239001090962
1,1,map_001_robot_1__control_points_20260806_125643,9.1,4.9085036051523705,7.1572556898282675,0.6226097057488786,-0.49993097927698216,0.7984822037675903
1,1,map_001_robot_1__control_points_20260806_125643,9.200000000000001,4.973339643263094,7.1104553971033875,0.6672259175337807,-0.43941156344155985,0.798919862761561
1,1,map_001_robot_1__control_points_20260806_125643,9.3,5.041948788659128,7.069373377139955,0.6996224682478811,-0.38631811742259003,0.7991953990897291
1,1,map_001_robot_1__control_points_20260806_125643,9.4,5.113264136912669,7.03319177361887,0.7234453391307518,-0.3399770712961683,0.7993482143078374
1,1,map_001_robot_1__control_points_20260806_125643,9.5,5.1866378564852775,7.0013779628807224,0.741510226419301,-0.2989379190038264,0.7995006537225228
1,1,map_001_robot_1__control_points_20260806_125643,9.600000000000001,5.26156618219653,6.973404189818104,0.7551353157345808,-0.26301343936695787,0.7996282976215896
1,1,map_001_robot_1__control_points_20260806_125643,9.700000000000001,5.337664919632195,6.94877527500733,0.7653921226400193,-0.2318104007095343,0.7997256800156597
1,1,map_001_robot_1__control_points_20260806_125643,9.8,5.414644606724534,6.927042109676198,0.7731184067946089,-0.20484705785008117,0.7997964666303977
1,1,map_001_robot_1__control_points_20260806_125643,9.9,5.492288600991116,6.907805863437314,0.7789527562183274,-0.18162686926621774,0.7998473079654496
1,1,map_001_robot_1__control_points_20260806_125643,10.0,5.570435157968198,6.890716735822954,0.7833741215163954,-0.1616799372918365,0.7998846269208306
1,1,map_001_robot_1__control_points_20260806_125643,10.100000000000001,5.648963425294395,6.875469875978948,0.7867382211520066,-0.14458312173555754,0.799913312623451
1,1,map_001_robot_1__control_points_20260806_125643,10.200000000000001,5.7277828021986,6.8618001114758425,0.7893078565451042,-0.12996722052648124,0.7999364792376991
1,1,map_001_robot_1__control_points_20260806_125643,10.3,5.806824996603416,6.849476431873651,0.7912767785736641,-0.1175169452672904,0.7999557317344946
1,1,map_001_robot_1__control_points_20260806_125643,10.4,5.886038157913333,6.838296722422385,0.7927878538388349,-0.10696730866922621,0.799971615945418
1,1,map_001_robot_1__control_points_20260806_125643,10.5,5.965382567371182,6.828082970139806,0.7939466055396274,-0.09809857130573363,0.7999840886793455
1,1,map_001_robot_1__control_points_20260806_125643,10.600000000000001,6.04482747902126,6.818677008161238,0.7948576974686645,-0.09047962687078126,0.7999908262623159
1,1,map_001_robot_1__control_points_20260806_125643,10.700000000000001,6.124354106864915,6.809987044765649,0.795549833842383,-0.08421280703328193,0.7999945843535866
1,1,map_001_robot_1__control_points_20260806_125643,10.8,6.203937445789736,6.801834446754582,0.7960177756606939,-0.07968231919624458,0.7999959819650915
1,1,map_001_robot_1__control_points_20260806_125643,10.9,6.283557661997054,6.794050580926402,0.7963251272104372,-0.0765651370222784,0.7999974552671774
1,1,map_001_robot_1__control_points_20260806_125643,11.0,6.363202471231823,6.786521419350127,0.7965168765400534,-0.07456141314134612,0.7999990868387021
1,1,map_001_robot_1__control_points_20260806_125643,11.100000000000001,6.442861037305065,6.7791382982981325,0.7966043926839639,-0.07362911659578941,0.7999998782837803
1,1,map_001_robot_1__control_points_20260806_125643,11.200000000000001,6.5225233497686155,6.771795596030968,0.7965932208673934,-0.07374890182259008,0.7999997875324254
1,1,map_001_robot_1__control_points_20260806_125643,11.3,6.602179681478544,6.764388517933614,0.7964699555063248,-0.0750627512516715,0.7999992541557256
1,1,map_001_robot_1__control_points_20260806_125643,11.4,6.6818173408698796,6.756783045780634,0.7962044627549361,-0.0778128417376962,0.7999977405281667
1,1,map_001_robot_1__control_points_20260806_125643,11.5,6.761420574029531,6.748825949586075,0.7958018392609105,-0.08179995715760668,0.7999948752098568
1,1,map_001_robot_1__control_points_20260806_125643,11.600000000000001,6.840977708722062,6.740423054349112,0.7952589236729608,-0.0868690717319609,0.7999893694950256
1,1,map_001_robot_1__control_points_20260806_125643,11.700000000000001,6.920472358764123,6.7314521352396826,0.7945327969370339,-0.09321388905486572,0.7999819963732426
1,1,map_001_robot_1__control_points_20260806_125643,11.8,6.999884268109468,6.721780276538138,0.7935778066889938,-0.10095640427988428,0.7999737063394255
1,1,map_001_robot_1__control_points_20260806_125643,11.9,7.079187920101921,6.711260854383706,0.7923319484068898,-0.11025083127782409,0.7999657256806127
1,1,map_001_robot_1__control_points_20260806_125643,12.0,7.158350657790845,6.699730110282573,0.7907110237659438,-0.12128804875988664,0.7999591951324565
1,1,map_001_robot_1__control_points_20260806_125643,12.100000000000001,7.23733012485511,6.687003244631729,0.7886005629662165,-0.1343006206685402,0.7999546891059448
1,1,map_001_robot_1__control_points_20260806_125643,12.200000000000001,7.31607077038409,6.672869986148864,0.7858355469512333,-0.1496108562261469,0.7999505704434898
1,1,map_001_robot_1__control_points_20260806_125643,12.3,7.394497234245356,6.657081073386499,0.782119299996161,-0.16788109522722294,0.7999341607664826
1,1,map_001_robot_1__control_points_20260806_125643,12.4,7.472494630383321,6.63929376710342,0.7772921866309872,-0.18888316829670515,0.7999124918785697
1,1,map_001_robot_1__control_points_20260806_125643,12.5,7.549955671571554,6.619304439727158,0.7711013162936098,-0.21260338642848353,0.7998733899253037
1,1,map_001_robot_1__control_points_20260806_125643,12.600000000000001,7.626714893642045,6.596773089817724,0.7629887778310049,-0.2399510166633263,0.7998302104158198
1,1,map_001_robot_1__control_points_20260806_125643,12.700000000000001,7.702553427137756,6.571314236394493,0.751892876490956,-0.2724565670653192,0.7997346301460647
1,1,map_001_robot_1__control_points_20260806_125643,12.8,7.777093468940234,6.542281776404659,0.7369514695145583,-0.3102693774011769,0.7996027482272562
1,1,map_001_robot_1__control_points_20260806_125643,12.9,7.849943721040667,6.509260360914258,0.7173616886668839,-0.3527150245343478,0.7993845638359981
1,1,map_001_robot_1__control_points_20260806_125643,13.0,7.92056580667361,6.471738771497789,0.6916358129682862,-0.40026245105709535,0.7991058299790684
1,1,map_001_robot_1__control_points_20260806_125643,13.100000000000001,7.988270883634325,6.429207870702838,0.6582425476713212,-0.452563349970049,0.7988096377116043
1,1,map_001_robot_1__control_points_20260806_125643,13.200000000000001,8.052214316207875,6.3812261015037794,0.6156978020972517,-0.5085715431193378,0.7985792371319023
1,1,map_001_robot_1__control_points_20260806_125643,13.3,8.111410444053774,6.3274935620789705,0.5598842550149854,-0.5688290122270878,0.7981458664711166
1,1,map_001_robot_1__control_points_20260806_125643,13.4,8.164191167210872,6.267460299058362,0.48984733358730637,-0.6297759196005508,0.7978521912806363
1,1,map_001_robot_1__control_points_20260806_125643,13.5,8.209379910771235,6.201538378158861,0.41391352915159985,-0.6822320624698754,0.7979755614532518
1,1,map_001_robot_1__control_points_20260806_125643,13.600000000000001,8.246973873041192,6.131013886564386,0.3400861362773355,-0.7222543616977397,0.7983169440012255
1,1,map_001_robot_1__control_points_20260806_125643,13.700000000000001,8.277397138026702,6.057087505819313,0.27249153713607654,-0.750929733511807,0.7988410996455398
1,1,map_001_robot_1__control_points_20260806_125643,13.8,8.301472180468407,5.980827939862025,0.2125670394278245,-0.7704573099229535,0.7992428996649418
1,1,map_001_robot_1__control_points_20260806_125643,13.9,8.319910545912267,5.902996043834722,0.16143914106504553,-0.7830751160107248,0.7995431405390392
1,1,map_001_robot_1__control_points_20260806_125643,14.0,8.333760008681416,5.824212916659881,0.1207453520655477,-0.7905453970748688,0.7997133642010086
1,1,map_001_robot_1__control_points_20260806_125643,14.100000000000001,8.344059616325376,5.744886964419748,0.08861025551463797,-0.7948732491862991,0.7997970115312721
1,1,map_001_robot_1__control_points_20260806_125643,14.200000000000001,8.351482059784345,5.6652382668226196,0.06275117714140066,-0.797400359819342,0.7998656412627357
1,1,map_001_robot_1__control_points_20260806_125643,14.3,8.356609851753657,5.58540689245588,0.04232193986592847,-0.7987968930399418,0.7999172600489876
1,1,map_001_robot_1__control_points_20260806_125643,14.4,8.359946447757531,5.505478888214632,0.026599187061542295,-0.799511333821691,0.799953679697565
1,1,map_001_robot_1__control_points_20260806_125643,14.5,8.361929689165965,5.425504625691542,0.014994020892721949,-0.7998370613682404,0.7999775905615818
1,1,map_001_robot_1__control_points_20260806_125643,14.600000000000001,8.362945251936075,5.345511475940983,0.007047135151111661,-0.79996056471877,0.799991604467829
1,1,map_001_robot_1__control_points_20260806_125643,14.700000000000001,8.363339116196189,5.2655125127477875,0.002417693617644545,-0.7999945646382471,0.7999982179312447
1,1,map_001_robot_1__control_points_20260806_125643,14.8,8.363428790659604,5.185512563013334,0.0009207203571648392,-0.7999994697813442,0.7999999996102549
1,1,map_001_robot_1__control_points_20260806_125643,14.9,8.363523260267621,5.105512618791519,0.0026149366457204337,-0.7999938795584747,0.7999981532632938
1,1,map_001_robot_1__control_points_20260806_125643,15.0,8.36395177798875,5.025513787101639,0.007404245789061292,-0.7999582256205287,0.7999924909607898
1,1,map_001_robot_1__control_points_20260806_125643,15.100000000000001,8.365004109425433,4.9455209736674135,0.015116280439947616,-0.7998379225794778,0.7999807524750792
1,1,map_001_robot_1__control_points_20260806_125643,15.200000000000001,8.36697503407674,4.865546202585742,0.025838591244401243,-0.7995433566284795,0.7999607564913614
1,1,map_001_robot_1__control_points_20260806_125643,15.3,8.370171827674314,4.785612302341718,0.039732724753477555,-0.7989433456424848,0.7999307213520072
1,1,map_001_robot_1__control_points_20260806_125643,15.4,8.374921579027435,4.705757533457246,0.05703103723771363,-0.7978533073548206,0.7998890168426088
1,1,map_001_robot_1__control_points_20260806_125643,15.5,8.381578035121857,4.6260416408707545,0.07783061083490139,-0.7960434826922693,0.7998392528000681
1,1,map_001_robot_1__control_points_20260806_125643,15.600000000000001,8.390487701194415,4.546548836918792,0.10126430356099547,-0.7933717182922173,0.7998081911068672
1,1,map_001_robot_1__control_points_20260806_125643,15.700000000000001,8.401830895834056,4.46736729721231,0.1257003971879982,-0.7898640172628504,0.7998035731477003
1,1,map_001_robot_1__control_points_20260806_125643,15.8,8.415627780632015,4.388576033466222,0.15008976926325346,-0.7855985824348686,0.7998075215707662
1,1,map_001_robot_1__control_points_20260806_125643,15.9,8.431848849686707,4.3102475807253375,0.17411327886822647,-0.7806318400145322,0.7998134179436596
1,1,map_001_robot_1__control_points_20260806_125643,16.0,8.45045043640566,4.232449665463316,0.1976345443983476,-0.7750187209622794,0.7998208743097107
1,1,map_001_robot_1__control_points_20260806_125643,16.1,8.471375758566378,4.155243836532881,0.2205289632038543,-0.7688266528896932,0.799829635488293
1,1,map_001_robot_1__control_points_20260806_125643,16.2,8.494556229046431,4.078684334885378,0.24268600740750657,-0.7621330170939018,0.7998395051109003
1,1,map_001_robot_1__control_points_20260806_125643,16.3,8.519912960047877,4.002817233114101,0.26401076623545094,-0.7550223923041415,0.7998502969736893
1,1,map_001_robot_1__control_points_20260806_125643,16.400000000000002,8.547358382293522,3.927679856424548,0.2844247172524277,-0.7475837704902126,0.7998618091173539
1,1,map_001_robot_1__control_points_20260806_125643,16.5,8.576797903498363,3.853300479016059,0.30386577957009564,-0.7399079063516361,0.7998738162206608
1,1,map_001_robot_1__control_points_20260806_125643,16.6,8.608131538207541,3.7796982751542214,0.32228774407170135,-0.7320849285990789,0.7998860748011213
1,1,map_001_robot_1__control_points_20260806_125643,16.7,8.641255452312704,3.7068834932962442,0.33965920199011634,-0.7242023018281252,0.799898335708806
1,1,map_001_robot_1__control_points_20260806_125643,16.8,8.676063378605564,3.634857814788597,0.35596210413552853,-0.7163431880956921,0.7999103591726344
1,1,map_001_robot_1__control_points_20260806_125643,16.900000000000002,8.71244787313981,3.5636148556771032,0.37119008089042893,-0.7085852214948645,0.7999219288607916
1,1,map_001_robot_1__control_points_20260806_125643,17.0,8.75030139478365,3.4931407704896245,0.3853466410346158,-0.7009996798312166,0.7999328627329478
1,1,map_001_robot_1__control_points_20260806_125643,17.1,8.789517201346733,3.4234149197108605,0.3984433491126538,-0.6936510161810077,0.7999430196589333
1,1,map_001_robot_1__control_points_20260806_125643,17.2,8.829990064606179,3.3544105672534235,0.4104980597347989,-0.6865966996584092,0.7999523017204553
1,1,map_001_robot_1__control_points_20260806_125643,17.3,8.871616813293693,3.2860955797791793,0.42153326561596316,-0.679887308256383,0.7999606527504762
1,1,map_001_robot_1__control_points_20260806_125643,17.400000000000002,8.914296717729373,3.2184331056021453,0.43157459624386973,-0.6735668157797523,0.7999680540138674
1,1,map_001_robot_1__control_points_20260806_125643,17.5,8.957931732542468,3.1513822166232295,0.44064948701144147,-0.6676730181174886,0.7999745180476455
1,1,map_001_robot_1__control_points_20260806_125643,17.6,9.002426615131661,3.0848985019786483,0.4487860249810254,-0.6622380499316716,0.7999800816242694
1,1,map_001_robot_1__control_points_20260806_125643,17.7,9.047688937538672,3.0189346066368956,0.4560119672219045,-0.6572889500198347,0.7999847986479293
1,1,map_001_robot_1__control_points_20260806_125643,17.8,9.093629008576043,2.953440711974682,0.46235392060192027,-0.6528482411569012,0.799988733594184
1,1,map_001_robot_1__control_points_20260806_125643,17.900000000000002,9.140159721659057,2.8883649584055133,0.46783666756620335,-0.6489344974531672,0.7999919558997108
1,1,map_001_robot_1__control_points_20260806_125643,18.0,9.187196342089283,2.823653812484049,0.4724826202811059,-0.6455628787415737,0.7999945355293419
1,1,map_001_robot_1__control_points_20260806_125643,18.1,9.234656245715279,2.759252382657199,0.47631138504524984,-0.6427456169990649,0.7999965398020374
1,1,map_001_robot_1__control_points_20260806_125643,18.2,9.282458619098334,2.6951046890842365,0.47933941962052984,-0.6404924442408131,0.7999980314549014
1,1,map_001_robot_1__control_points_20260806_125643,18.3,9.330524129639384,2.631153893809037,0.481581682715408,-0.6388095041616211,0.7999990623333381
1,1,map_001_robot_1__control_points_20260806_125643,18.400000000000002,9.378774955641417,2.5673427882519104,0.4830445709924831,-0.6377048366097284,0.7999996976254132
1,1,map_001_robot_1__control_points_20260806_125643,18.5,9.42713304383788,2.5036129264870914,0.4837221517164352,-0.6371913701922498,0.7999999764429089
1,1,map_001_robot_1__control_points_20260806_125643,18.6,9.475519385984704,2.439904514213461,0.48361862747130857,-0.6372698582631688,0.7999999056799892
1,1,map_001_robot_1__control_points_20260806_125643,18.7,9.523856769332141,2.376158954834458,0.4827404629331653,-0.6379347799269901,0.7999994612457086
1,1,map_001_robot_1__control_points_20260806_125643,18.8,9.572067478571338,2.3123175582280635,0.48108064007439566,-0.6391863239990627,0.7999985868998926
1,1,map_001_robot_1__control_points_20260806_125643,18.900000000000002,9.620072897347022,2.2483216900346434,0.47862817218933174,-0.6410231071341439,0.7999972194284257
1,1,map_001_robot_1__control_points_20260806_125643,19.0,9.667793113009203,2.184112936801235,0.4753681588751206,-0.6434419744615507,0.7999952880931868
1,1,map_001_robot_1__control_points_20260806_125643,19.1,9.715146529122046,2.1196332951423336,0.47128189095028716,-0.646437718285588,0.7999927151918045
1,1,map_001_robot_1__control_points_20260806_125643,19.200000000000003,9.762049491199262,2.0548253931441156,0.4663470164501149,-0.6500027146803262,0.799989417957336
1,1,map_001_robot_1__control_points_20260806_125643,19.3,9.80841593241207,1.9896327522062687,0.460537782076365,-0.6541264791548151,0.7999853120222222
1,1,map_001_robot_1__control_points_20260806_125643,19.400000000000002,9.854157047614535,1.924000097313153,0.45382536761144365,-0.6587951447194911,0.7999803166288763
1,1,map_001_robot_1__control_points_20260806_125643,19.5,9.89918100593436,1.8578737232623712,0.44617833364880255,-0.663990868858253,0.7999743616796477
1,1,map_001_robot_1__control_points_20260806_125643,19.6,9.943392714344295,1.7912019235415029,0.4375632052595293,-0.6696911803025287,0.799967396568127
1,1,map_001_robot_1__control_points_20260806_125643,19.700000000000003,9.986693646986266,1.7239354872018637,0.4279452155167647,-0.675868282274104,0.7999594005121998
1,1,map_001_robot_1__control_points_20260806_125643,19.8,10.028981757447648,1.6560282670866824,0.4172892326147206,-0.6824883360931766,0.7999503938116508
1,1,map_001_robot_1__control_points_20260806_125643,19.900000000000002,10.07015149350921,1.587437819983229,0.40707058383148365,-0.6886656203513599,0.7999792477776085
1,1,map_001_robot_1__control_points_20260806_125643,19.961471752147734,10.094999999999999,1.545,0.40422642307432904,-0.690362947215831,0.7999999999999967
1,1,map_001_robot_1__control_points_20260806_125700,0.0,0.9600000000000001,11.115000000000002,0.5852746697467015,0.5453930334656754,0.8000000000000012
1,1,map_001_robot_1__control_points_20260806_125700,0.1,1.0185274669746702,11.16953930334657,0.5852746697467017,0.5453930334656718,0.7999999999999988
1,1,map_001_robot_1__control_points_20260806_125700,0.2,1.0770549339493405,11.224078606693137,0.5932519539149839,0.5365674643852785,0.7999078226025753
1,1,map_001_robot_1__control_points_20260806_125700,0.30000000000000004,1.1371778577576672,11.276852796223627,0.6020396900851148,0.5267980678860908,0.7999799952288179
1,1,map_001_robot_1__control_points_20260806_125700,0.4,1.1974628719663636,11.329438220270356,0.6108213273707239,0.5164502090651837,0.7998896876534946
1,1,map_001_robot_1__control_points_20260806_125700,0.5,1.259342123231812,11.380142838036665,0.621335409135809,0.5038244770950584,0.7999354938781452
1,1,map_001_robot_1__control_points_20260806_125700,0.6000000000000001,1.3217299537935254,11.430203115689366,0.6303964298104043,0.4923446958028208,0.7998768393964637
1,1,map_001_robot_1__control_points_20260806_125700,0.7000000000000001,1.385421409193893,11.47861177719723,0.6425181842612906,0.47639821374742297,0.7998655356796923
1,1,map_001_robot_1__control_points_20260806_125700,0.8,1.4502335906457835,11.525482758438852,0.6520197912271097,0.46335640133162315,0.7998930946112962
1,1,map_001_robot_1__control_points_20260806_125700,0.9,1.515825367439315,11.571283057463555,0.6656574440575111,0.44338358978918535,0.7998055016837051
1,1,map_001_robot_1__control_points_20260806_125700,1.0,1.5833650794572858,11.614159476396688,0.680489718179456,0.42029620502933085,0.7998219530058004
1,1,map_001_robot_1__control_points_20260806_125700,1.1,1.6519233110752058,11.65534229846942,0.6915186748522419,0.4017372610322667,0.7997442744847307
1,1,map_001_robot_1__control_points_20260806_125700,1.2000000000000002,1.7216688144277341,11.694506928603142,0.7063888226694885,0.3749275622753814,0.7997223554122681
1,1,map_001_robot_1__control_points_20260806_125700,1.3,1.7932010756091032,11.730327810924496,0.7229606520077372,0.3417863912632413,0.7996812124867021
1,1,map_001_robot_1__control_points_20260806_125700,1.4000000000000001,1.866260944829282,11.762864206855792,0.7376505859048255,0.3082754023499632,0.7994761475990163
1,1,map_001_robot_1__control_points_20260806_125700,1.5,1.9407311927900677,11.791982891394488,0.7519323344484494,0.27108869049919093,0.7993067707117593
1,1,map_001_robot_1__control_points_20260806_125700,1.6,2.016647411718972,11.817081944955632,0.7661320938290661,0.2275933213728507,0.7992228131931888
1,1,map_001_robot_1__control_points_20260806_125700,1.7000000000000002,2.093957611555881,11.837501555669057,0.7792272878939972,0.1773753648209464,0.7991603007181965
1,1,map_001_robot_1__control_points_20260806_125700,1.8,2.172492869297771,11.85255701791982,0.7899416046219301,0.12044300448232548,0.7990708704748278
1,1,map_001_robot_1__control_points_20260806_125700,1.9000000000000001,2.2519459324802678,11.861590156565525,0.7968725002834827,0.057390884986986634,0.7989364776924625
1,1,map_001_robot_1__control_points_20260806_125700,2.0,2.3318673693544674,11.864035194917214,0.7987055654397803,-0.01051083183178747,0.7987747228413499
1,1,map_001_robot_1__control_points_20260806_125700,2.1,2.4116870455682244,11.85948799019917,0.7944741381085461,-0.08136462589358473,0.7986296754254253
1,1,map_001_robot_1__control_points_20260806_125700,2.2,2.490762196976177,11.847762269738498,0.7837847736209174,-0.15285502436557863,0.7985507058626862
1,1,map_001_robot_1__control_points_20260806_125700,2.3000000000000003,2.568444000292408,11.828916985326055,0.7669240015988095,-0.22257840904330095,0.7985697041589905
1,1,map_001_robot_1__control_points_20260806_125700,2.4000000000000004,2.644146997295939,11.803246587929838,0.744802599927846,-0.2883962079253024,0.7986884784476194
1,1,map_001_robot_1__control_points_20260806_125700,2.5,2.7174045202779773,11.771237743740997,0.7187605850503722,-0.3487041941560207,0.7988813389008114
1,1,map_001_robot_1__control_points_20260806_125700,2.6,2.7878991143060126,11.733505749098631,0.6903084103828601,-0.4025527896221135,0.7991085344794264
1,1,map_001_robot_1__control_points_20260806_125700,2.7,2.8554662023545494,11.690727185816575,0.6608891185863559,-0.44961819735446795,0.7993315647828076
1,1,map_001_robot_1__control_points_20260806_125700,2.8000000000000003,2.920076938023284,11.643582109627737,0.6317167314435856,-0.49007301187176466,0.7995233490967165
1,1,map_001_robot_1__control_points_20260806_125700,2.9000000000000004,2.9818095486432665,11.592712583442221,0.6037041954930569,-0.5244190487516107,0.7996712414170358
1,1,map_001_robot_1__control_points_20260806_125700,3.0,3.040817777121896,11.538698299877415,0.577418603255218,-0.5533743301969949,0.7997720879764306
1,1,map_001_robot_1__control_points_20260806_125700,3.1,3.0972932692943096,11.48203771740282,0.5533485120797881,-0.5775386841648569,0.79984092638961
1,1,map_001_robot_1__control_points_20260806_125700,3.2,3.1514874795378534,11.423190563044445,0.5315603713342298,-0.5977021942006076,0.7998777039805555
1,1,map_001_robot_1__control_points_20260806_125700,3.3000000000000003,3.2036053435611556,11.362497278562698,0.5119820816106095,-0.6145874219513914,0.7999020884528246
1,1,map_001_robot_1__control_points_20260806_125700,3.4000000000000004,3.2538838958599756,11.300273078654167,0.49467724964832627,-0.6286167402239684,0.7999153626537252
1,1,map_001_robot_1__control_points_20260806_125700,3.5,3.302540793490821,11.236773930517908,0.4794798164634422,-0.6402967060876819,0.7999254754178988
1,1,map_001_robot_1__control_points_20260806_125700,3.6,3.3497798591526635,11.172213737436628,0.46624526591892845,-0.6500094756498385,0.7999356014245086
1,1,map_001_robot_1__control_points_20260806_125700,3.7,3.395789846674607,11.10677203538794,0.4548237711394414,-0.6580656521216426,0.7999469140485421
1,1,map_001_robot_1__control_points_20260806_125700,3.8000000000000003,3.4407446133805517,11.0406006070123,0.44507147704934624,-0.6647150423029942,0.799959190925861
1,1,map_001_robot_1__control_points_20260806_125700,3.9000000000000004,3.4848041420844758,10.97382902692734,0.43685712361408946,-0.6701567869173175,0.7999714154291506
1,1,map_001_robot_1__control_points_20260806_125700,4.0,3.528116038103371,10.906569249628838,0.43006560267233596,-0.6745481957156798,0.79998230664509
1,1,map_001_robot_1__control_points_20260806_125700,4.1000000000000005,3.570817262618943,10.838919387784205,0.4245996074294993,-0.6780120824866174,0.7999907565885525
1,1,map_001_robot_1__control_points_20260806_125700,4.2,3.6130359595892707,10.770966833131514,0.42038017926542537,-0.6806426299662363,0.7999961780199865
1,1,map_001_robot_1__control_points_20260806_125700,4.3,3.654893298472028,10.702790861790959,0.4172718345140609,-0.6825554067461823,0.7999985419719065
1,1,map_001_robot_1__control_points_20260806_125700,4.4,3.6964903264920834,10.634455751782276,0.41555379267018466,-0.6836042147942649,0.7999997981793859
1,1,map_001_robot_1__control_points_20260806_125700,4.5,3.738004057006064,10.566070018832106,0.41528074856386965,-0.6837702305963873,0.7999998927359957
1,1,map_001_robot_1__control_points_20260806_125700,4.6000000000000005,3.7795464762048576,10.497701705663,0.4161234896691326,-0.6832566516455216,0.7999990066695498
1,1,map_001_robot_1__control_points_20260806_125700,4.7,3.8212287549398902,10.429418688503,0.41808426877824445,-0.6820557527086422,0.7999965659943746
1,1,map_001_robot_1__control_points_20260806_125700,4.800000000000001,3.863163329960506,10.36129055512127,0.42118453973791503,-0.6801416528225701,0.7999931777324459
1,1,map_001_robot_1__control_points_20260806_125700,4.9,3.905465662887474,10.293390357938488,0.4254634095510106,-0.6774701444649551,0.7999905683869892
1,1,map_001_robot_1__control_points_20260806_125700,5.0,3.9482560118707077,10.22579652622828,0.43117633003473443,-0.6738463379188389,0.7999886966131785
1,1,map_001_robot_1__control_points_20260806_125700,5.1000000000000005,3.9917009288944207,10.15862109035472,0.43870644770132117,-0.6689606154422307,0.7999822824710309
1,1,map_001_robot_1__control_points_20260806_125700,5.2,4.035997301410973,10.092004403139834,0.44759385441921395,-0.6630342250908328,0.7999716508449843
1,1,map_001_robot_1__control_points_20260806_125700,5.300000000000001,4.081219699778264,10.026014245336553,0.45760395653825015,-0.6561404294894899,0.7999510261572973
1,1,map_001_robot_1__control_points_20260806_125700,5.4,4.127518092718623,9.960776317241935,0.4691715886555947,-0.6478878653382907,0.7999254125568344
1,1,map_001_robot_1__control_points_20260806_125700,5.5,4.175054017509383,9.896436672268896,0.4824161098404822,-0.6380492359335008,0.799895074687267
1,1,map_001_robot_1__control_points_20260806_125700,5.6000000000000005,4.22400131468672,9.833166470055234,0.49746042436473203,-0.6263455648610048,0.799859762977355
1,1,map_001_robot_1__control_points_20260806_125700,5.7,4.274546102382329,9.771167559296696,0.5144211618428862,-0.6124379581204522,0.7998183445623973
1,1,map_001_robot_1__control_points_20260806_125700,5.800000000000001,4.326885547055297,9.710678878431144,0.5333935907542653,-0.5959202844478071,0.7997685340610019
1,1,map_001_robot_1__control_points_20260806_125700,5.9,4.381224820533182,9.651983502407134,0.5544295597855076,-0.576314960687391,0.7997068654676291
1,1,map_001_robot_1__control_points_20260806_125700,6.0,4.437771459012398,9.595415886293667,0.5775069538120441,-0.5530754173274133,0.7996291008668699
1,1,map_001_robot_1__control_points_20260806_125700,6.1000000000000005,4.4967262112955915,9.541368418941651,0.6024901297707359,-0.525600537876322,0.7995312888730729
1,1,map_001_robot_1__control_points_20260806_125700,6.2,4.558269484966544,9.490295778718401,0.6290831288525176,-0.49326800064551435,0.7994115982819466
1,1,map_001_robot_1__control_points_20260806_125700,6.300000000000001,4.622542837066096,9.442714818812549,0.6567816802538253,-0.4554940040309887,0.7992727714774353
1,1,map_001_robot_1__control_points_20260806_125700,6.4,4.68962582101731,9.399196977912203,0.6848361135612535,-0.4118245829416267,0.7991245144235828
1,1,map_001_robot_1__control_points_20260806_125700,6.5,4.7595100597783455,9.360349902224224,0.7122438575922452,-0.36205646162173366,0.7989844767452822
1,1,map_001_robot_1__control_points_20260806_125700,6.6000000000000005,4.832074592535759,9.326785685587856,0.7376968017871022,-0.306654555352587,0.7988952294796934
1,1,map_001_robot_1__control_points_20260806_125700,6.7,4.907049420135766,9.299018991153707,0.7594069033667523,-0.24828824802206384,0.7989655180212384
1,1,map_001_robot_1__control_points_20260806_125700,6.800000000000001,4.98395597320911,9.277128035983443,0.7759791501315227,-0.19108486029914218,0.7991602250327421
1,1,map_001_robot_1__control_points_20260806_125700,6.9,5.0622452501620705,9.260802019093878,0.7874137362133133,-0.13769973261068458,0.7993632518063759
1,1,map_001_robot_1__control_points_20260806_125700,7.0,5.141438720451772,9.249588089461307,0.7945529619450902,-0.08911905860242086,0.799535249968316
1,1,map_001_robot_1__control_points_20260806_125700,7.1000000000000005,5.221155842551089,9.242978207373394,0.7983607499252621,-0.045690907087681865,0.7996671470128818
1,1,map_001_robot_1__control_points_20260806_125700,7.2,5.301110870436825,9.240449908043772,0.7997257495461483,-0.007414442982053515,0.7997601193182133
1,1,map_001_robot_1__control_points_20260806_125700,7.300000000000001,5.381100992460318,9.241495318776982,0.7994005748716333,0.02594547540712,0.7998215093376767
1,1,map_001_robot_1__control_points_20260806_125700,7.4,5.4609909854111525,9.245639003125195,0.7979842901871308,0.054757804392885134,0.7998608282241283
1,1,map_001_robot_1__control_points_20260806_125700,7.5,5.540697850497744,9.25244687965556,0.795931471572846,0.07944922183703795,0.7998869209398458
1,1,map_001_robot_1__control_points_20260806_125700,7.6000000000000005,5.620177279725722,9.261528847492603,0.7935739549701353,0.10045276334014375,0.7999064818274779
1,1,map_001_robot_1__control_points_20260806_125700,7.7,5.699412641491771,9.27253743232359,0.7911460606334586,0.11817676062016602,0.7999236438601601
1,1,map_001_robot_1__control_points_20260806_125700,7.800000000000001,5.778406491852414,9.285164199616636,0.7888082559207241,0.13298844621510852,0.7999402424152715
1,1,map_001_robot_1__control_points_20260806_125700,7.9,5.857174292675916,9.299135121566612,0.7866671060058223,0.1452071730164306,0.7999564105418491
1,1,map_001_robot_1__control_points_20260806_125700,8.0,5.935739913053578,9.314205634219922,0.7847910405572769,0.15510338858966577,0.7999712735411005
1,1,map_001_robot_1__control_points_20260806_125700,8.1,6.014132500787371,9.330155799284546,0.7832222837588461,0.16290069126406337,0.799983612951373
1,1,map_001_robot_1__control_points_20260806_125700,8.200000000000001,6.092384369805348,9.346785772472735,0.7819855976236916,0.16877924562233915,0.7999924428666361
1,1,map_001_robot_1__control_points_20260806_125700,8.3,6.17052962031211,9.363911648409013,0.7810945205750706,0.17287951320206218,0.7999974850944104
1,1,map_001_robot_1__control_points_20260806_125700,8.4,6.248603273920361,9.381361675113148,0.7805627665265646,0.17527429697477714,0.7999995697921385
1,1,map_001_robot_1__control_points_20260806_125700,8.5,6.326642173617422,9.39896650780397,0.7804513161956166,0.17577156853376152,0.7999999382851783
1,1,map_001_robot_1__control_points_20260806_125700,8.6,6.404693537159484,9.4165159888199,0.7807578614530151,0.17439921402982606,0.7999987025457644
1,1,map_001_robot_1__control_points_20260806_125700,8.700000000000001,6.482793745908027,9.433846350609935,0.7814129206565923,0.17142372492568114,0.7999951537581096
1,1,map_001_robot_1__control_points_20260806_125700,8.8,6.560976121290803,9.450800733805035,0.78239299077201,0.16686348876778112,0.7999888848558621
1,1,map_001_robot_1__control_points_20260806_125700,8.9,6.639272344062428,9.467219048363491,0.783679937651236,0.16067188998785298,0.7999810628441862
1,1,map_001_robot_1__control_points_20260806_125700,9.0,6.7177121088210505,9.482935111802606,0.7852510783593871,0.15277352289382407,0.7999743779409252
1,1,map_001_robot_1__control_points_20260806_125700,9.1,6.796322559734305,9.497773752942257,0.7870765000345159,0.1430636919813182,0.7999728975846049
1,1,map_001_robot_1__control_points_20260806_125700,9.200000000000001,6.875127408827955,9.51154785019887,0.7892319790742306,0.13060254681905548,0.7999650880063769
1,1,map_001_robot_1__control_points_20260806_125700,9.3,6.954168955549152,9.523894262306067,0.791564267164361,0.1155370902660735,0.7999517537193119
1,1,map_001_robot_1__control_points_20260806_125700,9.4,7.033440262260825,9.534655268252084,0.7938025444469403,0.09874345927278938,0.7999204649961105
1,1,map_001_robot_1__control_points_20260806_125700,9.5,7.11292946443854,9.543642954160624,0.7958937137854534,0.07972281803986192,0.799876572578181
1,1,map_001_robot_1__control_points_20260806_125700,9.600000000000001,7.192619005017917,9.550599831860056,0.7977195245080893,0.058010351689659956,0.7998260065067715
1,1,map_001_robot_1__control_points_20260806_125700,9.700000000000001,7.272473369340159,9.555245024498557,0.7990733434914219,0.03337044767557984,0.799769838801532
1,1,map_001_robot_1__control_points_20260806_125700,9.8,7.3524336737162015,9.557273921395172,0.7996893533630924,0.005573417856240326,0.7997087750355633
1,1,map_001_robot_1__control_points_20260806_125700,9.9,7.432411240012777,9.556359708069804,0.7992337989836713,-0.025581416626842213,0.799643091831917
1,1,map_001_robot_1__control_points_20260806_125700,10.0,7.5122804335129345,9.552157638069804,0.7973008528293519,-0.06023343289596994,0.7995728336811132
1,1,map_001_robot_1__control_points_20260806_125700,10.100000000000001,7.591871410578648,9.54431302149061,0.7934174710655739,-0.09841906193388894,0.7994983396755978
1,1,map_001_robot_1__control_points_20260806_125700,10.200000000000001,7.67096392772605,9.532473825683027,0.787062615865878,-0.14002327852960406,0.7994210904297044
1,1,map_001_robot_1__control_points_20260806_125700,10.3,7.749283933751823,9.516308365784688,0.7777164583938614,-0.1846979077756572,0.7993473630364937
1,1,map_001_robot_1__control_points_20260806_125700,10.4,7.826507219404822,9.495534244127896,0.7650603768670052,-0.23147663403816665,0.7993114614200921
1,1,map_001_robot_1__control_points_20260806_125700,10.5,7.902296009125224,9.470013038977056,0.7493585351905594,-0.2782401206491585,0.7993470954484035
1,1,map_001_robot_1__control_points_20260806_125700,10.600000000000001,7.976378926442934,9.439886219998064,0.731319019630881,-0.32286230541859595,0.7994170230449709
1,1,map_001_robot_1__control_points_20260806_125700,10.700000000000001,8.0485598130514,9.405440577893337,0.711547531747506,-0.3645361089142227,0.7994913787141735
1,1,map_001_robot_1__control_points_20260806_125700,10.8,8.118688432792435,9.366978998215219,0.6904826590238287,-0.4031680779299336,0.7995691348934961
1,1,map_001_robot_1__control_points_20260806_125700,10.9,8.186656344856164,9.32480696230735,0.6685158240787175,-0.4387788806504531,0.7996501192074639
1,1,map_001_robot_1__control_points_20260806_125700,11.0,8.25239159760818,9.279223222085129,0.6459816686694424,-0.47146918189511666,0.799734647076021
1,1,map_001_robot_1__control_points_20260806_125700,11.100000000000001,8.315852678590053,9.230513125928328,0.6222629422598445,-0.5023958021887722,0.7997579079738933
1,1,map_001_robot_1__control_points_20260806_125700,11.200000000000001,8.376844186060149,9.178744061647373,0.5983030365348228,-0.5307368578271294,0.7997800546293987
1,1,map_001_robot_1__control_points_20260806_125700,11.3,8.435513285897018,9.124365754362902,0.5751803751369025,-0.5556639193421802,0.7997467444143431
1,1,map_001_robot_1__control_points_20260806_125700,11.4,8.491880261087529,9.067611277778937,0.5522937843597902,-0.5783846213461814,0.7997231986457715
1,1,map_001_robot_1__control_points_20260806_125700,11.5,8.545972042768975,9.008688830093666,0.5297055364385272,-0.5991258182633956,0.7997122616562855
1,1,map_001_robot_1__control_points_20260806_125700,11.600000000000001,8.597821368375234,8.947786114126258,0.5074591418709105,-0.6180856581739036,0.7997153628064353
1,1,map_001_robot_1__control_points_20260806_125700,11.700000000000001,8.647463871143158,8.885071698458885,0.48557232647905124,-0.6354473907795821,0.7997336248344553
1,1,map_001_robot_1__control_points_20260806_125700,11.8,8.694935833671044,8.820696635970341,0.46404310078530386,-0.6513776124912098,0.7997679622497943
1,1,map_001_robot_1__control_points_20260806_125700,11.9,8.740272491300217,8.754796175960644,0.4428546992892919,-0.666025871628662,0.7998191960445361
1,1,map_001_robot_1__control_points_20260806_125700,12.0,8.783506773528902,8.68749146164461,0.42156000753233513,-0.6797662327885305,0.7998718467293202
1,1,map_001_robot_1__control_points_20260806_125700,12.100000000000001,8.824584492806684,8.618842929402938,0.39901485203095177,-0.6932459605206418,0.7998767492054445
1,1,map_001_robot_1__control_points_20260806_125700,12.200000000000001,8.863309743935094,8.548842269540481,0.3770564382573198,-0.7054238130135104,0.7998714356681429
1,1,map_001_robot_1__control_points_20260806_125700,12.3,8.899995780458148,8.477758166800237,0.35674714702103216,-0.7158636254906554,0.7998307678554704
1,1,map_001_robot_1__control_points_20260806_125700,12.4,8.9346591733393,8.40566954444235,0.336575823371831,-0.7255493140866349,0.7998156612932835
1,1,map_001_robot_1__control_points_20260806_125700,12.5,8.967310945132514,8.33264830398291,0.3164861015254772,-0.7345457666584068,0.7998255658420661
1,1,map_001_robot_1__control_points_20260806_125700,12.600000000000001,8.997956393644396,8.258760391110668,0.2964198781269687,-0.7429077527865005,0.7998604086333408
1,1,map_001_robot_1__control_points_20260806_125700,12.700000000000001,9.026594920757908,8.18406675342561,0.27552501985116606,-0.7509442010006779,0.7998945115329471
1,1,map_001_robot_1__control_points_20260806_125700,12.8,9.053061397614629,8.108571550910533,0.25307152045814263,-0.7588050856985262,0.7998939633157284
1,1,map_001_robot_1__control_points_20260806_125700,12.9,9.077209224849538,8.032305736285904,0.2311896588091784,-0.7657367048096262,0.7998758400108162
1,1,map_001_robot_1__control_points_20260806_125700,13.0,9.099299329376464,7.955424209948608,0.21047350041770585,-0.7716455104329683,0.7998349130598377
1,1,map_001_robot_1__control_points_20260806_125700,13.100000000000001,9.11930392493308,7.87797663419931,0.18944303621858438,-0.7770601690633683,0.7998194610763771
1,1,map_001_robot_1__control_points_20260806_125700,13.200000000000001,9.137187936620181,7.800012176135934,0.16802354138054199,-0.7819816141158213,0.7998294538670379
1,1,map_001_robot_1__control_points_20260806_125700,13.3,9.152908633209188,7.721580311376146,0.14613627866445,-0.7864024657451125,0.799865394970858
1,1,map_001_robot_1__control_points_20260806_125700,13.4,9.166415192353071,7.642731682986913,0.12237257675032254,-0.7904660570034494,0.7998822630956972
1,1,map_001_robot_1__control_points_20260806_125700,13.5,9.177383148559253,7.5634870999754575,0.09703858038993474,-0.7939693985648972,0.7998774230728096
1,1,map_001_robot_1__control_points_20260806_125700,13.600000000000001,9.185822908431058,7.483937803273933,0.07226432465974852,-0.7965660960478687,0.7998372821964927
1,1,map_001_robot_1__control_points_20260806_125700,13.700000000000001,9.191836013491203,7.4041738807658835,0.047560047286474116,-0.7983706913812583,0.7997860457362831
1,1,map_001_robot_1__control_points_20260806_125700,13.8,9.195334917888353,7.324263664997681,0.021930355612205688,-0.7994529214278572,0.7997536583703843
1,1,map_001_robot_1__control_points_20260806_125700,13.9,9.196222084613645,7.2442832964803126,-0.004691847378133218,-0.7997273241975478,0.7997410871650833
1,1,map_001_robot_1__control_points_20260806_125700,14.0,9.194396548412726,7.1643182001581724,-0.03213386559077236,-0.7991114856738974,0.7997573080964934
1,1,map_001_robot_1__control_points_20260806_125700,14.100000000000001,9.18979531149549,7.0844609993455325,-0.0596704824112706,-0.7975751589545581,0.799804163938012
1,1,map_001_robot_1__control_points_20260806_125700,14.200000000000001,9.182462451930473,7.00480316836726,-0.0863865131630277,-0.7951842390909505,0.7998628655932964
1,1,map_001_robot_1__control_points_20260806_125700,14.3,9.172518008862884,6.925424151527343,-0.11289335394606326,-0.7918753460443426,0.7998821619701483
1,1,map_001_robot_1__control_points_20260806_125700,14.4,9.159883781141259,6.846428099158392,-0.13783448822776023,-0.7879338407674297,0.7998987958307737
1,1,map_001_robot_1__control_points_20260806_125700,14.5,9.144951111217331,6.767837383373858,-0.1598729467262885,-0.7837462515246685,0.7998859580427172
1,1,map_001_robot_1__control_points_20260806_125700,14.600000000000001,9.127909191796,6.6896788488534575,-0.18012857702632346,-0.7793382071254911,0.799883957425765
1,1,map_001_robot_1__control_points_20260806_125700,14.700000000000001,9.108925395812065,6.611969741948759,-0.1986885325411194,-0.774822933949693,0.7998923127132513
1,1,map_001_robot_1__control_points_20260806_125700,14.8,9.088171485287777,6.5347142620635195,-0.21552031430630336,-0.7703259238224618,0.799906891326495
1,1,map_001_robot_1__control_points_20260806_125700,14.9,9.065821332950804,6.457904557184267,-0.2306112845472157,-0.7659618453802715,0.7999244421436739
1,1,map_001_robot_1__control_points_20260806_125700,15.0,9.042049228378334,6.3815218929874655,-0.2439629425830674,-0.761833351444853,0.7999424808868986
1,1,map_001_robot_1__control_points_20260806_125700,15.100000000000001,9.01702874443419,6.305537886895294,-0.25558556797233933,-0.7580308291945563,0.7999591993127713
1,1,map_001_robot_1__control_points_20260806_125700,15.200000000000001,8.990932114783865,6.229915727148553,-0.26549341662558135,-0.7546328095849972,0.7999733942911297
1,1,map_001_robot_1__control_points_20260806_125700,15.3,8.963930061109075,6.154611324978296,-0.2737005444965206,-0.7517067714359698,0.799984411273358
1,1,map_001_robot_1__control_points_20260806_125700,15.4,8.93619200588456,6.07957437286136,-0.2802172564704577,-0.7493101113189837,0.7999920960538911
1,1,map_001_robot_1__control_points_20260806_125700,15.5,8.907886609814982,6.004749302714499,-0.28505439746766115,-0.7474882848010509,0.7999967158873018
1,1,map_001_robot_1__control_points_20260806_125700,15.600000000000001,8.879181126391028,5.930076715901149,-0.2881959684828459,-0.7462851789388232,0.7999990528453873
1,1,map_001_robot_1__control_points_20260806_125700,15.700000000000001,8.850247416118412,5.855492266926734,-0.2894794063061923,-0.7457892647588871,0.7999999713156163
1,1,map_001_robot_1__control_points_20260806_125700,15.8,8.82128524512979,5.780918862949372,-0.2888941732128316,-0.7460156367465345,0.7999994834914975
1,1,map_001_robot_1__control_points_20260806_125700,15.9,8.792468581475847,5.706289139577428,-0.28654468623211216,-0.7469187046802546,0.7999971303755339
1,1,map_001_robot_1__control_points_20260806_125700,16.0,8.763976307883368,5.631535122013322,-0.2823745593515028,-0.7484998017699453,0.7999920905975276
1,1,map_001_robot_1__control_points_20260806_125700,16.1,8.735993669605545,5.556589179223438,-0.27631296548923956,-0.7507497927080884,0.7999838161792371
1,1,map_001_robot_1__control_points_20260806_125700,16.2,8.708713714785521,5.481385163471705,-0.2682750728148591,-0.7536468808776569,0.7999719593526007
1,1,map_001_robot_1__control_points_20260806_125700,16.3,8.682338655042575,5.405859803047907,-0.25816333001010605,-0.757153735989224,0.7999563018592618
1,1,map_001_robot_1__control_points_20260806_125700,16.400000000000002,8.657081048783498,5.329954416273858,-0.2458698910552215,-0.7612139724206699,0.7999366944552317
1,1,map_001_robot_1__control_points_20260806_125700,16.5,8.63316467683153,5.253617008563774,-0.23128054161622913,-0.7657480945312827,0.7999130160264843
1,1,map_001_robot_1__control_points_20260806_125700,16.6,8.610824940460251,5.176804797367602,-0.21428053841435002,-0.7706491574323664,0.7998851623791755
1,1,map_001_robot_1__control_points_20260806_125700,16.7,8.590308569148661,5.099487177077301,-0.1947627717537017,-0.7757785777537798,0.7998530733596402
1,1,map_001_robot_1__control_points_20260806_125700,16.8,8.57187238610951,5.021649081816847,-0.17263856911304742,-0.7809627659587974,0.7998168023737785
1,1,map_001_robot_1__control_points_20260806_125700,16.900000000000002,8.55578085532605,4.9432946238855395,-0.14785122457995925,-0.7859915162806068,0.7997766239862734
1,1,map_001_robot_1__control_points_20260806_125700,17.0,8.542302141193518,4.864450778560726,-0.12039191713399333,-0.7906193266722283,0.7997331638858339
1,1,map_001_robot_1__control_points_20260806_125700,17.1,8.531702471899253,4.785170758551095,-0.09031704780353067,-0.7945709329935688,0.7996875244007597
1,1,map_001_robot_1__control_points_20260806_125700,17.2,8.524238731632813,4.705536591962013,-0.05780585150062478,-0.7975511269696298,0.7996432433268219
1,1,map_001_robot_1__control_points_20260806_125700,17.3,8.520141301599129,4.625660533157169,-0.02361055169212989,-0.7992747576291492,0.7996234090710089
1,1,map_001_robot_1__control_points_20260806_125700,17.400000000000002,8.519516621294388,4.545681640436181,0.010701794935521036,-0.7995704808148716,0.7996420963189512
1,1,map_001_robot_1__control_points_20260806_125700,17.5,8.522281660586232,4.465746436994196,0.043761923913294254,-0.7984776290488078,0.799675953168531
1,1,map_001_robot_1__control_points_20260806_125700,17.6,8.528269006077048,4.385986114626419,0.07511037036015722,-0.7961745297914007,0.7997096033087248
1,1,map_001_robot_1__control_points_20260806_125700,17.7,8.537303734658263,4.306511531035916,0.10470015365736174,-0.7928594185480904,0.7997425709291028
1,1,map_001_robot_1__control_points_20260806_125700,17.8,8.54920903680852,4.227414230916802,0.1325308759914705,-0.7887174950021816,0.7997747933097059
1,1,map_001_robot_1__control_points_20260806_125700,17.900000000000002,8.563809909856557,4.148768032035478,0.15863479964525595,-0.7839165755906592,0.7998063497774172
1,1,map_001_robot_1__control_points_20260806_125700,18.0,8.580935996737571,4.07063091579867,0.18306868792817,-0.7786049781123872,0.7998373937502126
1,1,map_001_robot_1__control_points_20260806_125700,18.1,8.600423647442192,3.993047036413001,0.20590656783959105,-0.7729110213870491,0.7998680901630292
1,1,map_001_robot_1__control_points_20260806_125700,18.2,8.62211731030549,3.9160487115212606,0.22723361671492626,-0.7669436740839437,0.7998985659336592
1,1,map_001_robot_1__control_points_20260806_125700,18.3,8.645870370785177,3.839658301596212,0.24728086481773914,-0.7607445392763026,0.7999250465785672
1,1,map_001_robot_1__control_points_20260806_125700,18.400000000000002,8.671573483269038,3.763899803665998,0.2666609476377886,-0.7541780772501383,0.7999328929352755
1,1,map_001_robot_1__control_points_20260806_125700,18.5,8.699202560312736,3.6888226861461844,0.28462858729768215,-0.747586955703138,0.7999373031960442
1,1,map_001_robot_1__control_points_20260806_125700,18.6,8.728499200728574,3.6143824125253716,0.3007483406056295,-0.7412389142965736,0.7999279295315316
1,1,map_001_robot_1__control_points_20260806_125700,18.7,8.759352228433862,3.54057490328687,0.31579997265483684,-0.7349480954507825,0.7999239499699508
1,1,map_001_robot_1__control_points_20260806_125700,18.8,8.791659195259543,3.467392793435216,0.32986796127955387,-0.7287433359388693,0.7999248224389846
1,1,map_001_robot_1__control_points_20260806_125700,18.900000000000002,8.825325820689773,3.394826236099094,0.34303099883711496,-0.7226462079267009,0.7999298769229897
1,1,map_001_robot_1__control_points_20260806_125700,19.0,8.860265395026964,3.322863551849876,0.3553617616887763,-0.7166724525471331,0.7999383638196592
1,1,map_001_robot_1__control_points_20260806_125700,19.1,8.896398173027528,3.251491745589668,0.36692690838913933,-0.7108332019324113,0.7999494965743126
1,1,map_001_robot_1__control_points_20260806_125700,19.200000000000003,8.933650776704793,3.1806969114633916,0.3777872325995233,-0.7051360071589254,0.7999624876875405
1,1,map_001_robot_1__control_points_20260806_125700,19.3,8.971955619547433,3.1104645441578835,0.3881494891777564,-0.699498600658341,0.799973948495781
1,1,map_001_robot_1__control_points_20260806_125700,19.400000000000002,9.011280674540343,3.0407971913317238,0.39840099284595,-0.6937141247804153,0.799976648422
1,1,map_001_robot_1__control_points_20260806_125700,19.5,9.051635818116624,2.971721719201801,0.4078615572234625,-0.6881953418587763,0.799977423691985
1,1,map_001_robot_1__control_points_20260806_125700,19.6,9.092852985985035,2.9031581229599692,0.41623684604292777,-0.6831567537965153,0.7999726634464184
1,1,map_001_robot_1__control_points_20260806_125700,19.700000000000003,9.134883187325212,2.8350903684424957,0.4241393424817588,-0.6782775896626081,0.7999716685479406
1,1,map_001_robot_1__control_points_20260806_125700,19.8,9.177680854481387,2.767502605027448,0.43160126831084966,-0.673556052602521,0.7999733813102934
1,1,map_001_robot_1__control_points_20260806_125700,19.900000000000002,9.22120344098738,2.700379157921992,0.43865096814580795,-0.668990547343725,0.7999768898477702
1,1,map_001_robot_1__control_points_20260806_125700,20.0,9.265411048110549,2.6337044955587032,0.44531317235084344,-0.6645799132222656,0.7999814263641913
1,1,map_001_robot_1__control_points_20260806_125700,20.1,9.31026607545755,2.567463175277539,0.4516092136962868,-0.6603236316751069,0.7999863626612523
1,1,map_001_robot_1__control_points_20260806_125700,20.200000000000003,9.355732890849808,2.5016397692236803,0.45763444278345844,-0.6561670898965186,0.7999903331197149
1,1,map_001_robot_1__control_points_20260806_125700,20.3,9.401792964014241,2.4362297572982357,0.46352599495204316,-0.6520200054439957,0.7999915221397472
1,1,map_001_robot_1__control_points_20260806_125700,20.400000000000002,9.448438089840216,2.371235768134882,0.4689515284958432,-0.6481293379137085,0.7999919841742477
1,1,map_001_robot_1__control_points_20260806_125700,20.5,9.495583269713409,2.3066038897154946,0.4738026072945658,-0.6445901716906768,0.7999908750225496
1,1,map_001_robot_1__control_points_20260806_125700,20.6,9.543198611299129,2.2423177337967473,0.4783569274985382,-0.6412175831243729,0.7999908368185874
1,1,map_001_robot_1__control_points_20260806_125700,20.700000000000003,9.591254655213117,2.178360373090618,0.48261719908852285,-0.6380179967789132,0.799991453122987
1,1,map_001_robot_1__control_points_20260806_125700,20.8,9.639722051116834,2.1147141344409652,0.4865827613726239,-0.635000071581695,0.7999924215727082
1,1,map_001_robot_1__control_points_20260806_125700,20.900000000000002,9.688571207487641,2.0513603587742795,0.49024925858078916,-0.632175072892748,0.7999935364276168
1,1,map_001_robot_1__control_points_20260806_125700,21.0,9.737771902832991,1.988279119862416,0.49360817784629774,-0.6295573361590119,0.7999946704499808
1,1,map_001_robot_1__control_points_20260806_125700,21.1,9.7872928430569,1.9254488915424774,0.4966462130138396,-0.6271648496199571,0.7999957559261246
1,1,map_001_robot_1__control_points_20260806_125700,21.200000000000003,9.83710114543576,1.8628461499384228,0.4993444034067238,-0.6250199919815227,0.7999967647373329
1,1,map_001_robot_1__control_points_20260806_125700,21.3,9.887161723738243,1.8004448931461734,0.5016769764374303,-0.6231504727013615,0.7999976876937409
1,1,map_001_robot_1__control_points_20260806_125700,21.400000000000002,9.937436540723247,1.7382160553981507,0.5036097938861204,-0.621590538848869,0.7999985140513999
1,1,map_001_robot_1__control_points_20260806_125700,21.5,9.987883682515466,1.6761267853764004,0.5050982593584266,-0.6203825353460015,0.7999992136053917
1,1,map_001_robot_1__control_points_20260806_125700,21.6,10.038456192594932,1.614139548328951,0.5060844818926142,-0.6195789375880825,0.7999997266970114
1,1,map_001_robot_1__control_points_20260806_125700,21.700000000000003,10.08910057889399,1.5522109978587821,0.5065525631836181,-0.6191966491937961,0.799999993525449
1,1,map_001_robot_1__control_points_20260806_125700,21.71164592602489,10.094999999999999,1.545,0.5065652223276567,-0.6191863011470895,0.8000000000000516
1,1,map_001_robot_1__control_points_20260806_125735,0.0,0.9599999999999999,11.115000000000002,0.6056031875992895,0.5227282077424,0.8000000000000013
1,1,map_001_robot_1__control_points_20260806_125735,0.1,1.0205603187599288,11.167272820774242,0.613132959545899,0.513567019982176,0.799801919286823
1,1,map_001_robot_1__control_points_20260806_125735,0.2,1.0826265919091795,11.217713403996438,0.6284258895788248,0.49457009801489704,0.7996991187586755
1,1,map_001_robot_1__control_points_20260806_125735,0.30000000000000004,1.146245496675694,11.266186840377223,0.6448459855052064,0.47309100445980334,0.7997758708056693
1,1,map_001_robot_1__control_points_20260806_125735,0.4,1.211595789010221,11.3123316048884,0.6638228933057135,0.4460336145010828,0.799754224084918
1,1,map_001_robot_1__control_points_20260806_125735,0.5,1.2790100753368367,11.35539356327744,0.6813988776311835,0.4186441904714471,0.7997295722008345
1,1,map_001_robot_1__control_points_20260806_125735,0.6000000000000001,1.3478755645364575,11.396060442982687,0.6958047125763844,0.39404504928582185,0.7996347284292814
1,1,map_001_robot_1__control_points_20260806_125735,0.7000000000000001,1.4181710178521139,11.434202573134606,0.7099087994814832,0.36817120009321513,0.7997002789541335
1,1,map_001_robot_1__control_points_20260806_125735,0.8,1.489857324432754,11.46969468300133,0.7246820202482942,0.338272801725914,0.7997452837364211
1,1,map_001_robot_1__control_points_20260806_125735,0.9,1.5631074219017727,11.501857133479788,0.7390294628684808,0.30566912931472956,0.7997488128179373
1,1,map_001_robot_1__control_points_20260806_125735,1.0,1.63766321700645,11.530828508864277,0.7508773117275727,0.2750324266555779,0.7996621617778862
1,1,map_001_robot_1__control_points_20260806_125735,1.1,1.7132828842472871,11.556863618810903,0.7610438497581686,0.245307358567608,0.7996020519121689
1,1,map_001_robot_1__control_points_20260806_125735,1.2000000000000002,1.789871986958084,11.579889980577798,0.7702131337632743,0.214930565144968,0.7996395558343639
1,1,map_001_robot_1__control_points_20260806_125735,1.3,1.8673255109999418,11.599849731839894,0.778290491573955,0.18405300904804278,0.7997572127927747
1,1,map_001_robot_1__control_points_20260806_125735,1.4000000000000001,1.9455300852728754,11.61670058238741,0.7856988839365773,0.14929919950779436,0.7997580804173543
1,1,map_001_robot_1__control_points_20260806_125735,1.5,2.024465287787257,11.62970957174145,0.7915467330293673,0.1144124880398465,0.7997727477158324
1,1,map_001_robot_1__control_points_20260806_125735,1.6,2.103839431878749,11.639583079995381,0.7953301131479407,0.08320956611037644,0.7996710703609285
1,1,map_001_robot_1__control_points_20260806_125735,1.7000000000000002,2.183531310416845,11.646351484963526,0.7979264073394692,0.05225832912348238,0.7996358449272085
1,1,map_001_robot_1__control_points_20260806_125735,1.8,2.2634247133466423,11.650034745820074,0.7993714904249263,0.021565956957800836,0.7996623476215906
1,1,map_001_robot_1__control_points_20260806_125735,1.9000000000000001,2.343405608501831,11.65066467635509,0.7996940265686519,-0.008755968589731822,0.799741960331911
1,1,map_001_robot_1__control_points_20260806_125735,2.0,2.423363518660372,11.648283552102125,0.7987890664322279,-0.040179045525512436,0.7997989299511543
1,1,map_001_robot_1__control_points_20260806_125735,2.1,2.503163421788277,11.64262886724999,0.7965122002853278,-0.07252702414088219,0.7998073858336807
1,1,map_001_robot_1__control_points_20260806_125735,2.2,2.582665958717438,11.633778147273949,0.7931686931368187,-0.10254377960895766,0.7997698434605167
1,1,map_001_robot_1__control_points_20260806_125735,2.3000000000000003,2.6617971604156407,11.622120111328199,0.7890362373498174,-0.13027341082900534,0.7997182912877385
1,1,map_001_robot_1__control_points_20260806_125735,2.4000000000000004,2.7404732061874015,11.607723465108148,0.7840947173270223,-0.15730258596109792,0.7997178435487053
1,1,map_001_robot_1__control_points_20260806_125735,2.5,2.8186161038810456,11.590659594135982,0.778401908866238,-0.18360999758332497,0.7997638169729558
1,1,map_001_robot_1__control_points_20260806_125735,2.6,2.8961535879606486,11.57100146559148,0.7719328307882751,-0.2094457802286911,0.7998423782873754
1,1,map_001_robot_1__control_points_20260806_125735,2.7,2.9730026700387007,11.548770438090243,0.7638876369803747,-0.23712155378335353,0.7998443306044574
1,1,map_001_robot_1__control_points_20260806_125735,2.8000000000000003,3.048931115356724,11.52357715483481,0.7551389123874692,-0.263669854358497,0.799847841216791
1,1,map_001_robot_1__control_points_20260806_125735,2.9000000000000004,3.1240304525161946,11.496036467218543,0.7465989952130752,-0.28679209933142147,0.7997873266638434
1,1,map_001_robot_1__control_points_20260806_125735,3.0,3.198250914399339,11.466218734968527,0.7375790213521292,-0.3092209966409669,0.7997752418663618
1,1,map_001_robot_1__control_points_20260806_125735,3.1,3.2715462567866194,11.434192267890348,0.7281121937787933,-0.3309783768985497,0.799808760081912
1,1,map_001_robot_1__control_points_20260806_125735,3.2,3.343873353155098,11.400023059588817,0.718012303712154,-0.3524928439403183,0.7998705353437943
1,1,map_001_robot_1__control_points_20260806_125735,3.3000000000000003,3.41514871752905,11.363693699102283,0.7061995220454271,-0.37559960284777105,0.7998705061424587
1,1,map_001_robot_1__control_points_20260806_125735,3.4000000000000004,3.485113257564184,11.324903139019263,0.6940619582527283,-0.39757481252387805,0.7998673224022899
1,1,map_001_robot_1__control_points_20260806_125735,3.5,3.553961109179596,11.28417873659751,0.6827271115907507,-0.41664085536464057,0.7998161734173852
1,1,map_001_robot_1__control_points_20260806_125735,3.6,3.621658679882334,11.241574967946331,0.671060824866327,-0.4351754835662973,0.7998126856754874
1,1,map_001_robot_1__control_points_20260806_125735,3.7,3.6881732741528617,11.197143639884251,0.6590707928394366,-0.4532049880040603,0.7998556564316864
1,1,map_001_robot_1__control_points_20260806_125735,3.8000000000000003,3.7534728384502216,11.150933970345518,0.6456302165530126,-0.4722008190044562,0.7998824851156382
1,1,map_001_robot_1__control_points_20260806_125735,3.9000000000000004,3.8172993174634646,11.10270347608336,0.6309621701942341,-0.4916328819697995,0.7998850860280796
1,1,map_001_robot_1__control_points_20260806_125735,4.0,3.879665272489069,11.05260739395156,0.6169438682439932,-0.509058234791631,0.799850000295701
1,1,map_001_robot_1__control_points_20260806_125735,4.1000000000000005,3.9406880911122637,11.000891829125033,0.6033506382471892,-0.5250555075157735,0.7998220293577422
1,1,map_001_robot_1__control_points_20260806_125735,4.2,4.000335400138507,10.947596292448406,0.5894301173910463,-0.5406665983180332,0.7998426306620673
1,1,map_001_robot_1__control_points_20260806_125735,4.3,4.058574114590472,10.892758509461427,0.5746164723956042,-0.5564502471761941,0.799888097130352
1,1,map_001_robot_1__control_points_20260806_125735,4.4,4.115258694617628,10.836306243013167,0.557632052745948,-0.5734646215728318,0.7998844781875262
1,1,map_001_robot_1__control_points_20260806_125735,4.5,4.170100525139662,10.77806558514686,0.540674027326741,-0.5894614831771179,0.7998707670462054
1,1,map_001_robot_1__control_points_20260806_125735,4.6000000000000005,4.2233935000829765,10.718413946377744,0.5249926520563513,-0.6034077119380896,0.799823825313751
1,1,map_001_robot_1__control_points_20260806_125735,4.7,4.275099055550933,10.657384042759244,0.5089182865620252,-0.6170299078852537,0.7998273123756855
1,1,map_001_robot_1__control_points_20260806_125735,4.800000000000001,4.325177157395381,10.595007964800693,0.49243599119531467,-0.630333478836647,0.7998834289862629
1,1,map_001_robot_1__control_points_20260806_125735,4.9,4.373586253789996,10.531317346991914,0.47290167213369827,-0.6451110438904237,0.799877647178767
1,1,map_001_robot_1__control_points_20260806_125735,5.0,4.4197574918221205,10.465985756022608,0.45264262100240416,-0.6594880855745018,0.799881164525486
1,1,map_001_robot_1__control_points_20260806_125735,5.1000000000000005,4.464114777990477,10.399419729877012,0.4343575988611228,-0.6715962958634876,0.7998175468855113
1,1,map_001_robot_1__control_points_20260806_125735,5.2,4.506629011594345,10.33166649684991,0.41568005720305123,-0.6832968952146743,0.7998028238049335
1,1,map_001_robot_1__control_points_20260806_125735,5.300000000000001,4.547250789431087,10.262760350834078,0.39650132815704353,-0.6946493939615124,0.7998444122211494
1,1,map_001_robot_1__control_points_20260806_125735,5.4,4.5859292772257545,10.192736618057609,0.3748071043539021,-0.7066137117930609,0.7998645530138986
1,1,map_001_robot_1__control_points_20260806_125735,5.5,4.622212210301867,10.121437608475468,0.35131905152359266,-0.7185779726534633,0.7998620998310886
1,1,map_001_robot_1__control_points_20260806_125735,5.6000000000000005,4.656193087530473,10.049021023526915,0.32908118327737057,-0.7289724091503658,0.7998094763690429
1,1,map_001_robot_1__control_points_20260806_125735,5.7,4.688028446957341,9.975643126645394,0.3073477417792745,-0.7383560027271301,0.7997701051802357
1,1,map_001_robot_1__control_points_20260806_125735,5.800000000000001,4.717662635886328,9.901349822981489,0.2850582941630897,-0.7472675950428069,0.7997919039801735
1,1,map_001_robot_1__control_points_20260806_125735,5.9,4.7450401057899585,9.826189607636833,0.261329322594154,-0.7559513040505195,0.7998471034786587
1,1,map_001_robot_1__control_points_20260806_125735,6.0,4.769928500405159,9.750159562171385,0.2342978282125614,-0.7647507353347365,0.7998369580734208
1,1,map_001_robot_1__control_points_20260806_125735,6.1000000000000005,4.791899671432471,9.673239460569885,0.20739908282088493,-0.7724535875463161,0.7998118056568798
1,1,map_001_robot_1__control_points_20260806_125735,6.2,4.811408316969336,9.595668844662121,0.18252725037823225,-0.7786306491666579,0.799738635400547
1,1,map_001_robot_1__control_points_20260806_125735,6.300000000000001,4.828405121508118,9.517513330736554,0.1571812994958819,-0.7841363544512632,0.7997348206020113
1,1,map_001_robot_1__control_points_20260806_125735,6.4,4.842844576868512,9.43884157377187,0.1314039786201633,-0.7889419203966952,0.7998102020832403
1,1,map_001_robot_1__control_points_20260806_125735,6.5,4.854685917232151,9.359724946657217,0.10164599674794417,-0.793325396649287,0.79981066110901
1,1,map_001_robot_1__control_points_20260806_125735,6.6000000000000005,4.863173776218102,9.280176494442012,0.07126224177945062,-0.7966421145401981,0.7998230840395337
1,1,map_001_robot_1__control_points_20260806_125735,6.7,4.868938365588041,9.200396523749177,0.04498120663160421,-0.7984896212755217,0.7997555778078458
1,1,map_001_robot_1__control_points_20260806_125735,6.800000000000001,4.8721700175444225,9.120478570186906,0.020127167638058552,-0.7995039614593438,0.7997572677170958
1,1,map_001_robot_1__control_points_20260806_125735,6.9,4.872963799115652,9.040495731457309,-0.0037511106821632723,-0.7998242667753033,0.7998330629287598
1,1,map_001_robot_1__control_points_20260806_125735,7.0,4.87141979540799,8.960513716831846,-0.02948018737395941,-0.7993177533892819,0.7998612081673249
1,1,map_001_robot_1__control_points_20260806_125735,7.1000000000000005,4.86706776164086,8.880632180779452,-0.054770131952508905,-0.7980026734268222,0.7998800123458835
1,1,map_001_robot_1__control_points_20260806_125735,7.2,4.860465769017488,8.80091318214648,-0.0758733772740392,-0.7962356585278556,0.7998424802986253
1,1,map_001_robot_1__control_points_20260806_125735,7.300000000000001,4.8518930861860525,8.72138504907388,-0.09507805126161273,-0.7941811004334269,0.7998521464104194
1,1,map_001_robot_1__control_points_20260806_125735,7.4,4.8414501587651655,8.642076962059795,-0.11388930631227723,-0.7917571290221233,0.7999063229214074
1,1,map_001_robot_1__control_points_20260806_125735,7.5,4.829115224923597,8.563033623269456,-0.13447044316056278,-0.7885282872214248,0.7999119700518
1,1,map_001_robot_1__control_points_20260806_125735,7.6000000000000005,4.814556070133053,8.48437130461551,-0.1532362464518009,-0.7851033118826152,0.7999178442538258
1,1,map_001_robot_1__control_points_20260806_125735,7.7,4.798467975633236,8.406012960892932,-0.16811697598417297,-0.7820335220986507,0.7998998357920095
1,1,map_001_robot_1__control_points_20260806_125735,7.800000000000001,4.780932674936218,8.327964600195779,-0.1822226832613012,-0.7789074951665711,0.799938742855733
1,1,map_001_robot_1__control_points_20260806_125735,7.9,4.762023438980976,8.250231461859617,-0.1985835295679763,-0.7748988834515131,0.7999398088544394
1,1,map_001_robot_1__control_points_20260806_125735,8.0,4.7412159690226225,8.172984823505477,-0.2139016511732592,-0.7708250263236991,0.799953209620149
1,1,map_001_robot_1__control_points_20260806_125735,8.1,4.7192431087463245,8.096066456594878,-0.22525848110536728,-0.7675651836462549,0.7999360564793951
1,1,map_001_robot_1__control_points_20260806_125735,8.200000000000001,4.696164272801549,8.019471786776226,-0.23647490266658977,-0.7642074747059411,0.7999584014107263
1,1,map_001_robot_1__control_points_20260806_125735,8.3,4.671948128213006,7.943224961653689,-0.24931994130941248,-0.7601157520207167,0.7999602425149318
1,1,map_001_robot_1__control_points_20260806_125735,8.4,4.646300284539667,7.8674486363720835,-0.26090824579641136,-0.7562215057548087,0.7999650482931306
1,1,map_001_robot_1__control_points_20260806_125735,8.5,4.619766479053724,7.791980660502729,-0.2695652401511026,-0.7531751924679284,0.7999614298494788
1,1,map_001_robot_1__control_points_20260806_125735,8.6,4.592387236509446,7.716813597878499,-0.27905662017618127,-0.7497208819149819,0.7999712482605432
1,1,map_001_robot_1__control_points_20260806_125735,8.700000000000001,4.563955155018487,7.642036484119731,-0.289059188572228,-0.7459259839818984,0.7999754921729778
1,1,map_001_robot_1__control_points_20260806_125735,8.8,4.534575398795,7.567628401082119,-0.29718107159984797,-0.7427247544303768,0.7999729058917542
1,1,map_001_robot_1__control_points_20260806_125735,8.9,4.504518940698517,7.493491533233657,-0.3038822105963561,-0.7400176095294526,0.7999815374935934
1,1,map_001_robot_1__control_points_20260806_125735,9.0,4.473798956675729,7.419624879176229,-0.3121503581311913,-0.7365680209147882,0.7999814344819253
1,1,map_001_robot_1__control_points_20260806_125735,9.1,4.44208886907228,7.3461779290506986,-0.31979101588782655,-0.7332884928261407,0.7999864421062404
1,1,map_001_robot_1__control_points_20260806_125735,9.200000000000001,4.409840753498163,7.2729671806109994,-0.3250773528066553,-0.7309575696569723,0.7999839085547972
1,1,map_001_robot_1__control_points_20260806_125735,9.3,4.377073398510948,7.199986415119304,-0.3312065800544737,-0.7282044582515255,0.7999872072032016
1,1,map_001_robot_1__control_points_20260806_125735,9.4,4.343599437487269,7.1273262889606945,-0.33748816753781696,-0.7253176349759372,0.7999899592089393
1,1,map_001_robot_1__control_points_20260806_125735,9.5,4.309575765003385,7.054922888124117,-0.34228385957719,-0.7230655589045512,0.799988776796905
1,1,map_001_robot_1__control_points_20260806_125735,9.600000000000001,4.275142665571831,6.982713177179784,-0.34670406329675174,-0.7209600562468879,0.7999919438406825
1,1,map_001_robot_1__control_points_20260806_125735,9.700000000000001,4.240234952344034,6.910730876874739,-0.35171996314526766,-0.718527559774877,0.799992991613644
1,1,map_001_robot_1__control_points_20260806_125735,9.8,4.204798672942777,6.83900766522481,-0.3559353524462807,-0.7164495496950423,0.7999937077123088
1,1,map_001_robot_1__control_points_20260806_125735,9.9,4.1690478818547785,6.767440966935731,-0.35903252719349155,-0.7149042942082744,0.7999953158990221
1,1,map_001_robot_1__control_points_20260806_125735,10.0,4.13299216750408,6.696026806383155,-0.3628712895466606,-0.7129639038605475,0.7999956881042101
1,1,map_001_robot_1__control_points_20260806_125735,10.100000000000001,4.096473623945445,6.624848186163622,-0.3663573211913338,-0.7111807692773198,0.7999973583583702
1,1,map_001_robot_1__control_points_20260806_125735,10.200000000000001,4.059720703265812,6.55379065252769,-0.3686325210647752,-0.7100035725171949,0.7999968803525122
1,1,map_001_robot_1__control_points_20260806_125735,10.3,4.02274711973249,6.482847471660184,-0.37115402976983347,-0.7086897514469896,0.7999977985097099
1,1,map_001_robot_1__control_points_20260806_125735,10.4,3.985489897311846,6.412052702238293,-0.373576356007824,-0.7074167753639244,0.7999986173952913
1,1,map_001_robot_1__control_points_20260806_125735,10.5,3.9480318485309254,6.3413641165874,-0.37527459308665456,-0.7065173953920016,0.7999986563787793
1,1,map_001_robot_1__control_points_20260806_125735,10.600000000000001,3.910434978694515,6.270749223159891,-0.3766772940068712,-0.7057711818562034,0.7999992155990161
1,1,map_001_robot_1__control_points_20260806_125735,10.700000000000001,3.872696389729551,6.200209880216159,-0.3780472398847188,-0.7050387317936142,0.7999995805708913
1,1,map_001_robot_1__control_points_20260806_125735,10.8,3.834825530717572,6.129741476801168,-0.3789783795158961,-0.7045389140707101,0.7999998084877459
1,1,map_001_robot_1__control_points_20260806_125735,10.9,3.796900713826372,6.059302097402018,-0.37945401614519625,-0.7042829606661662,0.7999998994083809
1,1,map_001_robot_1__control_points_20260806_125735,11.0,3.7589347274885325,5.988884884667936,-0.37972694518684946,-0.7041359525564523,0.7999999953646995
1,1,map_001_robot_1__control_points_20260806_125735,11.100000000000001,3.720955324789002,5.918474906890727,-0.3796027355771514,-0.7042028706785857,0.7999999499560094
1,1,map_001_robot_1__control_points_20260806_125735,11.200000000000001,3.683014180373102,5.8480443105322175,-0.3791191963171663,-0.7044631096677492,0.7999997736867988
1,1,map_001_robot_1__control_points_20260806_125735,11.3,3.6451314855255688,5.777582284957178,-0.37842988689166646,-0.704833561320239,0.7999997052850774
1,1,map_001_robot_1__control_points_20260806_125735,11.4,3.6073282029947693,5.70707759826817,-0.3770927692445234,-0.7055493306418796,0.7999992591157242
1,1,map_001_robot_1__control_points_20260806_125735,11.5,3.5697129316766643,5.636472418828802,-0.3752408837666721,-0.7065353667301473,0.7999987158055298
1,1,map_001_robot_1__control_points_20260806_125735,11.600000000000001,3.532280026241435,5.56577052492214,-0.37328075551512896,-0.7075714248811025,0.7999974023371696
1,1,map_001_robot_1__control_points_20260806_125735,11.700000000000001,3.495056780573638,5.494958133852581,-0.3710039327367838,-0.7087677790067666,0.7999973016606647
1,1,map_001_robot_1__control_points_20260806_125735,11.8,3.4580792396940785,5.424016969120787,-0.367747024722366,-0.7104620168172033,0.7999963446992246
1,1,map_001_robot_1__control_points_20260806_125735,11.9,3.421507375629165,5.352865730489141,-0.3637104493658505,-0.7125353547857536,0.7999949517325522
1,1,map_001_robot_1__control_points_20260806_125735,12.0,3.3853371498209084,5.2815098981636375,-0.3595430691150625,-0.7146425676665586,0.7999907612402349
1,1,map_001_robot_1__control_points_20260806_125735,12.100000000000001,3.3495987618061522,5.2099372169558285,-0.3549079674393347,-0.7169522073350194,0.7999875830001841
1,1,map_001_robot_1__control_points_20260806_125735,12.200000000000001,3.314355556333041,5.138119456696632,-0.349588626380541,-0.7195621250276076,0.7999886620877074
1,1,map_001_robot_1__control_points_20260806_125735,12.3,3.2796810365300444,5.066024791950308,-0.3427487562174427,-0.7228429104401748,0.799986614301906
1,1,map_001_robot_1__control_points_20260806_125735,12.4,3.2458058050895526,4.993550874608598,-0.33466228565638545,-0.7266179957166834,0.7999828480286851
1,1,map_001_robot_1__control_points_20260806_125735,12.5,3.2127485793987676,4.9207011928069715,-0.32610629925309986,-0.7304846131589642,0.7999706797592984
1,1,map_001_robot_1__control_points_20260806_125735,12.600000000000001,3.180584545238932,4.847453951976804,-0.316513071186181,-0.7346763561629288,0.7999561691346265
1,1,map_001_robot_1__control_points_20260806_125735,12.700000000000001,3.149445965161531,4.773765921574385,-0.30548187917949754,-0.7393159574356538,0.7999420375414925
1,1,map_001_robot_1__control_points_20260806_125735,12.8,3.1194881694030325,4.699590760489674,-0.2927593200483276,-0.7444302803020229,0.7999277853067159
1,1,map_001_robot_1__control_points_20260806_125735,12.9,3.0908941011518656,4.6248798655139804,-0.27804209100882105,-0.7500343028290573,0.7999117825065634
1,1,map_001_robot_1__control_points_20260806_125735,13.0,3.0638797512012683,4.549583899923863,-0.26096769220622207,-0.7561226536340655,0.7998909948949684
1,1,map_001_robot_1__control_points_20260806_125735,13.100000000000001,3.038700562710621,4.473655334787167,-0.2411047058709599,-0.7626571652651357,0.7998608822310131
1,1,map_001_robot_1__control_points_20260806_125735,13.200000000000001,3.0156588100270763,4.397052466870835,-0.21794382367387222,-0.7695489778467461,0.799815691007972
1,1,map_001_robot_1__control_points_20260806_125735,13.3,2.995111797975847,4.319745539217818,-0.1908918557500776,-0.7766334886089332,0.7997495084215998
1,1,map_001_robot_1__control_points_20260806_125735,13.4,2.977480438877061,4.241725769149049,-0.15927261307564322,-0.7836364967606642,0.7996586298735667
1,1,map_001_robot_1__control_points_20260806_125735,13.5,2.9632572753607183,4.163018239865686,-0.12234093633675514,-0.7901306576825142,0.7995459717324305
1,1,map_001_robot_1__control_points_20260806_125735,13.600000000000001,2.9530122516097097,4.083699637612545,-0.07931914974749787,-0.7954835475825064,0.7994282969667234
1,1,map_001_robot_1__control_points_20260806_125735,13.700000000000001,2.9473934454112185,4.003921530349183,-0.02807053075458832,-0.7987511455081204,0.7992442349791327
1,1,map_001_robot_1__control_points_20260806_125735,13.8,2.947398145458792,3.923949408510922,0.03554413516456556,-0.7980808961484129,0.798872018749969
1,1,map_001_robot_1__control_points_20260806_125735,13.9,2.9545022724441314,3.844305351119502,0.1069027865775336,-0.7915035137511488,0.7986901890335556
1,1,map_001_robot_1__control_points_20260806_125735,14.0,2.9687787027742987,3.7656487057606927,0.18329584888874706,-0.7769682950639769,0.7982963733817594
1,1,map_001_robot_1__control_points_20260806_125735,14.100000000000001,2.9911614422218813,3.6889116921067053,0.27250044093534065,-0.7496495892983646,0.7976408947923631
1,1,map_001_robot_1__control_points_20260806_125735,14.200000000000001,3.023278790961367,3.6157187879010184,0.3623921782521382,-0.7108562003438763,0.7979001368753252
1,1,map_001_robot_1__control_points_20260806_125735,14.3,3.0636398778723084,3.5467404520379304,0.4459590789989871,-0.6612036272340944,0.7975398026488384
1,1,map_001_robot_1__control_points_20260806_125735,14.4,3.112470606761164,3.4834780624542003,0.5242490253528995,-0.6014458445093354,0.7978559672403364
1,1,map_001_robot_1__control_points_20260806_125735,14.5,3.168489682942888,3.426451283136064,0.58592154078978,-0.5425390394300358,0.7985315656047266
1,1,map_001_robot_1__control_points_20260806_125735,14.600000000000001,3.229654914919121,3.374970254568193,0.6319330536516503,-0.48876713624879997,0.7988946725159409
1,1,map_001_robot_1__control_points_20260806_125735,14.700000000000001,3.294876293673219,3.3286978558863036,0.668676460532005,-0.437705566482979,0.7991960784437043
1,1,map_001_robot_1__control_points_20260806_125735,14.8,3.3633902070255215,3.287429141271597,0.6974079535552811,-0.3908386773692314,0.7994577696225706
1,1,map_001_robot_1__control_points_20260806_125735,14.9,3.434357884384275,3.2505301204124577,0.718588143872811,-0.3507249574458129,0.7996104778515217
1,1,map_001_robot_1__control_points_20260806_125735,15.0,3.507107835800083,3.217284149782435,0.7344913929878096,-0.3162395398360971,0.7996780933156288
1,1,map_001_robot_1__control_points_20260806_125735,15.100000000000001,3.5812561629818376,3.187282212445238,0.7469987021382529,-0.28562636569578714,0.7997433849534599
1,1,map_001_robot_1__control_points_20260806_125735,15.200000000000001,3.6565075762277344,3.1601588766432775,0.7568939146361338,-0.2584456351892257,0.7998015656158552
1,1,map_001_robot_1__control_points_20260806_125735,15.3,3.732634945909064,3.1355930854073932,0.7647775912147061,-0.23426603218796238,0.7998533227168964
1,1,map_001_robot_1__control_points_20260806_125735,15.4,3.809463094470675,3.113305670205685,0.7711066494511414,-0.21268875342598115,0.7999012255657965
1,1,map_001_robot_1__control_points_20260806_125735,15.5,3.8868562757992917,3.093055334722197,0.7763973473486558,-0.19259253897448758,0.7999279511547706
1,1,map_001_robot_1__control_points_20260806_125735,15.600000000000001,3.964742563940407,3.0747871624107876,0.7808197076119932,-0.17385229807268665,0.7999400210893519
1,1,map_001_robot_1__control_points_20260806_125735,15.700000000000001,4.043020217321691,3.0582848751076592,0.7842724897407756,-0.15752636012540755,0.7999361801409876
1,1,map_001_robot_1__control_points_20260806_125735,15.8,4.121597061888561,3.0432818903857064,0.7870035869004717,-0.1432289104326614,0.7999307261119151
1,1,map_001_robot_1__control_points_20260806_125735,15.9,4.200420934701784,3.0296390930211268,0.7892664463210863,-0.1302244719012684,0.79993745778672
1,1,map_001_robot_1__control_points_20260806_125735,16.0,4.279450351152779,3.017236996005453,0.7911552126373103,-0.11833211565419255,0.7999556613202914
1,1,map_001_robot_1__control_points_20260806_125735,16.1,4.358651977229247,3.005972669890288,0.7928468599788268,-0.10651149700571061,0.7999692758929451
1,1,map_001_robot_1__control_points_20260806_125735,16.2,4.438019723148543,2.9959346966043103,0.7943414160110791,-0.0947606699346526,0.7999736681647406
1,1,map_001_robot_1__control_points_20260806_125735,16.3,4.517520260431462,2.9870205359033575,0.7954702517221968,-0.08473032315682438,0.7999700925892386
1,1,map_001_robot_1__control_points_20260806_125735,16.400000000000002,4.597113773492985,2.9789886319729453,0.7963324094142834,-0.07620055552421157,0.7999698937746073
1,1,map_001_robot_1__control_points_20260806_125735,16.5,4.676786742314318,2.9717804247985153,0.7970854115032786,-0.06800834941149247,0.7999814302976205
1,1,map_001_robot_1__control_points_20260806_125735,16.6,4.75653085579364,2.965386962090647,0.7978145464507236,-0.058854512067032516,0.7999824398816653
1,1,map_001_robot_1__control_points_20260806_125735,16.7,4.836349651604463,2.960009522385109,0.7983912097256969,-0.0504654707456762,0.7999845545414264
1,1,map_001_robot_1__control_points_20260806_125735,16.8,4.916209097738778,2.9552938679415117,0.7987694791164976,-0.044013097419593805,0.7999811457231399
1,1,map_001_robot_1__control_points_20260806_125735,16.900000000000002,4.996103547427765,2.9512069029011903,0.7991083241758723,-0.037493751731966896,0.7999874343926343
1,1,map_001_robot_1__control_points_20260806_125735,17.0,5.076030762573953,2.9477951175951183,0.799421196091572,-0.030110388670305355,0.7999880525772598
1,1,map_001_robot_1__control_points_20260806_125735,17.1,5.155987786646079,2.945184825167129,0.7996437829119394,-0.02348213824714307,0.7999884938962403
1,1,map_001_robot_1__control_points_20260806_125735,17.2,5.23595951915634,2.9430986899456895,0.799778008035144,-0.018332378039563224,0.79998808629957
1,1,map_001_robot_1__control_points_20260806_125735,17.3,5.315943388253106,2.941518349559216,0.799892592197132,-0.012527922161771343,0.7999906923743169
1,1,map_001_robot_1__control_points_20260806_125735,17.400000000000002,5.395938037595769,2.940593105513335,0.7999664409532805,-0.006376455661456504,0.7999918536074357
1,1,map_001_robot_1__control_points_20260806_125735,17.5,5.475936676443762,2.940243058426925,0.7999892929149581,-0.0013137795535786978,0.7999903716891161
1,1,map_001_robot_1__control_points_20260806_125735,17.6,5.55593589617876,2.9403303496026196,0.7999876925162788,0.0030296886662508626,0.7999934294673517
1,1,map_001_robot_1__control_points_20260806_125735,17.7,5.635934214947018,2.940848996160175,0.7999477296760276,0.008511708793927042,0.7999930120947454
1,1,map_001_robot_1__control_points_20260806_125735,17.8,5.715925442113965,2.942032691361405,0.7998759209010586,0.013775494989603843,0.7999945331685243
1,1,map_001_robot_1__control_points_20260806_125735,17.900000000000002,5.795909399127233,2.9436040951580957,0.799798484498929,0.017628056365412093,0.7999927275781985
1,1,map_001_robot_1__control_points_20260806_125735,18.0,5.875885139013751,2.9455583026344874,0.7996936106152681,0.021938074654478612,0.7999944687173965
1,1,map_001_robot_1__control_points_20260806_125735,18.1,5.955848121250286,2.9479917100889916,0.7995477057561509,0.026743676141745,0.7999948487293521
1,1,map_001_robot_1__control_points_20260806_125735,18.2,6.035794680164981,2.9509070378628364,0.7993968275246246,0.0309084037267926,0.7999941357768648
1,1,map_001_robot_1__control_points_20260806_125735,18.3,6.11572748675521,2.95417339083435,0.7992544948632236,0.034413460898445436,0.7999950211408041
1,1,map_001_robot_1__control_points_20260806_125735,18.400000000000002,6.195645579137628,2.9577897300425255,0.7990616635309316,0.0386428019741345,0.7999955051556426
1,1,map_001_robot_1__control_points_20260806_125735,18.5,6.275539819461396,2.9619019512291773,0.7988408225246992,0.042978537514114734,0.7999961340024027
1,1,map_001_robot_1__control_points_20260806_125735,18.6,6.3554137436425675,2.9663854375453487,0.7986426471315546,0.04649204739554591,0.7999947426629294
1,1,map_001_robot_1__control_points_20260806_125735,18.7,6.435268348887707,2.9712003607082864,0.7984436352776463,0.04981593693719155,0.7999961664210106
1,1,map_001_robot_1__control_points_20260806_125735,18.8,6.515102470698095,2.976348624932787,0.7981840910725211,0.053816954077262835,0.7999963173586618
1,1,map_001_robot_1__control_points_20260806_125735,18.900000000000002,6.594905167102213,2.981963751523739,0.7979024425586019,0.057849388284889613,0.7999967872222481
1,1,map_001_robot_1__control_points_20260806_125735,19.0,6.674682959209815,2.987918502589765,0.7976526033789355,0.061178574931938456,0.7999953085536791
1,1,map_001_robot_1__control_points_20260806_125735,19.1,6.754435687777999,2.9941994665101266,0.7973980317278802,0.06442200300312706,0.7999961346621821
1,1,map_001_robot_1__control_points_20260806_125735,19.200000000000003,6.834162565555394,3.0008029031903907,0.797128263847469,0.06769616289847669,0.7999976496813334
1,1,map_001_robot_1__control_points_20260806_125735,19.3,6.913861340547493,3.007738699089822,0.7969624369665169,0.06964747178100339,0.7999999351631818
1,1,map_001_robot_1__control_points_20260806_125735,19.400000000000002,6.993555052948696,3.014732397546591,0.7970344180299023,0.0688000188354394,0.7999983163207419
1,1,map_001_robot_1__control_points_20260806_125735,19.5,7.073268224153474,3.02149870285691,0.7973231648325267,0.06527581479557654,0.7999907256811063
1,1,map_001_robot_1__control_points_20260806_125735,19.6,7.1530196859152,3.0277875605057063,0.7977916317626139,0.05908430984274737,0.7999765267681596
1,1,map_001_robot_1__control_points_20260806_125735,19.700000000000003,7.232826550505999,3.0333155648254593,0.7984064592431679,0.04989631983773535,0.7999640722523493
1,1,map_001_robot_1__control_points_20260806_125735,19.8,7.312700977763833,3.0377668244732536,0.7991084595802889,0.03677772522482492,0.7999543307248826
1,1,map_001_robot_1__control_points_20260806_125735,19.900000000000002,7.392648242422055,3.040671109870424,0.7997068639708758,0.018658067446345683,0.7999244912883747
1,1,map_001_robot_1__control_points_20260806_125735,20.0,7.472642350558008,3.041498437962523,0.7998684990838854,-0.003139858141366858,0.7998746617663641
1,1,map_001_robot_1__control_points_20260806_125735,20.1,7.55262194223883,3.040043138242151,0.7992984323872321,-0.027863763118453733,0.7997839541474984
1,1,map_001_robot_1__control_points_20260806_125735,20.200000000000003,7.632502037035457,3.035925685338832,0.7976982192154338,-0.05632358243780544,0.7996841844616552
1,1,map_001_robot_1__control_points_20260806_125735,20.3,7.712161586081917,3.02877842175459,0.7947032379583803,-0.0882872164295403,0.7995923142492118
1,1,map_001_robot_1__control_points_20260806_125735,20.400000000000002,7.791442684627131,3.018268242052924,0.7900431905579524,-0.12294361264294551,0.7995519838238709
1,1,map_001_robot_1__control_points_20260806_125735,20.5,7.870170224193508,3.0041896992260013,0.7837282866960606,-0.15854528041526272,0.799604047832111
1,1,map_001_robot_1__control_points_20260806_125735,20.6,7.9481883419663415,2.9865591859698712,0.7761153809677879,-0.19288933548210885,0.7997258157128004
1,1,map_001_robot_1__control_points_20260806_125735,20.700000000000003,8.025393300387067,2.965611832129579,0.7670736156468863,-0.22639939319217106,0.7997866072018024
1,1,map_001_robot_1__control_points_20260806_125735,20.8,8.101603065095718,2.9412793073314374,0.7570719461858388,-0.2579721380970579,0.7998172014504197
1,1,map_001_robot_1__control_points_20260806_125735,20.900000000000002,8.176807689624235,2.9140174045101674,0.7471836871718835,-0.28527866941531776,0.7997920864819464
1,1,map_001_robot_1__control_points_20260806_125735,21.0,8.251039802530094,2.884223573448374,0.7374582167306798,-0.30951030995119133,0.7997757519390525
1,1,map_001_robot_1__control_points_20260806_125735,21.1,8.32429933297037,2.8521153425199293,0.7277905062146317,-0.3316522121407477,0.7997951054826489
1,1,map_001_robot_1__control_points_20260806_125735,21.200000000000003,8.396597903773023,2.8178931310202238,0.7182816085908428,-0.35187579284007064,0.7998406358935991
1,1,map_001_robot_1__control_points_20260806_125735,21.3,8.467955654688538,2.7817401839519156,0.709003918001855,-0.3703497248213008,0.7999034156804148
1,1,map_001_robot_1__control_points_20260806_125735,21.400000000000002,8.538398687373393,2.743823186055964,0.69899446415954,-0.38894425458060944,0.7999193047407647
1,1,map_001_robot_1__control_points_20260806_125735,21.5,8.607754547520445,2.703951333035794,0.6892828592178049,-0.40593767448219964,0.7999351571068047
1,1,map_001_robot_1__control_points_20260806_125735,21.6,8.676255259216955,2.6626356511595244,0.6810205031895578,-0.4196153417401227,0.7999162211058346
1,1,map_001_robot_1__control_points_20260806_125735,21.700000000000003,8.743958648158358,2.6200282646877686,0.6732464116182939,-0.43198680187039784,0.7999208259241183
1,1,map_001_robot_1__control_points_20260806_125735,21.8,8.810904541540612,2.576238290785445,0.665866542198934,-0.4433176295865042,0.7999429809193663
1,1,map_001_robot_1__control_points_20260806_125735,21.900000000000002,8.877131956598143,2.531364738770468,0.658514292618051,-0.45420282609615903,0.799963299668172
1,1,map_001_robot_1__control_points_20260806_125735,22.0,8.942607400064222,2.4853977255662136,0.6510662740447017,-0.4648276010822805,0.7999699943912636
1,1,map_001_robot_1__control_points_20260806_125735,22.1,9.007345211407083,2.438399218554012,0.6445160700222203,-0.4738682727357286,0.7999700647039428
1,1,map_001_robot_1__control_points_20260806_125735,22.200000000000003,9.071510614068668,2.3906240710190665,0.638984998303485,-0.48129697978078134,0.7999678811071146
1,1,map_001_robot_1__control_points_20260806_125735,22.3,9.13514221106778,2.342139822597856,0.6338366201405208,-0.4880696612786686,0.7999755341832856
1,1,map_001_robot_1__control_points_20260806_125735,22.400000000000002,9.198277938096771,2.2930101387633335,0.6290291444229865,-0.49426752208949587,0.7999862798361012
1,1,map_001_robot_1__control_points_20260806_125735,22.5,9.260948039952376,2.2432863181799574,0.6241608085477068,-0.500406140744337,0.7999893878180937
1,1,map_001_robot_1__control_points_20260806_125735,22.6,9.323110099806312,2.1929289106144663,0.6199100616485325,-0.5056672827309452,0.799992428312659
1,1,map_001_robot_1__control_points_20260806_125735,22.700000000000003,9.384930052282085,2.142152861633767,0.6166955862309322,-0.5095809771970075,0.7999913864522357
1,1,map_001_robot_1__control_points_20260806_125735,22.8,9.446449217052498,2.091012715175065,0.6139053415344549,-0.5129427055756324,0.799993742205391
1,1,map_001_robot_1__control_points_20260806_125735,22.900000000000002,9.507711120588976,2.039564320518641,0.611566213499124,-0.5157338603427917,0.7999966551165913
1,1,map_001_robot_1__control_points_20260806_125735,23.0,9.568762459752323,1.987865943106507,0.6097080630862948,-0.5179323715030382,0.7999986647758872
1,1,map_001_robot_1__control_points_20260806_125735,23.1,9.629652733206235,1.9359778462180335,0.6083924814360842,-0.5194785397958785,0.7999996029851604
1,1,map_001_robot_1__control_points_20260806_125735,23.200000000000003,9.690440956039541,1.88397023514733,0.6078282311269945,-0.5201392262274371,0.7999999832596548
1,1,map_001_robot_1__control_points_20260806_125735,23.3,9.751218379431634,1.8319500009725465,0.6080633445278707,-0.5198640039510067,0.7999997584764588
1,1,map_001_robot_1__control_points_20260806_125735,23.400000000000002,9.812053624945115,1.779997434357129,0.6090342721668307,-0.5187243209192616,0.7999985411155012
1,1,map_001_robot_1__control_points_20260806_125735,23.5,9.873025233865,1.7282051367886948,0.6108520262379571,-0.5165781177670752,0.7999957185602883
1,1,map_001_robot_1__control_points_20260806_125735,23.6,9.934224030192706,1.6766818108037143,0.6136536600794571,-0.5132391689342377,0.7999907868577117
1,1,map_001_robot_1__control_points_20260806_125735,23.700000000000003,9.995755965880893,1.6255573030018458,0.6176075257398779,-0.5084620323877944,0.7999829337120014
1,1,map_001_robot_1__control_points_20260806_125735,23.8,10.05774553534068,1.5749894043261556,0.6219485741902275,-0.5031569145867323,0.799991818479225
1,1,map_001_robot_1__control_points_20260806_125735,23.859781627467314,10.094999999999999,1.545,0.6231758190204485,-0.5016491787975025,0.8000000000000097
1,1,map_001_robot_1__control_points_20260806_125757,0.0,0.9600000000000002,11.115,0.6197605417653129,0.5058625019417562,0.8000000000000047
1,1,map_001_robot_1__control_points_20260806_125757,0.1,1.0219760541765315,11.165586250194176,0.6276979676556085,0.49561867528324655,0.7997765999880851
1,1,map_001_robot_1__control_points_20260806_125757,0.2,1.0855395935311218,11.21412373505665,0.6435671229985696,0.47463843152271323,0.7996626054049278
1,1,map_001_robot_1__control_points_20260806_125757,0.30000000000000004,1.1506894787762456,11.260513936498722,0.6596379707747735,0.45222002413930795,0.7997657173950489
1,1,map_001_robot_1__control_points_20260806_125757,0.4,1.2174671876860765,11.304567739884511,0.6782050371661308,0.4238262446790131,0.7997441829211561
1,1,map_001_robot_1__control_points_20260806_125757,0.5,1.2863304862094718,11.345279185434524,0.6954093116278495,0.39498148727086146,0.7997527655378386
1,1,map_001_robot_1__control_points_20260806_125757,0.6000000000000001,1.3565490500116464,11.383564037338683,0.7087075714715692,0.37036269303239777,0.7996467634220371
1,1,map_001_robot_1__control_points_20260806_125757,0.7000000000000001,1.4280720005037857,11.419351724041006,0.7214434606397235,0.34507202026730965,0.7997220555112775
1,1,map_001_robot_1__control_points_20260806_125757,0.8,1.5008377421395909,11.452578441392145,0.734891991021783,0.31550573986983466,0.7997562818501472
1,1,map_001_robot_1__control_points_20260806_125757,0.9,1.5750503987081423,11.482452872014973,0.7476152928316244,0.2840833741126545,0.7997699603779489
1,1,map_001_robot_1__control_points_20260806_125757,1.0,1.6503608007059158,11.509395116214675,0.7575867943261994,0.2560347662120961,0.7996821571391535
1,1,map_001_robot_1__control_points_20260806_125757,1.1,1.726567757573382,11.53365982525739,0.766136895415908,0.22914934146173493,0.7996719097291544
1,1,map_001_robot_1__control_points_20260806_125757,1.2000000000000002,1.8035881797890976,11.555224984507023,0.7738451348990321,0.20205350677395018,0.7997886673406618
1,1,map_001_robot_1__control_points_20260806_125757,1.3,1.8813367845531883,11.574070526612177,0.781468184678868,0.17016427207759932,0.7997802217840753
1,1,map_001_robot_1__control_points_20260806_125757,1.4000000000000001,1.9598818167248715,11.589257838922544,0.7877328689212053,0.1384123075387791,0.7998006249416428
1,1,map_001_robot_1__control_points_20260806_125757,1.5,2.038883358337429,11.60175298811993,0.7918827009280829,0.11154879605101087,0.7997007852500744
1,1,map_001_robot_1__control_points_20260806_125757,1.6,2.1182583569104882,11.61156759813275,0.7952046373061723,0.08482775248753427,0.7997163014377833
1,1,map_001_robot_1__control_points_20260806_125757,1.7000000000000002,2.1979242857986634,11.618718538617436,0.7977267376424262,0.057708334062716915,0.7998113526138038
1,1,map_001_robot_1__control_points_20260806_125757,1.8,2.277803704438973,11.62310926494529,0.7993528882331766,0.026989410405043657,0.7998083946800841
1,1,map_001_robot_1__control_points_20260806_125757,1.9000000000000001,2.357794863445299,11.624116420698448,0.7998039272366846,-0.002724766326721806,0.7998085685804817
1,1,map_001_robot_1__control_points_20260806_125757,2.0,2.4377644898863093,11.622564311679943,0.7992389890553397,-0.028153808659531876,0.79973470511679
1,1,map_001_robot_1__control_points_20260806_125757,2.1,2.5176426612563674,11.618485658966543,0.7979856045351141,-0.053247316025796465,0.7997601526140338
1,1,map_001_robot_1__control_points_20260806_125757,2.2,2.597361610793332,11.611914848474783,0.7959056930415791,-0.07915753720587304,0.7998323498787078
1,1,map_001_robot_1__control_points_20260806_125757,2.3000000000000003,2.6768237998646836,11.60265415152537,0.7925441589666296,-0.10772605491020926,0.7998319491109613
1,1,map_001_robot_1__control_points_20260806_125757,2.4000000000000004,2.7558704425866583,11.59036963749274,0.7884035674750915,-0.1346239674181362,0.7998148522069658
1,1,map_001_robot_1__control_points_20260806_125757,2.5,2.834504513359702,11.575729358041743,0.7840000196315238,-0.15799879603125788,0.7997622461266578
1,1,map_001_robot_1__control_points_20260806_125757,2.6,2.9126704465129625,11.558769878286487,0.7790493010123836,-0.1810099065619184,0.7998014751683307
1,1,map_001_robot_1__control_points_20260806_125757,2.7,2.990314373562179,11.539527376729358,0.7729312062445466,-0.2057433579598893,0.7998455969318459
1,1,map_001_robot_1__control_points_20260806_125757,2.8000000000000003,3.067256687761872,11.517621206694509,0.7654620137816668,-0.23200386631574332,0.7998486660163521
1,1,map_001_robot_1__control_points_20260806_125757,2.9000000000000004,3.1434067763185127,11.49312660346621,0.7578306038091398,-0.25570849524219597,0.799808763773412
1,1,map_001_robot_1__control_points_20260806_125757,3.0,3.2188228085237,11.466479507646072,0.7502547350725539,-0.2770713532785578,0.7997816591460444
1,1,map_001_robot_1__control_points_20260806_125757,3.1,3.293457723333023,11.437712332810497,0.7422121579245307,-0.2981149696017269,0.799844623956195
1,1,map_001_robot_1__control_points_20260806_125757,3.2,3.3672652401086065,11.406856513725726,0.7321131277391686,-0.32213662266007503,0.7998510082927118
1,1,map_001_robot_1__control_points_20260806_125757,3.3000000000000003,3.439880348880857,11.373285008278483,0.7210080761463047,-0.3462988196612571,0.7998596866744663
1,1,map_001_robot_1__control_points_20260806_125757,3.4000000000000004,3.511466855337867,11.337596749793475,0.710747212292759,-0.36675594493564745,0.7997946754808811
1,1,map_001_robot_1__control_points_20260806_125757,3.5,3.5820297913394095,11.299933819291356,0.70028711718426,-0.3863654761636255,0.7998001798358053
1,1,map_001_robot_1__control_points_20260806_125757,3.6,3.6515242787747177,11.260323654560747,0.6887353355758599,-0.40671235383074134,0.7998570504967337
1,1,map_001_robot_1__control_points_20260806_125757,3.7,3.7197768584545816,11.218591348525207,0.6748272807876567,-0.4293823786996427,0.7998506648325213
1,1,map_001_robot_1__control_points_20260806_125757,3.8000000000000003,3.7864897349322493,11.174447178820817,0.6607915838040519,-0.4506478558765039,0.7998306115874521
1,1,map_001_robot_1__control_points_20260806_125757,3.9000000000000004,3.851935175215392,11.128461777349907,0.6478844961679435,-0.46892986885902843,0.7997809339331212
1,1,map_001_robot_1__control_points_20260806_125757,4.0,3.916066634165838,11.080661205049013,0.6345115035658075,-0.48695176280917707,0.7998292739455757
1,1,map_001_robot_1__control_points_20260806_125757,4.1000000000000005,3.978837475928554,11.03107142478807,0.6184179343841585,-0.5072574763009357,0.799844290366046
1,1,map_001_robot_1__control_points_20260806_125757,4.2,4.039750221042669,10.979209709788826,0.6007807205858349,-0.5280328421325322,0.7998475833546005
1,1,map_001_robot_1__control_points_20260806_125757,4.3,4.098993620045721,10.925464856361565,0.5845705307927567,-0.5458288766954169,0.7997823879693188
1,1,map_001_robot_1__control_points_20260806_125757,4.4,4.156664327201221,10.870043934449741,0.5686005346424068,-0.562440725709827,0.7997788056285486
1,1,map_001_robot_1__control_points_20260806_125757,4.5,4.212713726974202,10.8129767112196,0.5512118081449948,-0.5795776362185023,0.7998404177353763
1,1,map_001_robot_1__control_points_20260806_125757,4.6000000000000005,4.26690668883022,10.754128407206041,0.530446679129323,-0.5986262013731078,0.7998293620327549
1,1,map_001_robot_1__control_points_20260806_125757,4.7,4.318803062800066,10.693251470944977,0.5097571916553285,-0.6163090306838512,0.7998057362552456
1,1,map_001_robot_1__control_points_20260806_125757,4.800000000000001,4.368858127161286,10.63086660106927,0.49110924682325674,-0.6311949790608651,0.7997470812118994
1,1,map_001_robot_1__control_points_20260806_125757,4.9,4.417024912164718,10.567012475132804,0.47200232187780955,-0.6456874248658124,0.7998115043482981
1,1,map_001_robot_1__control_points_20260806_125757,5.0,4.463258591536848,10.501729116096108,0.4487035085375375,-0.6620929414729204,0.7998136668763294
1,1,map_001_robot_1__control_points_20260806_125757,5.1000000000000005,4.506765613872225,10.43459388683822,0.42390620236700727,-0.678244468428737,0.7998199968489148
1,1,map_001_robot_1__control_points_20260806_125757,5.2,4.548039832010249,10.36608022241036,0.40205831881201703,-0.6913209023559261,0.7997346320875178
1,1,map_001_robot_1__control_points_20260806_125757,5.300000000000001,4.587177277634628,10.296329706367034,0.38052905900601885,-0.703427882184279,0.7997581823165463
1,1,map_001_robot_1__control_points_20260806_125757,5.4,4.624145643811453,10.225394645973505,0.3558066973558134,-0.7162980535089716,0.7998007922876751
1,1,map_001_robot_1__control_points_20260806_125757,5.5,4.65833861710579,10.15307009566524,0.3281431522915028,-0.729382401764596,0.7997978597118742
1,1,map_001_robot_1__control_points_20260806_125757,5.6000000000000005,4.689774274269754,10.079518165620586,0.30274046678965405,-0.7402194755100382,0.7997353700796118
1,1,map_001_robot_1__control_points_20260806_125757,5.7,4.718886710463721,10.005026200563233,0.27947260828905485,-0.7493109423611557,0.7997323471800116
1,1,map_001_robot_1__control_points_20260806_125757,5.800000000000001,4.745668795927566,9.929655977148355,0.2533007978976869,-0.7586179823379098,0.7997890580284567
1,1,map_001_robot_1__control_points_20260806_125757,5.9,4.769546870043259,9.853302604095651,0.2235416995719426,-0.7679082449215713,0.7997836982997594
1,1,map_001_robot_1__control_points_20260806_125757,6.0,4.790377135841954,9.776074328164043,0.1963315616024346,-0.7752593486584018,0.7997331678525658
1,1,map_001_robot_1__control_points_20260806_125757,6.1000000000000005,4.808813182363745,9.69825073436397,0.17253437463550014,-0.7809109364620852,0.79974370964513
1,1,map_001_robot_1__control_points_20260806_125757,6.2,4.824884010769054,9.619892140871626,0.14441604680461495,-0.7866297341846362,0.7997764270582524
1,1,map_001_robot_1__control_points_20260806_125757,6.300000000000001,4.837696391724668,9.540924787527043,0.11381611208989639,-0.791644941212553,0.7997848587705861
1,1,map_001_robot_1__control_points_20260806_125757,6.4,4.8476472331870335,9.461563152629115,0.0879645579614241,-0.7948726396091459,0.7997251256879203
1,1,map_001_robot_1__control_points_20260806_125757,6.5,4.855289303316953,9.381950259605214,0.06423897328248174,-0.7972167052533194,0.7998006756832263
1,1,map_001_robot_1__control_points_20260806_125757,6.6000000000000005,4.86049502784353,9.302119811578452,0.03423477734818192,-0.7990467117899485,0.7997797619360023
1,1,map_001_robot_1__control_points_20260806_125757,6.7,4.86213625878659,9.222140917247224,0.006380783036163962,-0.7997936120260221,0.7998190646826229
1,1,map_001_robot_1__control_points_20260806_125757,6.800000000000001,4.861771184450763,9.142161089173248,-0.013151197839750495,-0.7997199791318721,0.7998281059248307
1,1,map_001_robot_1__control_points_20260806_125757,6.9,4.859506019218641,9.062196921420849,-0.03797914905062427,-0.7989318513624042,0.7998340570918246
1,1,map_001_robot_1__control_points_20260806_125757,7.0,4.854175354640638,8.982374718900768,-0.0620593038622097,-0.7974711464061031,0.7998822329231512
1,1,map_001_robot_1__control_points_20260806_125757,7.1000000000000005,4.847094158446199,8.902702692139629,-0.07821557743871566,-0.7960448396487791,0.7998781552746157
1,1,map_001_robot_1__control_points_20260806_125757,7.2,4.838532239152895,8.823165750971013,-0.09840289912851574,-0.7938025982679662,0.7998785505149334
1,1,map_001_robot_1__control_points_20260806_125757,7.300000000000001,4.8274135786204955,8.743942172486035,-0.1182526066298415,-0.7911274185031658,0.7999164151848838
1,1,map_001_robot_1__control_points_20260806_125757,7.4,4.8148817178269265,8.66494026727038,-0.13107983055099837,-0.7891134750482962,0.7999262456502327
1,1,map_001_robot_1__control_points_20260806_125757,7.5,4.801197612510296,8.586119477476377,-0.14851561813880565,-0.7860028853154546,0.7999108853837227
1,1,map_001_robot_1__control_points_20260806_125757,7.6000000000000005,4.785178594199166,8.507739690207288,-0.16487112143212812,-0.7827737788287905,0.799948295519274
1,1,map_001_robot_1__control_points_20260806_125757,7.7,4.768223388223871,8.429564721710618,-0.17564427951505124,-0.7804168315007445,0.7999383375086
1,1,map_001_robot_1__control_points_20260806_125757,7.800000000000001,4.7500497382961555,8.35165632390714,-0.19006993125306693,-0.7770278565381759,0.799936790379626
1,1,map_001_robot_1__control_points_20260806_125757,7.9,4.730209401973258,8.274159150402982,-0.20205607476174237,-0.7740156207514914,0.7999542727652872
1,1,map_001_robot_1__control_points_20260806_125757,8.0,4.709638523343807,8.196853199756841,-0.2126780453203878,-0.7711578403789972,0.7999477268792629
1,1,map_001_robot_1__control_points_20260806_125757,8.1,4.68767379290918,8.119927582327183,-0.22465239950793858,-0.7677681641630372,0.7999604080871471
1,1,map_001_robot_1__control_points_20260806_125757,8.200000000000001,4.66470804344222,8.043299566924233,-0.23296914947883707,-0.7652956021367103,0.7999699889737631
1,1,map_001_robot_1__control_points_20260806_125757,8.3,4.6410799630134125,7.96686846189984,-0.24356514020209374,-0.7619790428898909,0.799960023579341
1,1,map_001_robot_1__control_points_20260806_125757,8.4,4.6159950154018015,7.890903758346255,-0.25324458321979293,-0.7588364076357195,0.7999784450118955
1,1,map_001_robot_1__control_points_20260806_125757,8.5,4.590431046369455,7.815101180372697,-0.26057113717723723,-0.7563417841605826,0.7999688818929471
1,1,map_001_robot_1__control_points_20260806_125757,8.6,4.563880787966354,7.73963540151414,-0.2694695836668295,-0.7532240979964513,0.7999752485696929
1,1,map_001_robot_1__control_points_20260806_125757,8.700000000000001,4.536537129636089,7.664456360773407,-0.2758678467208462,-0.7509117384377362,0.7999821921630377
1,1,map_001_robot_1__control_points_20260806_125757,8.8,4.508707218622184,7.589453053826592,-0.2837734154258449,-0.7479529339824253,0.7999755888496646
1,1,map_001_robot_1__control_points_20260806_125757,8.9,4.47978244655092,7.514865773976922,-0.29092013199463906,-0.7452149632677134,0.7999874153246898
1,1,map_001_robot_1__control_points_20260806_125757,9.0,4.4505231922232555,7.44041006117305,-0.2966503624169121,-0.7429450547979926,0.7999804947440141
1,1,map_001_robot_1__control_points_20260806_125757,9.1,4.420452374067538,7.366276763017324,-0.30335235873664956,-0.7402400355474583,0.7999862272429391
1,1,map_001_robot_1__control_points_20260806_125757,9.200000000000001,4.3898527204759255,7.292362054063558,-0.3082333419464618,-0.7382225265981717,0.7999876823204671
1,1,map_001_robot_1__control_points_20260806_125757,9.3,4.358805705678245,7.2186322576976885,-0.31419309927627737,-0.7357037127956687,0.7999857852825665
1,1,map_001_robot_1__control_points_20260806_125757,9.4,4.32701410062067,7.145221311504425,-0.3191712055918714,-0.7335646209344304,0.7999920696892209
1,1,map_001_robot_1__control_points_20260806_125757,9.5,4.294971464559871,7.071919333510804,-0.32392197070857875,-0.7314748635536148,0.7999880743601799
1,1,map_001_robot_1__control_points_20260806_125757,9.600000000000001,4.262229706478954,6.9989263387937015,-0.3289793157109848,-0.7292200110217237,0.7999932591217196
1,1,map_001_robot_1__control_points_20260806_125757,9.700000000000001,4.229175601417674,6.92607533130646,-0.3326218427626486,-0.7275641847827359,0.799991833246682
1,1,map_001_robot_1__control_points_20260806_125757,9.8,4.195705337926425,6.853413501837155,-0.33708674896045565,-0.7255070250333375,0.7999924497752795
1,1,map_001_robot_1__control_points_20260806_125757,9.9,4.161758251625582,6.780973926299792,-0.3404600870932377,-0.7239336182513156,0.7999955965741165
1,1,map_001_robot_1__control_points_20260806_125757,10.0,4.127613320507777,6.708626778186892,-0.3442694722006294,-0.722127467199897,0.7999934677069797
1,1,map_001_robot_1__control_points_20260806_125757,10.100000000000001,4.092904357185456,6.6365484328598106,-0.3479901999937738,-0.7203458059206795,0.7999970371190258
1,1,map_001_robot_1__control_points_20260806_125757,10.200000000000001,4.058015280509022,6.564557617002755,-0.3505696555978517,-0.7190922709838077,0.7999954859964188
1,1,map_001_robot_1__control_points_20260806_125757,10.3,4.022790426065886,6.492729978663049,-0.3537676183632037,-0.7175255013838537,0.7999964830788471
1,1,map_001_robot_1__control_points_20260806_125757,10.4,3.987261756836382,6.421052516725984,-0.35604799244509877,-0.7163980715057789,0.7999977311101478
1,1,map_001_robot_1__control_points_20260806_125757,10.5,3.9515808275768665,6.3494503643618945,-0.3586992727145102,-0.7150735681797471,0.7999971100918015
1,1,map_001_robot_1__control_points_20260806_125757,10.600000000000001,3.9155219022934795,6.278037803090034,-0.3611892514664028,-0.7138209606211809,0.79999877449719
1,1,map_001_robot_1__control_points_20260806_125757,10.700000000000001,3.879342977283586,6.206686172237657,-0.36278833410800715,-0.7130090189695082,0.7999982728085877
1,1,map_001_robot_1__control_points_20260806_125757,10.8,3.8429642354718787,6.135435999296133,-0.36474793633024305,-0.7120091403926843,0.7999987956615311
1,1,map_001_robot_1__control_points_20260806_125757,10.9,3.8063933900175377,6.0642843441591205,-0.3661688291380578,-0.7112798765346824,0.7999991713717766
1,1,map_001_robot_1__control_points_20260806_125757,11.0,3.769730469644267,5.993180023989197,-0.3674272475597924,-0.710630786447183,0.7999993105596446
1,1,map_001_robot_1__control_points_20260806_125757,11.100000000000001,3.7329079405055787,5.922158186869683,-0.36857733950684946,-0.7100354649631377,0.7999997604395682
1,1,map_001_robot_1__control_points_20260806_125757,11.200000000000001,3.696015001742897,5.851172930996569,-0.36919152877205264,-0.7097163490435747,0.7999998006354668
1,1,map_001_robot_1__control_points_20260806_125757,11.3,3.6590696347511686,5.7802149170609685,-0.36969419578744933,-0.7094548063350636,0.7999999503942806
1,1,map_001_robot_1__control_points_20260806_125757,11.4,3.622076162585407,5.709281969729556,-0.36986882157856016,-0.7093638271846707,0.7999999903087475
1,1,map_001_robot_1__control_points_20260806_125757,11.5,3.585095870435457,5.638342151624035,-0.36971853217222517,-0.7094421443161849,0.7999999682272064
1,1,map_001_robot_1__control_points_20260806_125757,11.600000000000001,3.5481324561509617,5.567393540866318,-0.3691301775854896,-0.7097482352951943,0.7999997784430554
1,1,map_001_robot_1__control_points_20260806_125757,11.700000000000001,3.5112698349183584,5.496392504564995,-0.3680393600356524,-0.7103140325800723,0.799999372134514
1,1,map_001_robot_1__control_points_20260806_125757,11.8,3.4745245841438317,5.425330734350304,-0.3667724928227649,-0.7109682926272534,0.799998734131959
1,1,map_001_robot_1__control_points_20260806_125757,11.9,3.4379153363538055,5.354198846039545,-0.3649354260939788,-0.7119126150135529,0.7999983978945389
1,1,map_001_robot_1__control_points_20260806_125757,12.0,3.4015374989250358,5.282948211347594,-0.3620821805569783,-0.7133663654750855,0.7999969230366011
1,1,map_001_robot_1__control_points_20260806_125757,12.100000000000001,3.3654989002424096,5.211525572944527,-0.35867439205018314,-0.7150828076570939,0.7999942133036468
1,1,map_001_robot_1__control_points_20260806_125757,12.200000000000001,3.329802620514999,5.139931649816175,-0.3548313619458874,-0.7169932070878744,0.7999903464608362
1,1,map_001_robot_1__control_points_20260806_125757,12.3,3.2945326278532323,5.068126931526953,-0.3500088798170289,-0.7193586765577358,0.7999894508614901
1,1,map_001_robot_1__control_points_20260806_125757,12.4,3.2598008445515934,4.996059914504628,-0.34336126199954364,-0.7225520283027649,0.799986493539959
1,1,map_001_robot_1__control_points_20260806_125757,12.5,3.225860375453324,4.9236165258664,-0.33469409816217777,-0.7265996668974246,0.799979509287608
1,1,map_001_robot_1__control_points_20260806_125757,12.600000000000001,3.192862024919158,4.850739981125143,-0.32429008360029243,-0.7312832865733156,0.7999620638148754
1,1,map_001_robot_1__control_points_20260806_125757,12.700000000000001,3.161002358733265,4.777359868551737,-0.31122798398874174,-0.7369053054211143,0.7999326766519056
1,1,map_001_robot_1__control_points_20260806_125757,12.8,3.13061642812141,4.7033589200409205,-0.29417561179429264,-0.7438312296640248,0.7998901104514554
1,1,map_001_robot_1__control_points_20260806_125757,12.9,3.102167236374407,4.628593622618933,-0.2714300929244118,-0.7523602000265228,0.7998250845834383
1,1,map_001_robot_1__control_points_20260806_125757,13.0,3.076330409536528,4.552886880035617,-0.2365041313716656,-0.7637706497425967,0.799549754276802
1,1,map_001_robot_1__control_points_20260806_125757,13.100000000000001,3.0548664101000735,4.475839492670413,-0.18584711486127858,-0.7772285591683783,0.7991391513930566
1,1,map_001_robot_1__control_points_20260806_125757,13.200000000000001,3.0391609865642715,4.397441168201941,-0.10282178653328344,-0.790421990742388,0.7970817042405727
1,1,map_001_robot_1__control_points_20260806_125757,13.3,3.034302052793417,4.317755094521935,0.053555563661754846,-0.7876760947962964,0.7894946666777886
1,1,map_001_robot_1__control_points_20260806_125757,13.4,3.0498720992966226,4.239905949242682,0.33240429032870544,-0.6873188329594413,0.7634787425787692
1,1,map_001_robot_1__control_points_20260806_125757,13.5,3.100782910859158,4.180291327930048,0.6336108080399541,-0.4130239360768506,0.7563408146050681
1,1,map_001_robot_1__control_points_20260806_125757,13.600000000000001,3.1765942609046145,4.157301162027312,0.7781836005021798,-0.11253961109823507,0.786279136284741
1,1,map_001_robot_1__control_points_20260806_125757,13.700000000000001,3.256419630959595,4.157783405710401,0.7933777611648498,0.06875618746143175,0.7963514834701955
1,1,map_001_robot_1__control_points_20260806_125757,13.8,3.3352698131375837,4.171052399519598,0.7825838214976564,0.16169166686863434,0.7991130288042069
1,1,map_001_robot_1__control_points_20260806_125757,13.9,3.412936395259125,4.190121739084128,0.771500492572951,0.20990975383240595,0.7995468183879461
1,1,map_001_robot_1__control_points_20260806_125757,14.0,3.4895699116521737,4.21303435028608,0.762169272943698,0.24232979893276863,0.7997660483355874
1,1,map_001_robot_1__control_points_20260806_125757,14.100000000000001,3.5653702498478657,4.238587698870682,0.7547286399799944,0.2649080860189308,0.7998697481742044
1,1,map_001_robot_1__control_points_20260806_125757,14.200000000000001,3.640515639648173,4.266015967489866,0.7488915318588063,0.28113573032111105,0.7999223870807805
1,1,map_001_robot_1__control_points_20260806_125757,14.3,3.7151485562196265,4.294814844934904,0.7443123989533902,0.2931332609793742,0.7999550336913648
1,1,map_001_robot_1__control_points_20260806_125757,14.4,3.7893781194388505,4.324642619685741,0.740688106099217,0.30223854832102504,0.7999793813643233
1,1,map_001_robot_1__control_points_20260806_125757,14.5,3.8632861774394693,4.355262554599109,0.7373705455396617,0.31026488417730036,0.7999872622629762
1,1,map_001_robot_1__control_points_20260806_125757,14.600000000000001,3.9368522285467837,4.386695596521201,0.734703731447155,0.3165433507153992,0.7999932911496854
1,1,map_001_robot_1__control_points_20260806_125757,14.700000000000001,4.010226923728902,4.418571224742188,0.7330102771299956,0.3204447566653137,0.799993067752768
1,1,map_001_robot_1__control_points_20260806_125757,14.8,4.083454283972782,4.450784547854263,0.7315915057066107,0.32367921952503664,0.7999964802262586
1,1,map_001_robot_1__control_points_20260806_125757,14.9,4.156545224870223,4.483307068647195,0.7302785528625151,0.32663486333666825,0.7999981866966532
1,1,map_001_robot_1__control_points_20260806_125757,15.0,4.2295099945452845,4.516111520521597,0.7294009006236983,0.3285923881244912,0.7999991446020542
1,1,map_001_robot_1__control_points_20260806_125757,15.100000000000001,4.302425404994964,4.549025546272094,0.7289209828234924,0.32965647056515834,0.7999994923659909
1,1,map_001_robot_1__control_points_20260806_125757,15.200000000000001,4.375294191109983,4.582042814634629,0.7285528095904397,0.3304703917730194,0.7999999226254565
1,1,map_001_robot_1__control_points_20260806_125757,15.3,4.448135966913052,4.615119624626697,0.7284470059033907,0.33070365585509265,0.7999999677534607
1,1,map_001_robot_1__control_points_20260806_125757,15.4,4.520983592290661,4.648183545805647,0.7285396417278882,0.33049952684581996,0.7999999667589434
1,1,map_001_robot_1__control_points_20260806_125757,15.5,4.593843895258629,4.681219529995861,0.7288811974008844,0.329744663165755,0.7999995892566722
1,1,map_001_robot_1__control_points_20260806_125757,15.600000000000001,4.666759831770839,4.714132478438798,0.7293508862059497,0.328703800522689,0.7999993148043715
1,1,map_001_robot_1__control_points_20260806_125757,15.700000000000001,4.739714072499819,4.746960290100399,0.7299788108521454,0.32730585529184353,0.7999988670000961
1,1,map_001_robot_1__control_points_20260806_125757,15.8,4.812755593941267,4.7795936494971665,0.7309059321548048,0.3252280581295999,0.7999979821561019
1,1,map_001_robot_1__control_points_20260806_125757,15.9,4.88589525893078,4.812005901726319,0.7316994538137251,0.32344010739263496,0.7999984961120008
1,1,map_001_robot_1__control_points_20260806_125757,16.0,4.959095484704012,4.844281670975693,0.7329985248901671,0.32047916463625015,0.7999960827761032
1,1,map_001_robot_1__control_points_20260806_125757,16.1,5.032494963908814,4.876101734653569,0.7344621693362399,0.31711103369413607,0.7999963036643726
1,1,map_001_robot_1__control_points_20260806_125757,16.2,5.105987918571259,4.90770387771452,0.7356790597003311,0.31427408049220773,0.7999949228281301
1,1,map_001_robot_1__control_points_20260806_125757,16.3,5.17963077584888,4.93895655075201,0.7375170707608056,0.30992846840736377,0.7999919282048622
1,1,map_001_robot_1__control_points_20260806_125757,16.400000000000002,5.2534913327234225,4.969689571395994,0.7391826432915956,0.305936433208025,0.7999925507825673
1,1,map_001_robot_1__control_points_20260806_125757,16.5,5.327467304507198,5.000143837393615,0.7411671546212197,0.3010857918190979,0.7999883781184876
1,1,map_001_robot_1__control_points_20260806_125757,16.6,5.401724763647666,5.029906729759814,0.7435693258667833,0.2951008176877217,0.7999873967569392
1,1,map_001_robot_1__control_points_20260806_125757,16.7,5.476181169680554,5.059164000931159,0.7454255434651316,0.290383262421809,0.7999885498836967
1,1,map_001_robot_1__control_points_20260806_125757,16.8,5.550809872340691,5.087983382244175,0.7482394678615947,0.2830256988343116,0.7999786543817609
1,1,map_001_robot_1__control_points_20260806_125757,16.900000000000002,5.6258290632528745,5.115769140698022,0.7511561493871852,0.2751938187460361,0.7999794988861961
1,1,map_001_robot_1__control_points_20260806_125757,17.0,5.701041102218128,5.143022145993383,0.7535500788020215,0.2685578361679468,0.799975645022861
1,1,map_001_robot_1__control_points_20260806_125757,17.1,5.776539079013278,5.169480707931612,0.7570283845772359,0.2585544228966796,0.7999639770983781
1,1,map_001_robot_1__control_points_20260806_125757,17.2,5.852446779133575,5.194733030572719,0.760335205450577,0.24864293849643815,0.7999580835967061
1,1,map_001_robot_1__control_points_20260806_125757,17.3,5.928606120103393,5.2192092956308995,0.7634318709556069,0.23895889456835562,0.7999559830916381
1,1,map_001_robot_1__control_points_20260806_125757,17.400000000000002,6.0051331533246985,5.242524809486391,0.7676129990900797,0.22510215308782122,0.7999379324027832
1,1,map_001_robot_1__control_points_20260806_125757,17.5,6.082128719921409,5.264229726248463,0.7715755387867311,0.21104415880423844,0.7999177764116904
1,1,map_001_robot_1__control_points_20260806_125757,17.6,6.159448261082044,5.284733641247239,0.7749955800946005,0.19816000183264393,0.7999284564837531
1,1,map_001_robot_1__control_points_20260806_125757,17.7,6.237127835940329,5.303861726614992,0.7797350490504478,0.17842417486005502,0.79988870031536
1,1,map_001_robot_1__control_points_20260806_125757,17.8,6.315395270892133,5.320418476219251,0.784546907860463,0.15579919872662273,0.7998670145450877
1,1,map_001_robot_1__control_points_20260806_125757,17.900000000000002,6.394037217512424,5.335021566360316,0.7883433416856604,0.13465070226470743,0.7997599864962568
1,1,map_001_robot_1__control_points_20260806_125757,18.0,6.473063939229265,5.347348616672193,0.7921805989107646,0.10981193778313525,0.7997554394752842
1,1,map_001_robot_1__control_points_20260806_125757,18.1,6.552473337294576,5.356983953916943,0.7959712737626958,0.07749248546159748,0.7997345521849262
1,1,map_001_robot_1__control_points_20260806_125757,18.2,6.632258193981805,5.362847113764512,0.7987722486967144,0.03729255264773812,0.7996423198974589
1,1,map_001_robot_1__control_points_20260806_125757,18.3,6.7122277870339175,5.3644424644464905,0.7993544093273997,-0.00768218746940974,0.7993913232675666
1,1,map_001_robot_1__control_points_20260806_125757,18.400000000000002,6.792129075847288,5.361310676270629,0.7967533608166377,-0.05986580094900873,0.7989992691460197
1,1,map_001_robot_1__control_points_20260806_125757,18.5,6.871578459197245,5.352469304256689,0.7890355754371541,-0.12271332625945774,0.798520945089796
1,1,map_001_robot_1__control_points_20260806_125757,18.6,6.949936190934718,5.336768011018738,0.7730975407322305,-0.1975110841225174,0.7979288413370423
1,1,map_001_robot_1__control_points_20260806_125757,18.7,7.026197967343689,5.312967087432186,0.744879338891721,-0.28420578722182555,0.7972566456280844
1,1,map_001_robot_1__control_points_20260806_125757,18.8,7.098912058713062,5.2799268535743735,0.7000716558080384,-0.3802192369945594,0.796659896973943
1,1,map_001_robot_1__control_points_20260806_125757,18.900000000000002,7.1662122985052985,5.236923240033273,0.6358060414918754,-0.47959867363622166,0.7964070630972526
1,1,map_001_robot_1__control_points_20260806_125757,19.0,7.2260732670114365,5.18400711884713,0.5522811142293094,-0.5740565401451221,0.7965898194288925
1,1,map_001_robot_1__control_points_20260806_125757,19.1,7.27666852135116,5.122111932004249,0.4579854752889716,-0.6528172482508765,0.7974465845368652
1,1,map_001_robot_1__control_points_20260806_125757,19.200000000000003,7.317670362069233,5.053443669196953,0.3712367281988165,-0.7071226077823667,0.7986482898001451
1,1,map_001_robot_1__control_points_20260806_125757,19.3,7.350915866990923,4.980687410447777,0.2997806438117294,-0.740827132273612,0.799182879144016
1,1,map_001_robot_1__control_points_20260806_125757,19.400000000000002,7.377626490831578,4.905278242742231,0.24126524899082824,-0.7622175896529804,0.7994901965296419
1,1,map_001_robot_1__control_points_20260806_125757,19.5,7.399168916789089,4.828243892517182,0.1963975841447052,-0.7751191887565128,0.799613511539438
1,1,map_001_robot_1__control_points_20260806_125757,19.6,7.416906007660519,4.750254404990929,0.16287184194095516,-0.7829202571265519,0.7996820405113182
1,1,map_001_robot_1__control_points_20260806_125757,19.700000000000003,7.431743285177279,4.671659841091869,0.13723568862850755,-0.7879241007068174,0.7997862356329895
1,1,map_001_robot_1__control_points_20260806_125757,19.8,7.444353145386222,4.592669584849566,0.11745058128615682,-0.791225878868925,0.7998956372154801
1,1,map_001_robot_1__control_points_20260806_125757,19.900000000000002,7.45523340143451,4.513414665318085,0.10067716377947278,-0.7935887587475605,0.7999493792216934
1,1,map_001_robot_1__control_points_20260806_125757,20.0,7.464488578142116,4.433951833100054,0.08811452053129898,-0.7951125719621359,0.7999801065155955
1,1,map_001_robot_1__control_points_20260806_125757,20.1,7.472856305540771,4.3543921509256585,0.08116256069747863,-0.7958582424393867,0.7999860644521762
1,1,map_001_robot_1__control_points_20260806_125757,20.200000000000003,7.4807210902816115,4.274780184612175,0.07697690189908002,-0.7962837040204889,0.799995737935253
1,1,map_001_robot_1__control_points_20260806_125757,20.3,7.488251685920587,4.195135410121561,0.07518518837115806,-0.7964591461284272,0.7999999900012685
1,1,map_001_robot_1__control_points_20260806_125757,20.400000000000002,7.495758127955844,4.11548835538649,0.07671715468352147,-0.7963094922634681,0.7999964557994228
1,1,map_001_robot_1__control_points_20260806_125757,20.5,7.503595116857292,4.035873511668869,0.08060808705146627,-0.7959169448630199,0.7999884041773232
1,1,map_001_robot_1__control_points_20260806_125757,20.6,7.511879745366137,3.956304966413887,0.08667610066491704,-0.7952746950209146,0.7999841166967527
1,1,map_001_robot_1__control_points_20260806_125757,20.700000000000003,7.520930336990276,3.8768185726646838,0.09748337209632751,-0.7939984238057392,0.7999603145414584
1,1,map_001_robot_1__control_points_20260806_125757,20.8,7.531376419785403,3.79750528165274,0.11092532459496596,-0.7921980551864642,0.7999263630345701
1,1,map_001_robot_1__control_points_20260806_125757,20.900000000000002,7.543115401909268,3.7183789616273915,0.12490790444089583,-0.7900807441264739,0.799893472176926
1,1,map_001_robot_1__control_points_20260806_125757,21.0,7.5563580006735815,3.6394891328274457,0.14453236867138486,-0.7867068087089706,0.7998732452475292
1,1,map_001_robot_1__control_points_20260806_125757,21.1,7.572021875643545,3.5610375998855983,0.17109913202559568,-0.7812852819371656,0.7998009782136732
1,1,map_001_robot_1__control_points_20260806_125757,21.200000000000003,7.590577827078701,3.4832320764400104,0.20003220629000396,-0.7742175804743248,0.7996410103720071
1,1,map_001_robot_1__control_points_20260806_125757,21.3,7.612028316901546,3.406194083790733,0.2315379135229989,-0.7652041207296953,0.7994667921685615
1,1,map_001_robot_1__control_points_20260806_125757,21.400000000000002,7.6368854097833,3.330191252294072,0.2687157380809424,-0.7529835734377528,0.7994950967701261
1,1,map_001_robot_1__control_points_20260806_125757,21.5,7.665771464517736,3.255597369103183,0.31796949758334847,-0.7333638356730621,0.7993291667808157
1,1,map_001_robot_1__control_points_20260806_125757,21.6,7.700479309299971,3.1835184851594596,0.37579904376652706,-0.7052033733338607,0.7990849260606113
1,1,map_001_robot_1__control_points_20260806_125757,21.700000000000003,7.740931273271043,3.114556694436409,0.4352093067665308,-0.6693111746214253,0.7983636947966236
1,1,map_001_robot_1__control_points_20260806_125757,21.8,7.787521170653276,3.049656250235175,0.4979605942453844,-0.6231093786773503,0.7976403019011075
1,1,map_001_robot_1__control_points_20260806_125757,21.900000000000002,7.8405233921201205,2.98993481870094,0.5599194205805489,-0.5678581385385915,0.7974789169926512
1,1,map_001_robot_1__control_points_20260806_125757,22.0,7.899505054769387,2.936084622527457,0.6146716380429496,-0.5088462609792668,0.7979634953598961
1,1,map_001_robot_1__control_points_20260806_125757,22.1,7.96345771972871,2.888165566505087,0.6588271811647743,-0.4514802152965913,0.7986786834802709
1,1,map_001_robot_1__control_points_20260806_125757,22.200000000000003,8.031270491002344,2.8457885794681372,0.6933440959287154,-0.39758768652923315,0.7992509016816155
1,1,map_001_robot_1__control_points_20260806_125757,22.3,8.102126538914453,2.8086480291992406,0.7204256440282393,-0.3466241558069125,0.7994757119277346
1,1,map_001_robot_1__control_points_20260806_125757,22.400000000000002,8.175355619807991,2.7764637483067554,0.739319971596494,-0.3045581384425873,0.799593446754696
1,1,map_001_robot_1__control_points_20260806_125757,22.5,8.24999053323375,2.747736401510723,0.7515686047498775,-0.2729891825384474,0.7996114440330926
1,1,map_001_robot_1__control_points_20260806_125757,22.6,8.325669340757967,2.7218659117990662,0.7606869092935327,-0.24691663016492704,0.799757710949104
1,1,map_001_robot_1__control_points_20260806_125757,22.700000000000003,8.40212791509246,2.698353075477737,0.7678208457501015,-0.22418585484239628,0.7998800839374719
1,1,map_001_robot_1__control_points_20260806_125757,22.8,8.479233509907987,2.677028740830587,0.7733110516415991,-0.20466921892136902,0.7999371673856136
1,1,map_001_robot_1__control_points_20260806_125757,22.900000000000002,8.55679012542078,2.6574192316934635,0.7766939133764055,-0.19152531034262488,0.7999596112165877
1,1,map_001_robot_1__control_points_20260806_125757,23.0,8.634572292583266,2.6387236787620623,0.7786374788671537,-0.18354331330573181,0.7999777942892186
1,1,map_001_robot_1__control_points_20260806_125757,23.1,8.71251762119421,2.620710569032317,0.7799971564607731,-0.17775207193346532,0.7999946019589954
1,1,map_001_robot_1__control_points_20260806_125757,23.200000000000003,8.790571723875424,2.6031732643753687,0.7804838998230963,-0.1756268313890832,0.7999999386167717
1,1,map_001_robot_1__control_points_20260806_125757,23.3,8.86861440115883,2.5855852027545008,0.7800568047457546,-0.17748874174334262,0.7999942950270278
1,1,map_001_robot_1__control_points_20260806_125757,23.400000000000002,8.946583084824574,2.5676755160267004,0.7791207013833628,-0.18152684049026568,0.7999881631264811
1,1,map_001_robot_1__control_points_20260806_125757,23.5,9.0244385414355,2.549279834656448,0.7770277084429225,-0.19021082314654159,0.7999701350238921
1,1,map_001_robot_1__control_points_20260806_125757,23.6,9.101988626513158,2.529633351397392,0.7735997151021792,-0.203578747196131,0.7999380135461241
1,1,map_001_robot_1__control_points_20260806_125757,23.700000000000003,9.17915848445594,2.508564085217221,0.769462048557898,-0.21846324545839835,0.799873761156805
1,1,map_001_robot_1__control_points_20260806_125757,23.8,9.255881036224737,2.485940702305713,0.7644682388052502,-0.23535249885071075,0.799876544760049
1,1,map_001_robot_1__control_points_20260806_125757,23.900000000000002,9.332052132216988,2.461493585447079,0.7559291651927609,-0.26123101819970174,0.7997940657811092
1,1,map_001_robot_1__control_points_20260806_125757,24.0,9.40706686926329,2.4336944986657727,0.7441510209314828,-0.2928719258759678,0.7997091389496974
1,1,map_001_robot_1__control_points_20260806_125757,24.1,9.480882336403285,2.4029192002718855,0.7307566937960033,-0.3241907322905959,0.7994404145593207
1,1,map_001_robot_1__control_points_20260806_125757,24.200000000000003,9.553218208022493,2.368856352207653,0.7140680642578445,-0.35921556367133967,0.799330358222846
1,1,map_001_robot_1__control_points_20260806_125757,24.3,9.623695949254854,2.331076087537618,0.691341434767125,-0.4012949385343827,0.7993688805046021
1,1,map_001_robot_1__control_points_20260806_125757,24.400000000000002,9.691486494975917,2.2885973645007764,0.6585767961620448,-0.45266540752147755,0.7991428956135748
1,1,map_001_robot_1__control_points_20260806_125757,24.5,9.755411308487263,2.240543006033323,0.6190086071846466,-0.5048238969077836,0.7987608044075752
1,1,map_001_robot_1__control_points_20260806_125757,24.6,9.815288216412846,2.18763258511922,0.5752560986568511,-0.5533089847741159,0.7981669071526729
1,1,map_001_robot_1__control_points_20260806_125757,24.700000000000003,9.870462528218635,2.129881209078498,0.5256355435587494,-0.6006018471766232,0.79813238468582
1,1,map_001_robot_1__control_points_20260806_125757,24.8,9.920415325124596,2.067512215683896,0.46869050467086737,-0.6466153043372032,0.7986126351190083
1,1,map_001_robot_1__control_points_20260806_125757,24.900000000000002,9.964200629152808,2.000558148211058,0.3987451248348748,-0.6918357296704247,0.7985201008291456
1,1,map_001_robot_1__control_points_20260806_125757,25.0,10.00016435009157,1.9291450697498118,0.3303890340508744,-0.7269017671925653,0.798462956541344
1,1,map_001_robot_1__control_points_20260806_125757,25.1,10.030278435962982,1.8551777947725452,0.27533384137208117,-0.7494859833324536,0.798459744393242
1,1,map_001_robot_1__control_points_20260806_125757,25.200000000000003,10.055231118365986,1.779247873083319,0.21408971720715186,-0.7695480711267582,0.7987732098591892
1,1,map_001_robot_1__control_points_20260806_125757,25.3,10.073096379404413,1.701268180547194,0.15148587957483528,-0.7845593814980578,0.7990503080577446
1,1,map_001_robot_1__control_points_20260806_125757,25.400000000000002,10.085528294280952,1.622335996783708,0.11060734566564889,-0.7917255814373991,0.7994143989306097
1,1,map_001_robot_1__control_points_20260806_125757,25.49739232522187,10.094999999999999,1.545,0.0972531017969828,-0.7940666434190784,0.7999999999999851
1,1,map_001_robot_1__control_points_20260806_125816,0.0,0.9599999999999999,11.115,0.6556101961745908,0.45844876559099745,0.7999999999999967
1,1,map_001_robot_1__control_points_20260806_125816,0.1,1.025561019617459,11.1608448765591,0.6603891164831719,0.4513653275775482,0.7999027716595385
1,1,map_001_robot_1__control_points_20260806_125816,0.2,1.0920778232966342,11.20527306551551,0.6701034374580574,0.4367118486206678,0.7998473952066018
1,1,map_001_robot_1__control_points_20260806_125816,0.30000000000000004,1.1595817071090708,11.248187246283235,0.6801027748984909,0.4210558876188131,0.7998923958402743
1,1,map_001_robot_1__control_points_20260806_125816,0.4,1.2280983782763324,11.289484243039272,0.6921775452843484,0.4008658025462424,0.7998769566920334
1,1,map_001_robot_1__control_points_20260806_125816,0.5,1.2980172161659405,11.328360406792484,0.7040820436147515,0.3795763343229197,0.7998810647332201
1,1,map_001_robot_1__control_points_20260806_125816,0.6000000000000001,1.3689147869992826,11.365399509903854,0.7138613020102342,0.3606869392765688,0.7998081186587481
1,1,map_001_robot_1__control_points_20260806_125816,0.7000000000000001,1.4407894765679874,11.4004977946478,0.7236015610758306,0.3407086164985884,0.7998009630825417
1,1,map_001_robot_1__control_points_20260806_125816,0.8,1.5136350992144485,11.433541233203572,0.7332315168614478,0.31958100670813394,0.7998502842204434
1,1,map_001_robot_1__control_points_20260806_125816,0.9,1.587435779940277,11.464413995989426,0.7434183820267881,0.29512397857641304,0.7998556453924036
1,1,map_001_robot_1__control_points_20260806_125816,1.0,1.6623187756198061,11.492566028918855,0.7532216041150255,0.2691161923359999,0.7998539303416837
1,1,map_001_robot_1__control_points_20260806_125816,1.1,1.7380801007632818,11.518237234456626,0.7615675708064806,0.2442908829083663,0.7997894725340119
1,1,map_001_robot_1__control_points_20260806_125816,1.2000000000000002,1.8146322897811022,11.541424205500528,0.769194210531392,0.21892268495585654,0.799741755508172
1,1,map_001_robot_1__control_points_20260806_125816,1.3,1.89191894286956,11.562021771447794,0.776202766738999,0.19252889095277226,0.7997237704012439
1,1,map_001_robot_1__control_points_20260806_125816,1.4000000000000001,1.9698728431289023,11.579929983691084,0.7824865206250848,0.16516987623696622,0.7997288559106055
1,1,map_001_robot_1__control_points_20260806_125816,1.5,2.048416246994577,11.595055746695184,0.7879429974977228,0.13692210594752652,0.7997511052838889
1,1,map_001_robot_1__control_points_20260806_125816,1.6,2.127461442628447,11.607314404880592,0.7924766316286895,0.10787739286663367,0.7997854359572045
1,1,map_001_robot_1__control_points_20260806_125816,1.7000000000000002,2.206911573320315,11.616631225268511,0.7960013314976404,0.07814156059508548,0.7998276209523224
1,1,map_001_robot_1__control_points_20260806_125816,1.8,2.286661708927975,11.622942716999606,0.7984612677814997,0.04677075702046096,0.7998299193325458
1,1,map_001_robot_1__control_points_20260806_125816,1.9000000000000001,2.366603826876615,11.625985376672606,0.7996899870527638,0.014966164504578217,0.7998300203620939
1,1,map_001_robot_1__control_points_20260806_125816,2.0,2.4465997063385276,11.62593594990052,0.7996324928260528,-0.01596217275426426,0.7997917944954451
1,1,map_001_robot_1__control_points_20260806_125816,2.1,2.526530325441826,11.622792942121755,0.7983795321294451,-0.046960967954078114,0.7997594699873304
1,1,map_001_robot_1__control_points_20260806_125816,2.2,2.606275612764417,11.616543756309703,0.7959213599104089,-0.07801763679943008,0.7997359331763219
1,1,map_001_robot_1__control_points_20260806_125816,2.3000000000000003,2.685714597423908,11.60718941476187,0.7922568385880897,-0.1089972376089392,0.7997195108886452
1,1,map_001_robot_1__control_points_20260806_125816,2.4000000000000004,2.764726980482035,11.594744308787915,0.7874001382122753,-0.13976870901851157,0.7997088655738485
1,1,map_001_robot_1__control_points_20260806_125816,2.5,2.8431946250663636,11.579235672958168,0.7813796922355927,-0.17020746531420627,0.799702947779284
1,1,map_001_robot_1__control_points_20260806_125816,2.6,2.921002918929153,11.560702815725072,0.7742367378512522,-0.20019762792154694,0.7997009543973064
1,1,map_001_robot_1__control_points_20260806_125816,2.7,2.998041972636614,11.53919614737386,0.7660235429654332,-0.2296338182444302,0.7997022938936907
1,1,map_001_robot_1__control_points_20260806_125816,2.8000000000000003,3.07420762752224,11.514776052076186,0.7568014314128799,-0.2584224708150913,0.7997065586893487
1,1,map_001_robot_1__control_points_20260806_125816,2.9000000000000004,3.1494022589191903,11.487511653210841,0.7466387177457214,-0.2864826587886924,0.7997135040898168
1,1,map_001_robot_1__control_points_20260806_125816,3.0,3.2235353710713848,11.45747952031845,0.7356086541900133,-0.3137464531765275,0.7997230326807485
1,1,map_001_robot_1__control_points_20260806_125816,3.1,3.296523989757192,11.424762362575533,0.7237874772798065,-0.34015886072664614,0.7997351829186435
1,1,map_001_robot_1__control_points_20260806_125816,3.2,3.3682928665273457,11.389447748173122,0.711252622685052,-0.36567740190731257,0.7997501206889855
1,1,map_001_robot_1__control_points_20260806_125816,3.3000000000000003,3.4387745142942028,11.351626882194072,0.6980811562398976,-0.39027139986370685,0.7997681328040083
1,1,map_001_robot_1__control_points_20260806_125816,3.4000000000000004,3.507909097775326,11.31139346820038,0.6843484492100984,-0.41392105410201907,0.7997896216913503
1,1,map_001_robot_1__control_points_20260806_125816,3.5,3.575644204136223,11.26884267137367,0.6701271079578746,-0.4366163701428931,0.7998151008181458
1,1,map_001_robot_1__control_points_20260806_125816,3.6,3.6419345193668997,11.2240701941718,0.6554861533494822,-0.4583560098664563,0.7998451906547915
1,1,map_001_robot_1__control_points_20260806_125816,3.7,3.7067414348061196,11.17717146940038,0.6404904339511077,-0.47914611817337516,0.7998806151817234
1,1,map_001_robot_1__control_points_20260806_125816,3.8000000000000003,3.7700326061571214,11.128240970537124,0.6245055674595754,-0.4998100451252441,0.7998857949708226
1,1,map_001_robot_1__control_points_20260806_125816,3.9000000000000004,3.831642548298035,11.07720946037533,0.6081467600526125,-0.5195979206612407,0.7998902930514751
1,1,map_001_robot_1__control_points_20260806_125816,4.0,3.891661958167644,11.024321386404878,0.5921974467792452,-0.5376672845704817,0.7998649416428079
1,1,map_001_robot_1__control_points_20260806_125816,4.1000000000000005,3.9500820376538845,10.969676003461235,0.5761429072507092,-0.5548064930243868,0.7998442937705552
1,1,map_001_robot_1__control_points_20260806_125816,4.2,4.006890539617786,10.913360087800001,0.5599857524362939,-0.5710922491816035,0.7998314822554466
1,1,map_001_robot_1__control_points_20260806_125816,4.3,4.062079188141143,10.855457553624914,0.5437635625271007,-0.5865539433513831,0.7998276941899559
1,1,map_001_robot_1__control_points_20260806_125816,4.4,4.115643252123206,10.796049299129724,0.5275098088990617,-0.6012222142630606,0.7998342011992873
1,1,map_001_robot_1__control_points_20260806_125816,4.5,4.167581149920956,10.735213110772301,0.5112541761100218,-0.6151284172277869,0.7998523627964722
1,1,map_001_robot_1__control_points_20260806_125816,4.6000000000000005,4.21789408734521,10.673023615684166,0.49502289952681267,-0.6283041890433481,0.7998836321774262
1,1,map_001_robot_1__control_points_20260806_125816,4.7,4.266585729826319,10.609552272963631,0.47834241279967316,-0.6411304191521054,0.799912294095526
1,1,map_001_robot_1__control_points_20260806_125816,4.800000000000001,4.3135625699051445,10.544797531853744,0.4606605207507961,-0.6539528869036246,0.7999140539257824
1,1,map_001_robot_1__control_points_20260806_125816,4.9,4.3587178339764785,10.478761695582907,0.44345042653066,-0.6657316378395564,0.7999043032830631
1,1,map_001_robot_1__control_points_20260806_125816,5.0,4.402252655211276,10.411651204285834,0.42730084382387545,-0.6761778392364661,0.7998765413531592
1,1,map_001_robot_1__control_points_20260806_125816,5.1000000000000005,4.444178002741253,10.343526127735613,0.41126727765844606,-0.6860377364065045,0.7998678324863114
1,1,map_001_robot_1__control_points_20260806_125816,5.2,4.484506110742966,10.274443657004532,0.395361624025238,-0.6953396490845378,0.7998800168405771
1,1,map_001_robot_1__control_points_20260806_125816,5.300000000000001,4.523250327546301,10.204458197918706,0.3795943795867913,-0.7041109615084338,0.7999150824495136
1,1,map_001_robot_1__control_points_20260806_125816,5.4,4.5604249866603235,10.133621464702845,0.3623178840302046,-0.713164594825038,0.7999237391152269
1,1,map_001_robot_1__control_points_20260806_125816,5.5,4.595713904352342,10.0618252789537,0.3446584871130547,-0.7218684787498475,0.7999272300351319
1,1,map_001_robot_1__control_points_20260806_125816,5.6000000000000005,4.629356684082935,9.989247768952875,0.32870628464875296,-0.7292402080095783,0.7998994327697951
1,1,map_001_robot_1__control_points_20260806_125816,5.7,4.661455161282093,9.915977237351784,0.3133501439012534,-0.7359568913149772,0.7998880287621145
1,1,map_001_robot_1__control_points_20260806_125816,5.800000000000001,4.692026712863186,9.84205639068988,0.2981705768088503,-0.7422577026324788,0.7999076134103036
1,1,map_001_robot_1__control_points_20260806_125816,5.9,4.721089276643863,9.767525696825288,0.28204183493627255,-0.748559276906029,0.7999303642794768
1,1,map_001_robot_1__control_points_20260806_125816,6.0,4.74843507985044,9.692344535308674,0.2646018685146352,-0.7549009223736931,0.7999309666603043
1,1,map_001_robot_1__control_points_20260806_125816,6.1000000000000005,4.774009650346789,9.61654551235055,0.24836991811347175,-0.7603801914604702,0.7999160279611567
1,1,map_001_robot_1__control_points_20260806_125816,6.2,4.798109063473134,9.54026849701658,0.23371775419459695,-0.7649946058300969,0.7999004535408837
1,1,map_001_robot_1__control_points_20260806_125816,6.300000000000001,4.820753201185709,9.46354659118453,0.2192665843090822,-0.7692875815483973,0.7999257578795383
1,1,map_001_robot_1__control_points_20260806_125816,6.4,4.841962380334951,9.3864109807069,0.20273108941133344,-0.7738171683323358,0.7999330625869772
1,1,map_001_robot_1__control_points_20260806_125816,6.5,4.861299419067976,9.308783157518063,0.18586685763483146,-0.7780481624985569,0.7999408927754772
1,1,map_001_robot_1__control_points_20260806_125816,6.6000000000000005,4.8791357518619165,9.230801348207189,0.17204910587246047,-0.7812055089580667,0.7999268354405578
1,1,map_001_robot_1__control_points_20260806_125816,6.7,4.895709240242468,9.15254205572645,0.15986653544609197,-0.7838051220876636,0.799942359527481
1,1,map_001_robot_1__control_points_20260806_125816,6.800000000000001,4.911109058951135,9.074040323789657,0.1473713006879045,-0.7862696944012129,0.799961456946659
1,1,map_001_robot_1__control_points_20260806_125816,6.9,4.925183500380049,8.995288116846206,0.13506868332883926,-0.7884855700616811,0.7999706515939697
1,1,map_001_robot_1__control_points_20260806_125816,7.0,4.938122795616903,8.91634320977732,0.12525490091728386,-0.7901023828987945,0.7999691029447025
1,1,map_001_robot_1__control_points_20260806_125816,7.1000000000000005,4.950234480563506,8.837267640266449,0.11731072419987854,-0.7913268867866066,0.7999750294625969
1,1,map_001_robot_1__control_points_20260806_125816,7.2,4.961584940456879,8.758077832419998,0.10926960548378162,-0.7924864681954347,0.799984155440253
1,1,map_001_robot_1__control_points_20260806_125816,7.300000000000001,4.972088401660263,8.678770346627362,0.10158532035039869,-0.7935131708647987,0.7999892059563056
1,1,map_001_robot_1__control_points_20260806_125816,7.4,4.981902004526958,8.599375198247039,0.09578087715334149,-0.794235207931095,0.7999897136498777
1,1,map_001_robot_1__control_points_20260806_125816,7.5,4.991244577090931,8.519923305041143,0.09133874840475187,-0.7947613456679363,0.799992727171976
1,1,map_001_robot_1__control_points_20260806_125816,7.6000000000000005,5.000169754207908,8.440422929113451,0.08711045724929889,-0.7952393070582175,0.7999961170234615
1,1,map_001_robot_1__control_points_20260806_125816,7.7,5.008666668540791,8.3608754436295,0.08361655953562774,-0.79561645706778,0.7999982973642267
1,1,map_001_robot_1__control_points_20260806_125816,7.800000000000001,5.016893066115034,8.281299637699894,0.0815435972816978,-0.795832198524522,0.799998904040508
1,1,map_001_robot_1__control_points_20260806_125816,7.9,5.02497538799713,8.201709003924595,0.08038618962166666,-0.7959506976787978,0.7999996578857116
1,1,map_001_robot_1__control_points_20260806_125816,8.0,5.032970304039368,8.122109498164134,0.0799539385975514,-0.7959945776645014,0.7999999999803432
1,1,map_001_robot_1__control_points_20260806_125816,8.1,5.04096617571664,8.042510088391696,0.08068762213938285,-0.7959200749827104,0.7999995363292352
1,1,map_001_robot_1__control_points_20260806_125816,8.200000000000001,5.049107828467244,7.9629254831675915,0.08249970902901893,-0.7957329031527323,0.7999981594664755
1,1,map_001_robot_1__control_points_20260806_125816,8.3,5.057466117522444,7.88336350776115,0.0850631372902555,-0.7954607283559838,0.7999959422911426
1,1,map_001_robot_1__control_points_20260806_125816,8.4,5.0661204559252955,7.803833337496395,0.08856174736556,-0.7950785942988645,0.7999957213689955
1,1,map_001_robot_1__control_points_20260806_125816,8.5,5.075178466995556,7.724347788901377,0.09414841357623871,-0.7944321955513658,0.7999915231472682
1,1,map_001_robot_1__control_points_20260806_125816,8.6,5.084950138640544,7.644946898386122,0.10118702050965567,-0.793561145485576,0.799986315347957
1,1,map_001_robot_1__control_points_20260806_125816,8.700000000000001,5.0954158710974875,7.56563555980426,0.10878282926254457,-0.7925420202831859,0.799972848199811
1,1,map_001_robot_1__control_points_20260806_125816,8.8,5.106706704493053,7.486438494329485,0.11779259686369414,-0.7912418050671164,0.7999616803083517
1,1,map_001_robot_1__control_points_20260806_125816,8.9,5.1189743904702265,7.407387198790836,0.12844296442064973,-0.7895805925328787,0.7999594409804388
1,1,map_001_robot_1__control_points_20260806_125816,9.0,5.132395297377183,7.328522375822909,0.1417535776133647,-0.7872967861126625,0.7999564401825363
1,1,map_001_robot_1__control_points_20260806_125816,9.1,5.147325105992899,7.249927841568305,0.15817290645331283,-0.7841463238488089,0.7999400762191438
1,1,map_001_robot_1__control_points_20260806_125816,9.200000000000001,5.164029878667846,7.171693111053147,0.17652988134993208,-0.7801825932727411,0.7999047929942665
1,1,map_001_robot_1__control_points_20260806_125816,9.3,5.182631082262886,7.0938913229137555,0.19700642619596564,-0.7752032816200369,0.7998447723133413
1,1,map_001_robot_1__control_points_20260806_125816,9.4,5.203431163907039,7.01665245472914,0.2207278106631172,-0.7687123158952716,0.7997745876240409
1,1,map_001_robot_1__control_points_20260806_125816,9.5,5.2267766443955095,6.940148859734702,0.24814292684565586,-0.7602171566867639,0.7996905885806311
1,1,map_001_robot_1__control_points_20260806_125816,9.600000000000001,5.253059749276171,6.864609023391785,0.27969674761123997,-0.7490720364056855,0.7995868848031878
1,1,map_001_robot_1__control_points_20260806_125816,9.700000000000001,5.282715993917758,6.790334452453565,0.31577538864245724,-0.7344501900622902,0.79945680168151
1,1,map_001_robot_1__control_points_20260806_125816,9.8,5.3162148270046625,6.717718985379328,0.3566180033856874,-0.7153309909281802,0.7992964574681202
1,1,map_001_robot_1__control_points_20260806_125816,9.9,5.354039594594895,6.64726825426793,0.4021903705994916,-0.690522318969883,0.7991108603932882
1,1,map_001_robot_1__control_points_20260806_125816,10.0,5.39665290112456,6.579614521585352,0.45202685784681407,-0.658746836207925,0.7989215696354772
1,1,map_001_robot_1__control_points_20260806_125816,10.100000000000001,5.444444966164259,6.515518887026345,0.5050709573814487,-0.6188219079306236,0.7987723240855997
1,1,map_001_robot_1__control_points_20260806_125816,10.200000000000001,5.49766709260085,6.455850139999227,0.5598790950333914,-0.5695800976299168,0.7986777126422866
1,1,map_001_robot_1__control_points_20260806_125816,10.3,5.556420785170936,6.401602867500362,0.6158127827156008,-0.5081572163309609,0.7984041206464072
1,1,map_001_robot_1__control_points_20260806_125816,10.4,5.62082964914397,6.354218696733036,0.6669268248400542,-0.4389148342217908,0.7983969071778637
1,1,map_001_robot_1__control_points_20260806_125816,10.5,5.6898061501389465,6.3138199006560045,0.7086372009629507,-0.36746385226221534,0.7982458050675822
1,1,map_001_robot_1__control_points_20260806_125816,10.600000000000001,5.762557089336561,6.280725926280592,0.7419473923245228,-0.2945714032606688,0.798284563671451
1,1,map_001_robot_1__control_points_20260806_125816,10.700000000000001,5.838195628603851,6.25490562000387,0.7663772822048678,-0.22431759056787826,0.7985314772242217
1,1,map_001_robot_1__control_points_20260806_125816,10.8,5.915832545777534,6.235862408167017,0.7824785067802047,-0.16123195174031224,0.7989169893267818
1,1,map_001_robot_1__control_points_20260806_125816,10.9,5.994691329959892,6.222659229655808,0.7919716265205743,-0.10774780672355888,0.7992675691327539
1,1,map_001_robot_1__control_points_20260806_125816,11.0,6.074226871081649,6.214312846822304,0.797029795304173,-0.06329957697967004,0.7995394493384407
1,1,map_001_robot_1__control_points_20260806_125816,11.100000000000001,6.1540972890207275,6.209999314259874,0.7993259222442077,-0.02614295255263599,0.7997533269325752
1,1,map_001_robot_1__control_points_20260806_125816,11.200000000000001,6.234092055530492,6.209084256311777,0.7997784926451921,0.007807287960183373,0.7998165983793465
1,1,map_001_robot_1__control_points_20260806_125816,11.3,6.314052987549765,6.211560771851911,0.7990399105741339,0.03636332261497799,0.7998669076302137
1,1,map_001_robot_1__control_points_20260806_125816,11.4,6.393900037645318,6.216356920834772,0.7977556669009971,0.05778950103561442,0.7998460667544723
1,1,map_001_robot_1__control_points_20260806_125816,11.5,6.473604120929965,6.223118672059034,0.7962567169376769,0.07605112664687042,0.7998803242564639
1,1,map_001_robot_1__control_points_20260806_125816,11.600000000000001,6.553151381032854,6.231567146164147,0.7945940262870508,0.09228180991681256,0.7999347467466262
1,1,map_001_robot_1__control_points_20260806_125816,11.700000000000001,6.6325229261873755,6.2415750340423966,0.792560228437253,0.10848175481107347,0.7999500027047944
1,1,map_001_robot_1__control_points_20260806_125816,11.8,6.711663426720304,6.253263497126361,0.7906212760850835,0.12189049059318435,0.7999620577849008
1,1,map_001_robot_1__control_points_20260806_125816,11.9,6.790647181404392,6.265953132161034,0.7891042887673549,0.13134817190664805,0.7999611995679863
1,1,map_001_robot_1__control_points_20260806_125816,12.0,6.869484284473775,6.279533131507691,0.7875583554340153,0.14041074546625154,0.7999770875820877
1,1,map_001_robot_1__control_points_20260806_125816,12.100000000000001,6.948158852491195,6.294035281254285,0.7859065176759472,0.14941664921710185,0.799983993332867
1,1,map_001_robot_1__control_points_20260806_125816,12.200000000000001,7.026665588008965,6.309416461351112,0.7845554770264727,0.1563719353761499,0.7999871740881342
1,1,map_001_robot_1__control_points_20260806_125816,12.3,7.105069947896489,6.325309668329514,0.7835727597838797,0.16124010871941152,0.7999904015269016
1,1,map_001_robot_1__control_points_20260806_125816,12.4,7.183380139965741,6.341664483094994,0.7825404833876064,0.16619677736086658,0.7999943605711518
1,1,map_001_robot_1__control_points_20260806_125816,12.5,7.2615780445740095,6.358549023801688,0.7816666348624466,0.17027455479891174,0.7999975950396032
1,1,map_001_robot_1__control_points_20260806_125816,12.600000000000001,7.33971346693823,6.3757193940547765,0.7811511142689298,0.17262622541782946,0.7999980481386175
1,1,map_001_robot_1__control_points_20260806_125816,12.700000000000001,7.417808267427795,6.393074268885254,0.7807905511168656,0.1742557540860119,0.7999993453406468
1,1,map_001_robot_1__control_points_20260806_125816,12.8,7.495871577161603,6.410570544871979,0.7806095887517515,0.17506757984252275,0.7999999922269353
1,1,map_001_robot_1__control_points_20260806_125816,12.9,7.573930185178145,6.4280877848537585,0.7807049630290379,0.17463984836160762,0.7999995724585962
1,1,map_001_robot_1__control_points_20260806_125816,13.0,7.65201256976741,6.4454985145443,0.7810202202554279,0.17321839118646665,0.7999982471812453
1,1,map_001_robot_1__control_points_20260806_125816,13.100000000000001,7.730134229229231,6.4627314630910515,0.7815210644268618,0.17094214835771737,0.7999977451393515
1,1,map_001_robot_1__control_points_20260806_125816,13.200000000000001,7.808316782652784,6.479686944215844,0.7824735169760473,0.1665088303717468,0.7999937470759579
1,1,map_001_robot_1__control_points_20260806_125816,13.3,7.88662893262444,6.496033229165401,0.7837760855001079,0.16023666726586328,0.7999879634959163
1,1,map_001_robot_1__control_points_20260806_125816,13.4,7.965071999752805,6.5117342776690155,0.7852391093679714,0.15282366179085471,0.7999722060697925
1,1,map_001_robot_1__control_points_20260806_125816,13.5,8.043676754498033,6.526597961523572,0.7870373881331787,0.1431645290394883,0.7999524565213825
1,1,map_001_robot_1__control_points_20260806_125816,13.600000000000001,8.122479477379441,6.540367183476913,0.7892174414006874,0.13047182531551016,0.7999294137686203
1,1,map_001_robot_1__control_points_20260806_125816,13.700000000000001,8.201520242778171,6.552692326586675,0.7917876141914562,0.11360918401253883,0.7998966637503829
1,1,map_001_robot_1__control_points_20260806_125816,13.8,8.280837000217732,6.56308902027942,0.7946486345651564,0.09090131425579528,0.7998309204761331
1,1,map_001_robot_1__control_points_20260806_125816,13.9,8.360449969691201,6.570872589437834,0.7974348388210046,0.059834480303848636,0.7996764890871265
1,1,map_001_robot_1__control_points_20260806_125816,14.0,8.440323967981932,6.57505591634019,0.7991545466256582,0.016601584474791764,0.7993269681422834
1,1,map_001_robot_1__control_points_20260806_125816,14.100000000000001,8.520280879016333,6.574192906332793,0.7973890520863876,-0.04450915563072044,0.7986303057874696
1,1,map_001_robot_1__control_points_20260806_125816,14.200000000000001,8.599801778399211,6.566154085214046,0.7840977729240279,-0.13897975661721063,0.796319464947203
1,1,map_001_robot_1__control_points_20260806_125816,14.3,8.677100433601138,6.54639695500935,0.7361886510651416,-0.28941929010820644,0.7910355588997571
1,1,map_001_robot_1__control_points_20260806_125816,14.4,8.747039508612238,6.508270227192405,0.5915621421333697,-0.5051516406846588,0.7778971320758444
1,1,map_001_robot_1__control_points_20260806_125816,14.5,8.795412862027812,6.44536662687242,0.34292788869940694,-0.698938910528426,0.7785339668238606
1,1,map_001_robot_1__control_points_20260806_125816,14.600000000000001,8.815625086352119,6.368482445086719,0.10859647172027564,-0.7834093422738881,0.7909003674497177
1,1,map_001_robot_1__control_points_20260806_125816,14.700000000000001,8.817132156371866,6.2886847584176415,-0.04855711433278742,-0.7947511518701837,0.7962331233698529
1,1,map_001_robot_1__control_points_20260806_125816,14.8,8.805913663485562,6.209532214712683,-0.1462618516220573,-0.7852629399453477,0.7987680602600004
1,1,map_001_robot_1__control_points_20260806_125816,14.9,8.787879786047455,6.131632170428572,-0.20414917737674898,-0.7727932900374022,0.7993036692962417
1,1,map_001_robot_1__control_points_20260806_125816,15.0,8.765083828010212,6.054973556705203,-0.24495685692972557,-0.7611648968055071,0.7996098185276543
1,1,map_001_robot_1__control_points_20260806_125816,15.100000000000001,8.73888841466151,5.97939919106747,-0.274369151741368,-0.7512362492955269,0.7997714258979804
1,1,map_001_robot_1__control_points_20260806_125816,15.200000000000001,8.710209997661938,5.904726306846097,-0.29605479914489763,-0.7430529301764999,0.7998600509717985
1,1,map_001_robot_1__control_points_20260806_125816,15.3,8.67967745483253,5.83078860503217,-0.31239168147158836,-0.7363944329292238,0.7999158227599948
1,1,map_001_robot_1__control_points_20260806_125816,15.4,8.64773166136762,5.757447420260253,-0.3249477333400037,-0.7309849836822728,0.799956296163596
1,1,map_001_robot_1__control_points_20260806_125816,15.5,8.61468790816453,5.684591608295716,-0.3354788997502425,-0.7262341493857534,0.7999763320946951
1,1,map_001_robot_1__control_points_20260806_125816,15.600000000000001,8.580635881417571,5.612200590383102,-0.34412682556853014,-0.7221873504556307,0.7999861506513707
1,1,map_001_robot_1__control_points_20260806_125816,15.700000000000001,8.545862543050825,5.54015413820459,-0.3501168752286219,-0.7193043012309879,0.7999878149629869
1,1,map_001_robot_1__control_points_20260806_125816,15.8,8.510612506371846,5.468339730136905,-0.3544030826203155,-0.7172069825157692,0.7999921254238426
1,1,map_001_robot_1__control_points_20260806_125816,15.9,8.474981926526763,5.396712741701437,-0.358122107628148,-0.7153618784893965,0.7999962882213297
1,1,map_001_robot_1__control_points_20260806_125816,16.0,8.438988084846217,5.325267354439027,-0.3610141250020362,-0.7139093885070018,0.7999986334047247
1,1,map_001_robot_1__control_points_20260806_125816,16.1,8.402779101526356,5.253930864000036,-0.3625744603052965,-0.7131188905633898,0.7999992445896665
1,1,map_001_robot_1__control_points_20260806_125816,16.2,8.366473192785158,5.182643576326349,-0.36339447808312286,-0.7127019933186851,0.7999997987385574
1,1,map_001_robot_1__control_points_20260806_125816,16.3,8.330100205909732,5.1113904653363,-0.3635346210928603,-0.712630708625646,0.7999999672558867
1,1,map_001_robot_1__control_points_20260806_125816,16.400000000000002,8.293766268566584,5.040117434601218,-0.3628564266638037,-0.7129757129591283,0.7999994710253262
1,1,map_001_robot_1__control_points_20260806_125816,16.5,8.257528920576972,4.968795322744475,-0.3618350342854981,-0.7134943468188837,0.7999992343614418
1,1,map_001_robot_1__control_points_20260806_125816,16.6,8.221399261709484,4.897418565237441,-0.35971479625629854,-0.7145640747897843,0.7999978447632786
1,1,map_001_robot_1__control_points_20260806_125816,16.7,8.185585961325712,4.825882507786519,-0.356736309751696,-0.7160539588049453,0.7999962916260875
1,1,map_001_robot_1__control_points_20260806_125816,16.8,8.150051999759146,4.754207773476452,-0.3539677595487447,-0.7174248635618987,0.7999947560182923
1,1,map_001_robot_1__control_points_20260806_125816,16.900000000000002,8.114792409415962,4.682397535074137,-0.34978330919337,-0.719471544851018,0.7999922919882261
1,1,map_001_robot_1__control_points_20260806_125816,17.0,8.080095337920472,4.610313464506248,-0.34434775003752094,-0.7220853751058591,0.7999891636126532
1,1,map_001_robot_1__control_points_20260806_125816,17.1,8.045922859408458,4.537980460052966,-0.339336045669711,-0.7244485342780429,0.7999841440355933
1,1,map_001_robot_1__control_points_20260806_125816,17.2,8.01222812878653,4.46542375765064,-0.33303433374364744,-0.7273651659511522,0.7999824698649479
1,1,map_001_robot_1__control_points_20260806_125816,17.3,7.979315992659729,4.3925074268627355,-0.32456296166781584,-0.731176573044614,0.7999751852750496
1,1,map_001_robot_1__control_points_20260806_125816,17.400000000000002,7.947315536452966,4.319188443041716,-0.31612427383270614,-0.7348508940993241,0.7999627447980512
1,1,map_001_robot_1__control_points_20260806_125816,17.5,7.916091137893188,4.245537248042871,-0.30769753032463854,-0.7384246614383727,0.7999679686014042
1,1,map_001_robot_1__control_points_20260806_125816,17.6,7.885776030388039,4.171503510754041,-0.2950455734553614,-0.7435503925823284,0.7999494213542114
1,1,map_001_robot_1__control_points_20260806_125816,17.7,7.857082023202117,4.0968271695264065,-0.2806314126431033,-0.7490949309008563,0.799935750709657
1,1,map_001_robot_1__control_points_20260806_125816,17.8,7.829649747859418,4.02168452457387,-0.2671043951863652,-0.7539772159654241,0.7998914927181348
1,1,map_001_robot_1__control_points_20260806_125816,17.900000000000002,7.803661144164843,3.9460317263333193,-0.2515056523939663,-0.7593426013991191,0.7999101696351261
1,1,map_001_robot_1__control_points_20260806_125816,18.0,7.7793486173806246,3.8698160042940475,-0.22947879964375062,-0.766246237568815,0.7998711246659062
1,1,map_001_robot_1__control_points_20260806_125816,18.1,7.757765384236093,3.792782478819557,-0.2033485005652409,-0.7735521355926878,0.799833432135804
1,1,map_001_robot_1__control_points_20260806_125816,18.2,7.738678917267577,3.7151055771755104,-0.17605915093602675,-0.7800540373192497,0.7996756378472312
1,1,map_001_robot_1__control_points_20260806_125816,18.3,7.722553554048888,3.636771671355708,-0.1433263418714361,-0.7865607126456915,0.7995124732935351
1,1,map_001_robot_1__control_points_20260806_125816,18.400000000000002,7.710013648893288,3.5577934346463698,-0.10347971928569422,-0.7926039928156143,0.7993304333820278
1,1,map_001_robot_1__control_points_20260806_125816,18.5,7.701857610191749,3.4782508727925854,-0.05461281951129848,-0.7972191840947573,0.7990875969151844
1,1,map_001_robot_1__control_points_20260806_125816,18.6,7.6990910849910295,3.3983495978274183,0.005408161358040786,-0.7986973458702273,0.7987156556055605
1,1,map_001_robot_1__control_points_20260806_125816,18.7,7.702939242463357,3.3185114036185404,0.0785546285520553,-0.794264133825596,0.7981393010926574
1,1,map_001_robot_1__control_points_20260806_125816,18.8,7.714802010701441,3.2394967710622997,0.16579883765871983,-0.7799067368955459,0.7973354205251645
1,1,map_001_robot_1__control_points_20260806_125816,18.900000000000002,7.736099009995102,3.1625300562394294,0.26580443916143537,-0.7507618793962223,0.7964266441000533
1,1,map_001_robot_1__control_points_20260806_125816,19.0,7.767962898533728,3.0893443951830557,0.37363074926430073,-0.702556748245847,0.7957298042059133
1,1,map_001_robot_1__control_points_20260806_125816,19.1,7.810825159847962,3.0220187065902606,0.479622502480737,-0.6350032786451472,0.7957806913817217
1,1,map_001_robot_1__control_points_20260806_125816,19.200000000000003,7.863887399029878,2.9623437394540244,0.5703781616303303,-0.5565356756778357,0.796908530238559
1,1,map_001_robot_1__control_points_20260806_125816,19.3,7.924900792174028,2.9107115714546934,0.6378057922795577,-0.47992613038461585,0.7982013024866005
1,1,map_001_robot_1__control_points_20260806_125816,19.400000000000002,7.991448557485788,2.8663585133771017,0.6839696842219283,-0.4130588906347441,0.7990195091905139
1,1,map_001_robot_1__control_points_20260806_125816,19.5,8.061694729018413,2.8280997933277447,0.7147107639202233,-0.3581413811764449,0.7994227448443038
1,1,map_001_robot_1__control_points_20260806_125816,19.6,8.134390710269832,2.7947302371418132,0.7351536211477097,-0.31450267303940116,0.7996016370890687
1,1,map_001_robot_1__control_points_20260806_125816,19.700000000000003,8.208725453247956,2.7651992587198637,0.7489351518937255,-0.28038111186710246,0.7996983366457069
1,1,map_001_robot_1__control_points_20260806_125816,19.8,8.284177740648577,2.7386540147683927,0.7584150246079773,-0.2538789149124536,0.7997798778340474
1,1,map_001_robot_1__control_points_20260806_125816,19.900000000000002,8.36040845816955,2.714423475737373,0.7650665844445399,-0.23334625636648276,0.799860834141719
1,1,map_001_robot_1__control_points_20260806_125816,20.0,8.437191057537484,2.691984763495096,0.7698032269437363,-0.21747027221283943,0.799931451756534
1,1,map_001_robot_1__control_points_20260806_125816,20.1,8.514369103558296,2.670929421294806,0.7733507519531955,-0.20464644486643557,0.7999697200163541
1,1,map_001_robot_1__control_points_20260806_125816,20.200000000000003,8.591861207928126,2.6510554745218085,0.7758245490905225,-0.1951354846026323,0.7999884926188731
1,1,map_001_robot_1__control_points_20260806_125816,20.3,8.669534013376401,2.631902324374279,0.7771249044878203,-0.18991525937481768,0.7999943268040144
1,1,map_001_robot_1__control_points_20260806_125816,20.400000000000002,8.74728618882569,2.6130724226468454,0.7776843658332737,-0.18762931004177297,0.799998581778901
1,1,map_001_robot_1__control_points_20260806_125816,20.5,8.825070886543054,2.5943764623659247,0.7777595056104474,-0.18732303166234665,0.7999998542240992
1,1,map_001_robot_1__control_points_20260806_125816,20.6,8.90283808994778,2.5756078163143763,0.777048607302234,-0.19023032139154417,0.7999950707892342
1,1,map_001_robot_1__control_points_20260806_125816,20.700000000000003,8.980480608003504,2.5563303980876153,0.775601260654696,-0.19600467608223937,0.7999844677087533
1,1,map_001_robot_1__control_points_20260806_125816,20.8,9.057958342078718,2.5364068810979283,0.7736954985925237,-0.20332442698467723,0.799965966245428
1,1,map_001_robot_1__control_points_20260806_125816,20.900000000000002,9.135219707722008,2.51566551269068,0.7711904178917166,-0.21263168951686495,0.7999668093332354
1,1,map_001_robot_1__control_points_20260806_125816,21.0,9.212196425657062,2.4938805431945554,0.7669049384508924,-0.22749073547399234,0.7999345094111547
1,1,map_001_robot_1__control_points_20260806_125816,21.1,9.288600695412185,2.4701673655958816,0.7611571311906644,-0.24592138906749206,0.7998984360300294
1,1,map_001_robot_1__control_points_20260806_125816,21.200000000000003,9.364427851895197,2.444696265381056,0.7546121271804012,-0.2650240386217888,0.7997982267641842
1,1,map_001_robot_1__control_points_20260806_125816,21.3,9.439523120848264,2.417162557871524,0.7462827549865594,-0.2874809428960656,0.7997394844064784
1,1,map_001_robot_1__control_points_20260806_125816,21.400000000000002,9.513684402892508,2.3872000768018435,0.7352806605132542,-0.3146108303228292,0.7997609794690083
1,1,map_001_robot_1__control_points_20260806_125816,21.5,9.586579252950916,2.3542403918069583,0.7187627156573342,-0.3504406581395685,0.7996427304092746
1,1,map_001_robot_1__control_points_20260806_125816,21.6,9.657436946023976,2.31711194517393,0.6971146829659816,-0.3913996042566179,0.7994764107958395
1,1,map_001_robot_1__control_points_20260806_125816,21.700000000000003,9.726002189544115,2.2759604709556336,0.6706816453128113,-0.43435142842557894,0.7990463270266878
1,1,map_001_robot_1__control_points_20260806_125816,21.8,9.791573275086536,2.2302416594888146,0.6362916492749804,-0.4825585086452424,0.798579850236027
1,1,map_001_robot_1__control_points_20260806_125816,21.900000000000002,9.85326051939911,2.1794487692265854,0.5921211687237076,-0.5351429721866605,0.7981137006288654
1,1,map_001_robot_1__control_points_20260806_125816,22.0,9.909997508831278,2.123213065051483,0.5367968922541024,-0.5900808499428862,0.797713177152654
1,1,map_001_robot_1__control_points_20260806_125816,22.1,9.960619897849929,2.0614325992380085,0.470178849596131,-0.6441429531495633,0.797488742679031
1,1,map_001_robot_1__control_points_20260806_125816,22.200000000000003,10.004033278750505,1.9943844744215686,0.39411281147923205,-0.6934187588189253,0.7975929307949285
1,1,map_001_robot_1__control_points_20260806_125816,22.3,10.039442460145775,1.9227488474742238,0.3125763800119188,-0.7344377558368684,0.7981872026912302
1,1,map_001_robot_1__control_points_20260806_125816,22.400000000000002,10.066548554752888,1.8474969232541953,0.22266166859672154,-0.7666544914046511,0.7983340953843827
1,1,map_001_robot_1__control_points_20260806_125816,22.5,10.083974793865119,1.769417949193294,0.13399662663990597,-0.7872154758938485,0.7985382279125106
1,1,map_001_robot_1__control_points_20260806_125816,22.6,10.093347880080868,1.690053828075426,0.060337893545323595,-0.7959653029097833,0.7982489742140292
1,1,map_001_robot_1__control_points_20260806_125816,22.700000000000003,10.096042372574184,1.6102248886113348,0.005061082916242299,-0.799175398731645,0.7991914241895798
1,1,map_001_robot_1__control_points_20260806_125816,22.781541521583186,10.094999999999999,1.545,-0.01278333484519863,-0.7998978599485256,0.7999999999999972
1,1,map_001_robot_1__control_points_20260806_125825,0.0,0.9599999999999999,11.115000000000002,0.6598014169751243,0.4523959440110126,0.7999999999999982
1,1,map_001_robot_1__control_points_20260806_125825,0.1,1.0259801416975123,11.160239594401103,0.6638856862410396,0.4462332678963392,0.7999177043753827
1,1,map_001_robot_1__control_points_20260806_125825,0.2,1.0927771372482078,11.20424665357927,0.6722724354044507,0.43342146735870557,0.7998777380150074
1,1,map_001_robot_1__control_points_20260806_125825,0.30000000000000004,1.1604346287784026,11.246923887872846,0.6819865517987411,0.41801005248376555,0.7998987816041586
1,1,map_001_robot_1__control_points_20260806_125825,0.4,1.229174447607956,11.287848664076025,0.6931612327718994,0.39918754946837254,0.7998894887848094
1,1,map_001_robot_1__control_points_20260806_125825,0.5,1.2990668753327825,11.326761397766521,0.7033940504854055,0.38080246057703704,0.7998585526452731
1,1,map_001_robot_1__control_points_20260806_125825,0.6000000000000001,1.369853257705037,11.36400915619143,0.712432254609265,0.36354556428268126,0.7998281657439014
1,1,map_001_robot_1__control_points_20260806_125825,0.7000000000000001,1.4415533262546356,11.39947051062306,0.7216274580582231,0.34504303086560384,0.79987554117656
1,1,map_001_robot_1__control_points_20260806_125825,0.8,1.5141787493166816,11.433017762364551,0.7320595149620228,0.3222965527262289,0.7998663646795275
1,1,map_001_robot_1__control_points_20260806_125825,0.9,1.58796522924704,11.463929821168305,0.7422339135521403,0.2981169967337678,0.7998655675602541
1,1,map_001_robot_1__control_points_20260806_125825,1.0,1.6626255320271097,11.492641161711305,0.7507854215791934,0.27565032875682505,0.7997886302015007
1,1,map_001_robot_1__control_points_20260806_125825,1.1,1.7381223135628787,11.519059886919669,0.7589939999316666,0.25205327533726063,0.7997516774227558
1,1,map_001_robot_1__control_points_20260806_125825,1.2000000000000002,1.814424332013443,11.543051816778757,0.7668254110580719,0.22711899158561266,0.7997526163653649
1,1,map_001_robot_1__control_points_20260806_125825,1.3,1.8914873957744929,11.56448368523679,0.774147133411498,0.20086758490495527,0.7997822021242965
1,1,map_001_robot_1__control_points_20260806_125825,1.4000000000000001,1.9692537586957426,11.58322533375975,0.780822297154879,0.1733420764573168,0.7998318168244849
1,1,map_001_robot_1__control_points_20260806_125825,1.5,2.0476518552054683,11.59915210052825,0.7869247929863139,0.14309161854311014,0.7998286323418535
1,1,map_001_robot_1__control_points_20260806_125825,1.6,2.1266387172930057,11.611843657468373,0.791970391474905,0.11182086143251269,0.7998256097577918
1,1,map_001_robot_1__control_points_20260806_125825,1.7000000000000002,2.2060459335004494,11.621516272814754,0.7956274254228397,0.0812807280569885,0.7997684395113691
1,1,map_001_robot_1__control_points_20260806_125825,1.8,2.2857642023775733,11.628099803079769,0.7981593465327474,0.049994560312278225,0.7997235763177177
1,1,map_001_robot_1__control_points_20260806_125825,1.9000000000000001,2.365677802806999,11.631515184877212,0.799489388047169,0.01799729160696728,0.7996919307490997
1,1,map_001_robot_1__control_points_20260806_125825,2.0,2.445662079987007,11.63169926140116,0.799538226536864,-0.014544287696246272,0.7996705021434171
1,1,map_001_robot_1__control_points_20260806_125825,2.1,2.525585448114372,11.628606327337966,0.7982478985338304,-0.04745023942209059,0.7996569469059155
1,1,map_001_robot_1__control_points_20260806_125825,2.2,2.605311659693773,11.622209213516742,0.7955839581620499,-0.08053237668713109,0.7996494845741303
1,1,map_001_robot_1__control_points_20260806_125825,2.3000000000000003,2.684702239746782,11.61249985200054,0.7915365574262481,-0.11359959420685328,0.7996467904932514
1,1,map_001_robot_1__control_points_20260806_125825,2.4000000000000004,2.7636189711790227,11.59948929467537,0.7861203784662703,-0.14646329466715713,0.7996478888390256
1,1,map_001_robot_1__control_points_20260806_125825,2.5,2.8419263154400363,11.583207193067109,0.7793734464255326,-0.17894257173182382,0.7996520574419923
1,1,map_001_robot_1__control_points_20260806_125825,2.6,2.9194936604641284,11.563700780329004,0.7713549450526731,-0.2108688422004903,0.7996587521363019
1,1,map_001_robot_1__control_points_20260806_125825,2.7,2.996197304450571,11.541033424627011,0.7621422326260028,-0.24208968221241634,0.7996675540409632
1,1,map_001_robot_1__control_points_20260806_125825,2.8000000000000003,3.0719221069893288,11.51528284388652,0.7518273047649604,-0.2724717050278187,0.7996781391478144
1,1,map_001_robot_1__control_points_20260806_125825,2.9000000000000004,3.146562765403563,11.486539083621448,0.7405129695748354,-0.30190240846851424,0.7996902665079966
1,1,map_001_robot_1__control_points_20260806_125825,3.0,3.2200247009042964,11.45490236219282,0.7283089907401532,-0.3302910065391842,0.7997037795294005
1,1,map_001_robot_1__control_points_20260806_125825,3.1,3.292224563551593,11.420480882313608,0.71532842103829,-0.3575683324040355,0.7997186144409395
1,1,map_001_robot_1__control_points_20260806_125825,3.2,3.3630903851119545,11.383388695712013,0.7016843000964634,-0.3836859526817875,0.7997348106011108
1,1,map_001_robot_1__control_points_20260806_125825,3.3000000000000003,3.4325614235708857,11.34374369177725,0.6874868345133578,-0.40861466376318845,0.7997525186402982
1,1,map_001_robot_1__control_points_20260806_125825,3.4000000000000004,3.500587752014626,11.301665762959376,0.6728411233089524,-0.4323425507501497,0.7997720040141432
1,1,map_001_robot_1__control_points_20260806_125825,3.5,3.567129648232677,11.257275181627223,0.6578454428138549,-0.45487278227607675,0.7997936450651105
1,1,map_001_robot_1__control_points_20260806_125825,3.6,3.6321568405773963,11.210691206504158,0.6425900660984283,-0.47622129473628405,0.7998179259110696
1,1,map_001_robot_1__control_points_20260806_125825,3.7,3.695647661452363,11.162030922679966,0.6271565642768984,-0.49641449239143753,0.7998454252990711
1,1,map_001_robot_1__control_points_20260806_125825,3.8000000000000003,3.757588153432776,11.11140830802587,0.6116175201982088,-0.515487059903478,0.7998768029773949
1,1,map_001_robot_1__control_points_20260806_125825,3.9000000000000004,3.8179711654920045,11.058933510699271,0.5957200272165935,-0.5338120853090516,0.799898551848256
1,1,map_001_robot_1__control_points_20260806_125825,4.0,3.876732158876096,11.004645890964062,0.5793518575517069,-0.5515407252206472,0.7999035857061342
1,1,map_001_robot_1__control_points_20260806_125825,4.1000000000000005,3.9338415370023463,10.94862536565514,0.5632724203541031,-0.5679428365331063,0.7998967965311775
1,1,map_001_robot_1__control_points_20260806_125825,4.2,3.9893866429469163,10.89105732365744,0.5476906496005718,-0.5829571476814337,0.7998775429356478
1,1,map_001_robot_1__control_points_20260806_125825,4.3,4.04337966692246,10.832033936118853,0.532245672968898,-0.5970755391051554,0.7998653985464224
1,1,map_001_robot_1__control_points_20260806_125825,4.4,4.095835777540696,10.77164221583641,0.5169642693866585,-0.6103492799065151,0.7998614250636689
1,1,map_001_robot_1__control_points_20260806_125825,4.5,4.146772520799792,10.70996408013755,0.5018675828904229,-0.6228286952230917,0.7998666478542372
1,1,map_001_robot_1__control_points_20260806_125825,4.6000000000000005,4.1962092941187805,10.647076476791792,0.4869718562196219,-0.6345626196293708,0.7998820581691238
1,1,map_001_robot_1__control_points_20260806_125825,4.7,4.244166892043717,10.583051556211675,0.4722891230981716,-0.6455980047977334,0.7999086195282897
1,1,map_001_robot_1__control_points_20260806_125825,4.800000000000001,4.290667118738415,10.517956875832246,0.45732644242633214,-0.6563110969294073,0.7999323289472723
1,1,map_001_robot_1__control_points_20260806_125825,4.9,4.335632180528983,10.451789336825794,0.4416154450674057,-0.6669868398730969,0.7999347760198846
1,1,map_001_robot_1__control_points_20260806_125825,5.0,4.378990207751896,10.384559507857627,0.4265642032104715,-0.6767029830816043,0.799927463444109
1,1,map_001_robot_1__control_points_20260806_125825,5.1000000000000005,4.420945021171078,10.316448740209472,0.41265022459790046,-0.6852534907128458,0.7999078411884946
1,1,map_001_robot_1__control_points_20260806_125825,5.2,4.461520252671476,10.247508809715058,0.3989713694654462,-0.6933035790336746,0.7999049983304494
1,1,map_001_robot_1__control_points_20260806_125825,5.300000000000001,4.500739295064166,10.177788024402737,0.3855246933522629,-0.7008867388088547,0.799919689607943
1,1,map_001_robot_1__control_points_20260806_125825,5.4,4.538625191341929,10.107331461953287,0.3720317302360705,-0.7081710232291911,0.7999461272135292
1,1,map_001_robot_1__control_points_20260806_125825,5.5,4.57514564111138,10.0361538197569,0.35717750368784706,-0.7157780952862822,0.7999462799665613
1,1,map_001_robot_1__control_points_20260806_125825,5.6000000000000005,4.610060692079498,9.964175842896031,0.34275517223889196,-0.722794233238524,0.7999453804475517
1,1,map_001_robot_1__control_points_20260806_125825,5.7,4.643696675559158,9.891594973109195,0.33007051024348044,-0.7286519177513355,0.799925095852787
1,1,map_001_robot_1__control_points_20260806_125825,5.800000000000001,4.676074794128194,9.818445459345764,0.31759454716021196,-0.7341782674293427,0.7999275121856051
1,1,map_001_robot_1__control_points_20260806_125825,5.9,4.707215584991201,9.744759319623325,0.30532066770494737,-0.7393947927379472,0.7999533546750003
1,1,map_001_robot_1__control_points_20260806_125825,6.0,4.737138927669183,9.670566500798175,0.2911567372230124,-0.7450849591591293,0.7999523998310848
1,1,map_001_robot_1__control_points_20260806_125825,6.1000000000000005,4.765446932435804,9.5957423277915,0.2770735500216084,-0.7504404861362985,0.7999566709229075
1,1,map_001_robot_1__control_points_20260806_125825,6.2,4.792553637673505,9.520478403570916,0.26520158496665047,-0.7546952624689283,0.7999355098143025
1,1,map_001_robot_1__control_points_20260806_125825,6.300000000000001,4.818487249429134,9.444803275297714,0.2535575794305167,-0.7586921009762975,0.7999407166599855
1,1,map_001_robot_1__control_points_20260806_125825,6.4,4.843265153559608,9.368739983375656,0.241250376942304,-0.7627121047357193,0.7999571857825858
1,1,map_001_robot_1__control_points_20260806_125825,6.5,4.866737324817596,9.29226085435057,0.22778213024149352,-0.766844652673548,0.7999596366013519
1,1,map_001_robot_1__control_points_20260806_125825,6.6000000000000005,4.888821579607907,9.215371052840947,0.21581952319042585,-0.7702964837276554,0.7999592111059993
1,1,map_001_robot_1__control_points_20260806_125825,6.7,4.909901229455681,9.138201557605038,0.20609788335641,-0.7729530018997508,0.7999579243121656
1,1,map_001_robot_1__control_points_20260806_125825,6.800000000000001,4.930041156279189,9.060780452460996,0.19687635604828913,-0.7753709480264632,0.7999752537512077
1,1,map_001_robot_1__control_points_20260806_125825,6.9,4.949276500665338,8.983127367999744,0.18679333152895694,-0.7778650530477691,0.7999786181246943
1,1,map_001_robot_1__control_points_20260806_125825,7.0,4.96739982258498,8.905207441851443,0.17778397614147323,-0.7799787951457589,0.7999837892418206
1,1,map_001_robot_1__control_points_20260806_125825,7.1000000000000005,4.984833295893633,8.827131608970593,0.1711352896385563,-0.7814608426171787,0.7999802096949796
1,1,map_001_robot_1__control_points_20260806_125825,7.2,5.001626880512692,8.748915273328008,0.16497381654095733,-0.7827930193000228,0.7999882944199467
1,1,map_001_robot_1__control_points_20260806_125825,7.300000000000001,5.0178280592018245,8.670573005110588,0.1583304333272224,-0.7841663264447902,0.799990845977317
1,1,map_001_robot_1__control_points_20260806_125825,7.4,5.033292967178136,8.59208200803905,0.1524654507829446,-0.7853311718394949,0.7999942269449454
1,1,map_001_robot_1__control_points_20260806_125825,7.5,5.048321149358413,8.513506770742689,0.14838344259292313,-0.7861114739102746,0.7999930596255893
1,1,map_001_robot_1__control_points_20260806_125825,7.6000000000000005,5.062969655696721,8.434859713256994,0.14480134940963296,-0.7867821307537994,0.7999959700300617
1,1,map_001_robot_1__control_points_20260806_125825,7.7,5.07728141924034,8.356150344591928,0.14133018035681744,-0.7874147868743648,0.7999976665391543
1,1,map_001_robot_1__control_points_20260806_125825,7.800000000000001,5.091235691768084,8.277376755882122,0.13857136012644844,-0.7879063153686374,0.799998989777535
1,1,map_001_robot_1__control_points_20260806_125825,7.9,5.104995691265629,8.1985690815182,0.1369764225937402,-0.7881853738742848,0.7999992024595556
1,1,map_001_robot_1__control_points_20260806_125825,8.0,5.118630976286831,8.119739681107264,0.13597361067460056,-0.788359560651152,0.799999762293693
1,1,map_001_robot_1__control_points_20260806_125825,8.1,5.13219041340055,8.04089716938797,0.1355560919721306,-0.7884316989270772,0.7999999987148713
1,1,map_001_robot_1__control_points_20260806_125825,8.200000000000001,5.145742194681257,7.962053341321847,0.13603985449877243,-0.7883481423651588,0.79999977223912
1,1,map_001_robot_1__control_points_20260806_125825,8.3,5.159398384300304,7.8832275409149375,0.1373991803604966,-0.7881115813215729,0.7999989996099536
1,1,map_001_robot_1__control_points_20260806_125825,8.4,5.173222030753356,7.804431025057533,0.13941734751356094,-0.787755532803132,0.7999974851520869
1,1,map_001_robot_1__control_points_20260806_125825,8.5,5.187281853803016,7.7256764343543125,0.14216516598559537,-0.7872632017438406,0.799996427016818
1,1,map_001_robot_1__control_points_20260806_125825,8.6,5.201655063950475,7.646978384708766,0.1461449072237997,-0.7865330594825153,0.7999953672155726
1,1,map_001_robot_1__control_points_20260806_125825,8.700000000000001,5.216510835247776,7.568369822457809,0.15161205990952809,-0.7854944389179224,0.7999923313888653
1,1,map_001_robot_1__control_points_20260806_125825,8.8,5.231977475932381,7.48987949692518,0.15799048723361508,-0.7842299359016067,0.7999859913901951
1,1,map_001_robot_1__control_points_20260806_125825,8.9,5.2481089326945,7.411523835277489,0.16526893441307067,-0.7827180529415614,0.7999758565623469
1,1,map_001_robot_1__control_points_20260806_125825,9.0,5.265031262814995,7.333335886336868,0.1739050486124647,-0.7808343526620476,0.7999657819119906
1,1,map_001_robot_1__control_points_20260806_125825,9.1,5.282889942416992,7.25535696474508,0.18411074528770754,-0.7784826180184936,0.7999574695490522
1,1,map_001_robot_1__control_points_20260806_125825,9.200000000000001,5.301853411872537,7.177639362733169,0.19613612727254193,-0.7755345371487437,0.7999519977673578
1,1,map_001_robot_1__control_points_20260806_125825,9.3,5.322117167871501,7.10025005731533,0.21027479683773365,-0.7718180186305759,0.7999490884224933
1,1,map_001_robot_1__control_points_20260806_125825,9.4,5.343908371240084,7.023275759007054,0.22712381777717638,-0.7670185454648148,0.7999391712428141
1,1,map_001_robot_1__control_points_20260806_125825,9.5,5.367541931426937,6.946846348222367,0.24685440622236854,-0.7608775467866664,0.7999198329054568
1,1,map_001_robot_1__control_points_20260806_125825,9.600000000000001,5.393279252484558,6.87110024964972,0.26927223172972603,-0.7532014553334605,0.7998874715215574
1,1,map_001_robot_1__control_points_20260806_125825,9.700000000000001,5.421396377772882,6.796206057155675,0.29496646702421003,-0.7434671982843497,0.7998429168240005
1,1,map_001_robot_1__control_points_20260806_125825,9.8,5.4522725458894,6.722406809992851,0.32573094234456335,-0.7304037929416509,0.7997439262315328
1,1,map_001_robot_1__control_points_20260806_125825,9.9,5.486542566241795,6.650125298567345,0.36159979593920966,-0.7131759052646558,0.7996088320381032
1,1,map_001_robot_1__control_points_20260806_125825,10.0,5.5245925050772415,6.57977162893992,0.4019182458641488,-0.6909983484790558,0.7993853851299116
1,1,map_001_robot_1__control_points_20260806_125825,10.100000000000001,5.566926215414625,6.511925628871535,0.44718976197469473,-0.6622676469992541,0.799110204838427
1,1,map_001_robot_1__control_points_20260806_125825,10.200000000000001,5.614030457472181,6.44731809954007,0.4969648011989207,-0.6254319135043822,0.7988360858526834
1,1,map_001_robot_1__control_points_20260806_125825,10.3,5.666319175654409,6.386839246170658,0.5508033230710225,-0.5782006700577469,0.7985614037513389
1,1,map_001_robot_1__control_points_20260806_125825,10.4,5.724191122086385,6.33167796552852,0.6101597515053392,-0.5141991318042329,0.7979321208632248
1,1,map_001_robot_1__control_points_20260806_125825,10.5,5.788351125955477,6.283999419809812,0.6666432759788776,-0.4384674598687859,0.7979141374682086
1,1,map_001_robot_1__control_points_20260806_125825,10.600000000000001,5.857519777282161,6.243984473554763,0.7122916863211124,-0.35955595820791686,0.797897194809574
1,1,map_001_robot_1__control_points_20260806_125825,10.700000000000001,5.9308094632197,6.212088228168229,0.7486046675350977,-0.2767705353410861,0.7981296119605672
1,1,map_001_robot_1__control_points_20260806_125825,10.8,6.007240710789181,6.188630366486546,0.7737281917709566,-0.19804086141483168,0.7986710821928404
1,1,map_001_robot_1__control_points_20260806_125825,10.9,6.085555101573891,6.172480055885263,0.7880899569668998,-0.13205367978683213,0.799076939109954
1,1,map_001_robot_1__control_points_20260806_125825,11.0,6.16485870218256,6.162219630529179,0.7955260151454375,-0.07745232667091173,0.7992874975125762
1,1,map_001_robot_1__control_points_20260806_125825,11.100000000000001,6.244660304602979,6.15698959055108,0.7988827372533258,-0.031119740185712175,0.7994886278807176
1,1,map_001_robot_1__control_points_20260806_125825,11.200000000000001,6.324635249633226,6.155995682492037,0.7996102512624184,0.007723971242885597,0.7996475558992904
1,1,map_001_robot_1__control_points_20260806_125825,11.3,6.404582354855463,6.158534384799657,0.7987585536246833,0.04001476540885207,0.799760219340348
1,1,map_001_robot_1__control_points_20260806_125825,11.4,6.4843869603581625,6.163998635573807,0.7970500197705874,0.06669102426970497,0.7998352497448685
1,1,map_001_robot_1__control_points_20260806_125825,11.5,6.563992358809579,6.171872589653598,0.7949607181436278,0.08861364495434643,0.7998843175506865
1,1,map_001_robot_1__control_points_20260806_125825,11.600000000000001,6.643379103986889,6.181721364564677,0.7927916195612923,0.10653361594037491,0.7999174728507611
1,1,map_001_robot_1__control_points_20260806_125825,11.700000000000001,6.722550682721838,6.193179312841673,0.7907240983131487,0.12108656960165831,0.7999415959875066
1,1,map_001_robot_1__control_points_20260806_125825,11.8,6.801523923649517,6.205938678485008,0.788860391729628,0.13280077240980503,0.7999604757689363
1,1,map_001_robot_1__control_points_20260806_125825,11.9,6.880322761067763,6.219739467323634,0.7872518815557754,0.14211055648733506,0.7999755841763226
1,1,map_001_robot_1__control_points_20260806_125825,12.0,6.958974299960672,6.2343607897824755,0.7859183226179809,0.14937089738842957,0.7999870466534351
1,1,map_001_robot_1__control_points_20260806_125825,12.100000000000001,7.03750642559136,6.24961364680132,0.7848606747377076,0.15487106962028463,0.7999945793285482
1,1,map_001_robot_1__control_points_20260806_125825,12.200000000000001,7.115946434908214,6.265335003706532,0.7840414742980144,0.15898274814242797,0.7999978422635418
1,1,map_001_robot_1__control_points_20260806_125825,12.3,7.194314720450962,6.281410196429806,0.7835398941343783,0.16144514994468295,0.7999995638378649
1,1,map_001_robot_1__control_points_20260806_125825,12.4,7.272654413735089,6.2976240336954685,0.7833840427053502,0.16220121439470248,0.7999998701977984
1,1,map_001_robot_1__control_points_20260806_125825,12.5,7.350991528992032,6.313850439308746,0.7834653725050487,0.16180621912184634,0.7999995265379733
1,1,map_001_robot_1__control_points_20260806_125825,12.600000000000001,7.4293474882360995,6.329985277519838,0.783750268130369,0.16041514735735163,0.7999984389335432
1,1,map_001_robot_1__control_points_20260806_125825,12.700000000000001,7.507741582618107,6.345933468780216,0.7842650234891337,0.15787535846482825,0.7999976599208335
1,1,map_001_robot_1__control_points_20260806_125825,12.8,7.586200492933925,6.3615603492128034,0.7850915289453866,0.15369835960273903,0.7999949340879464
1,1,map_001_robot_1__control_points_20260806_125825,12.9,7.664759888407184,6.376673140700763,0.7860939828529538,0.14846331695567372,0.7999906914202821
1,1,map_001_robot_1__control_points_20260806_125825,13.0,7.743419289504516,6.391253012603938,0.7871469463320224,0.14273542733736733,0.7999835731669799
1,1,map_001_robot_1__control_points_20260806_125825,13.100000000000001,7.822189277673588,6.405220226168237,0.7882991831012376,0.13621657222950034,0.7999815976808674
1,1,map_001_robot_1__control_points_20260806_125825,13.200000000000001,7.901079126124764,6.418496327049838,0.7896753296250765,0.12799494965290137,0.7999811456247716
1,1,map_001_robot_1__control_points_20260806_125825,13.3,7.980124343598602,6.430819216098818,0.7912589273374095,0.11776473543298493,0.799974513970757
1,1,map_001_robot_1__control_points_20260806_125825,13.4,8.059330911592244,6.442049274136436,0.7927557842704758,0.10711719977749823,0.7999598914836104
1,1,map_001_robot_1__control_points_20260806_125825,13.5,8.138675500452697,6.452242656054317,0.7941248958421525,0.09631940694458763,0.7999448595687497
1,1,map_001_robot_1__control_points_20260806_125825,13.600000000000001,8.218155890760677,6.461313155525354,0.7954639004007404,0.08464418044365374,0.799954657542374
1,1,map_001_robot_1__control_points_20260806_125825,13.700000000000001,8.297768280532845,6.469171492143047,0.7969122135488149,0.06959789298556984,0.7999455874066078
1,1,map_001_robot_1__control_points_20260806_125825,13.8,8.37753833347044,6.475232734122468,0.7981964089914584,0.052738651080836974,0.7999367929059681
1,1,map_001_robot_1__control_points_20260806_125825,13.9,8.457407562331136,6.479719222359215,0.7990477451484281,0.03678976530046896,0.799894234169525
1,1,map_001_robot_1__control_points_20260806_125825,14.0,8.537347882500125,6.4825906871825625,0.7996261684311818,0.020103494792344634,0.7998788406645088
1,1,map_001_robot_1__control_points_20260806_125825,14.100000000000001,8.617332796017374,6.483739921317684,0.79990552809776,0.0018434500499253659,0.7999076522883395
1,1,map_001_robot_1__control_points_20260806_125825,14.200000000000001,8.697328988119677,6.4829593771925484,0.7996117909175808,-0.020899373975858282,0.7998848667195823
1,1,map_001_robot_1__control_points_20260806_125825,14.3,8.77725515420089,6.479560046522513,0.7986291898217814,-0.04452844045794535,0.7998695923992934
1,1,map_001_robot_1__control_points_20260806_125825,14.4,8.857054826084033,6.47405368910096,0.7971199426158151,-0.06560447158994265,0.7998150721313245
1,1,map_001_robot_1__control_points_20260806_125825,14.5,8.936679142724053,6.466439152204525,0.7951226419028856,-0.08664313360604581,0.7998293869743094
1,1,map_001_robot_1__control_points_20260806_125825,14.600000000000001,9.016079354464612,6.456725062379751,0.7925227434856907,-0.10825794250815335,0.7998825420386324
1,1,map_001_robot_1__control_points_20260806_125825,14.700000000000001,9.095183691421191,6.444787563702894,0.7888612840415661,-0.132315083850159,0.7998808704263298
1,1,map_001_robot_1__control_points_20260806_125825,14.8,9.173851611272925,6.430262045609719,0.7846354248718583,-0.15538370264700774,0.7998730180548256
1,1,map_001_robot_1__control_points_20260806_125825,14.9,9.252110776395563,6.413710823173493,0.7803181142762909,-0.17557818361138544,0.7998275176736419
1,1,map_001_robot_1__control_points_20260806_125825,15.0,9.329915234128181,6.395146408887442,0.7755382854505228,-0.19565098620700638,0.799836821235001
1,1,map_001_robot_1__control_points_20260806_125825,15.100000000000001,9.407218433485669,6.374580625932091,0.770254975042306,-0.21571999754196014,0.7998923952113351
1,1,map_001_robot_1__control_points_20260806_125825,15.200000000000001,9.483966229136644,6.3520024093790495,0.7635177413862593,-0.23845603362120826,0.7998878805069705
1,1,map_001_robot_1__control_points_20260806_125825,15.3,9.55992198176292,6.326889419207849,0.756164649363356,-0.26084761736935036,0.7998915279174259
1,1,map_001_robot_1__control_points_20260806_125825,15.4,9.635199159009314,6.29983288590518,0.7491325156708442,-0.28025094347398394,0.7998375568535061
1,1,map_001_robot_1__control_points_20260806_125825,15.5,9.709748484897089,6.270839230513053,0.7415981547630679,-0.2995963895561147,0.7998286190072511
1,1,map_001_robot_1__control_points_20260806_125825,15.600000000000001,9.783518789961928,6.239913607993956,0.73354134754981,-0.31889694711429684,0.7998613451367742
1,1,map_001_robot_1__control_points_20260806_125825,15.700000000000001,9.856456754407052,6.207059841090193,0.7243312926161352,-0.3393631313287102,0.7998894650938895
1,1,map_001_robot_1__control_points_20260806_125825,15.8,9.928385048485154,6.172040981728214,0.7138042346526987,-0.3609773067794464,0.7998881805714269
1,1,map_001_robot_1__control_points_20260806_125825,15.9,9.999217601337591,6.134864379734304,0.7031439538425559,-0.3812637109669623,0.7998583856693894
1,1,map_001_robot_1__control_points_20260806_125825,16.0,10.069013839253666,6.095788239534822,0.6924540935955079,-0.4002700560789485,0.7998179727479379
1,1,map_001_robot_1__control_points_20260806_125825,16.1,10.137708420056692,6.054810368518514,0.6810892514263216,-0.4193036696699153,0.7998113126276251
1,1,map_001_robot_1__control_points_20260806_125825,16.2,10.20523168953893,6.0119275056008386,0.6690038818883863,-0.4383745758297053,0.7998365224941931
1,1,map_001_robot_1__control_points_20260806_125825,16.3,10.27150919643437,5.967135453352573,0.65591676671378,-0.4577994740007121,0.7998794679522584
1,1,map_001_robot_1__control_points_20260806_125825,16.400000000000002,10.336415042881688,5.920367610800695,0.6407470289796819,-0.47879015258850544,0.7998729682655951
1,1,map_001_robot_1__control_points_20260806_125825,16.5,10.399658602230305,5.871377422834873,0.624807384358121,-0.49939190924066423,0.7998603294097493
1,1,map_001_robot_1__control_points_20260806_125825,16.6,10.461376519753312,5.820489228952562,0.6090557363326852,-0.5183930323425727,0.7998001162422252
1,1,map_001_robot_1__control_points_20260806_125825,16.7,10.521469749496841,5.767698816366359,0.5922753225226103,-0.5374296062700417,0.7997628644572302
1,1,map_001_robot_1__control_points_20260806_125825,16.8,10.579831584257834,5.713003307698554,0.5743868147233258,-0.5564844783213765,0.7997469521921435
1,1,map_001_robot_1__control_points_20260806_125825,16.900000000000002,10.636347112441507,5.656401920702082,0.5553057261218868,-0.5755320400451076,0.7997509478470403
1,1,map_001_robot_1__control_points_20260806_125825,17.0,10.690892729482211,5.597896899689533,0.5349431768058608,-0.594536399135059,0.7997735506426982
1,1,map_001_robot_1__control_points_20260806_125825,17.1,10.743335747802679,5.537494640875071,0.5132071632152346,-0.6134493490184667,0.7998135383866725
1,1,map_001_robot_1__control_points_20260806_125825,17.2,10.793534162125258,5.475207029885841,0.48910258931800854,-0.6328464888090544,0.7998224936043804
1,1,map_001_robot_1__control_points_20260806_125825,17.3,10.84115626566628,5.41092534311326,0.462948323879246,-0.6522104814255982,0.7998122671377415
1,1,map_001_robot_1__control_points_20260806_125825,17.400000000000002,10.886123826901109,5.344764933600719,0.43601985251792286,-0.6704500281116452,0.7997603090830758
1,1,map_001_robot_1__control_points_20260806_125825,17.5,10.928360236169864,5.276835337490931,0.40783767936945026,-0.6878802473111207,0.7996941961489199
1,1,map_001_robot_1__control_points_20260806_125825,17.6,10.967691362775,5.207188884138495,0.37788765516281586,-0.7047124658995045,0.7996366296753867
1,1,map_001_robot_1__control_points_20260806_125825,17.7,11.003937767202427,5.135892844311031,0.3461288106746565,-0.7207868480273305,0.7995866643886866
1,1,map_001_robot_1__control_points_20260806_125825,17.8,11.036917124909932,5.063031514533029,0.31254819334513684,-0.7359236830256641,0.7995436450884762
1,1,map_001_robot_1__control_points_20260806_125825,17.900000000000002,11.066447405871454,4.988708107705897,0.2771696665878167,-0.749925963978896,0.7995073330033177
1,1,map_001_robot_1__control_points_20260806_125825,18.0,11.092351058227495,4.913046321737251,0.24022034860500696,-0.7625437868763143,0.7994866120127222
1,1,map_001_robot_1__control_points_20260806_125825,18.1,11.114491475592455,4.836199350330634,0.20244672148369602,-0.7734434796702665,0.7994995255057673
1,1,map_001_robot_1__control_points_20260806_125825,18.2,11.132840402524234,4.758357625803199,0.16492762099598224,-0.7823456803463067,0.7995410456780314
1,1,map_001_robot_1__control_points_20260806_125825,18.3,11.147476999791651,4.679730214261373,0.12840181916001114,-0.7892141426980892,0.7995911393945534
1,1,map_001_robot_1__control_points_20260806_125825,18.400000000000002,11.158520766356236,4.600514797263579,0.09319048185871281,-0.7941968681442937,0.7996456285625926
1,1,map_001_robot_1__control_points_20260806_125825,18.5,11.166115096163393,4.520890840632515,0.05949759666205523,-0.7974868665064889,0.799703236368904
1,1,map_001_robot_1__control_points_20260806_125825,18.6,11.170420285688648,4.441017423962282,0.02746006652677835,-0.7992914957402348,0.7997630589220266
1,1,map_001_robot_1__control_points_20260806_125825,18.7,11.17160710946875,4.361032541484469,-0.0028451220264713584,-0.7998193742617872,0.7998244345879052
1,1,map_001_robot_1__control_points_20260806_125825,18.8,11.169851261283354,4.281053549109925,-0.03220041210942526,-0.7992086840767456,0.7998571042653183
1,1,map_001_robot_1__control_points_20260806_125825,18.900000000000002,11.165167027046865,4.2011908046691175,-0.06025211040499556,-0.7976007692801588,0.799873304945575
1,1,map_001_robot_1__control_points_20260806_125825,19.0,11.157800839202354,4.121533395253894,-0.08574823630585371,-0.7952550459010368,0.7998645810764624
1,1,map_001_robot_1__control_points_20260806_125825,19.1,11.148017379785694,4.042139795488911,-0.10911035345172593,-0.79237425211711,0.7998512515765103
1,1,map_001_robot_1__control_points_20260806_125825,19.200000000000003,11.13597876851201,3.9630585448304694,-0.13089653377385702,-0.7890661367671115,0.7998495300658646
1,1,map_001_robot_1__control_points_20260806_125825,19.3,11.121838073030922,3.884326568135489,-0.15120039502271254,-0.7854372318363687,0.7998582403212471
1,1,map_001_robot_1__control_points_20260806_125825,19.400000000000002,11.105738689507467,3.8059710984631967,-0.17011955500053233,-0.7815758772395967,0.7998759371780252
1,1,map_001_robot_1__control_points_20260806_125825,19.5,11.087814162030815,3.7280113926875704,-0.18775184118840116,-0.7775543867602117,0.7999009802717355
1,1,map_001_robot_1__control_points_20260806_125825,19.6,11.068188321269787,3.6504602211111545,-0.2041925884476541,-0.7734312986214675,0.7999316138672372
1,1,map_001_robot_1__control_points_20260806_125825,19.700000000000003,11.046975644341284,3.5733251329632747,-0.22030060221528203,-0.7690158353252343,0.7999485672950379
1,1,map_001_robot_1__control_points_20260806_125825,19.8,11.02412820082673,3.496657054046108,-0.23582030753040328,-0.7644064932206085,0.7999553139529496
1,1,map_001_robot_1__control_points_20260806_125825,19.900000000000002,10.999811582835203,3.420443834319153,-0.24949651589291477,-0.7600463560178845,0.7999493576088229
1,1,map_001_robot_1__control_points_20260806_125825,20.0,10.974228897648148,3.3446477828425314,-0.2617447534854733,-0.7559096287164948,0.7999435497355298
1,1,map_001_robot_1__control_points_20260806_125825,20.1,10.947462632138109,3.269261908575855,-0.2732006999188812,-0.751849199474627,0.7999473990124626
1,1,map_001_robot_1__control_points_20260806_125825,20.200000000000003,10.919588757664371,3.194277942947604,-0.28392614630526936,-0.747876275962124,0.7999581118425741
1,1,map_001_robot_1__control_points_20260806_125825,20.3,10.890677402877055,3.1196866533834307,-0.2939763404338578,-0.7439993595928698,0.7999732094323433
1,1,map_001_robot_1__control_points_20260806_125825,20.400000000000002,10.860793489577599,3.0454780710290303,-0.3041951658488955,-0.7398850376813666,0.7999778546376107
1,1,map_001_robot_1__control_points_20260806_125825,20.5,10.829838369707275,2.9717096458471577,-0.3138321243744926,-0.7358530205310565,0.7999814186055114
1,1,map_001_robot_1__control_points_20260806_125825,20.6,10.798027064702701,2.89830746692282,-0.32198439064436,-0.7323171418076129,0.7999764646562367
1,1,map_001_robot_1__control_points_20260806_125825,20.700000000000003,10.765441491578402,2.825246217485633,-0.329484395047821,-0.728972845245579,0.7999758594391855
1,1,map_001_robot_1__control_points_20260806_125825,20.8,10.732130185693137,2.7525128978737046,-0.3365116391002019,-0.7257596315513233,0.7999794535107868
1,1,map_001_robot_1__control_points_20260806_125825,20.900000000000002,10.698139163758361,2.6800942911753687,-0.3430889806836177,-0.7226800788217673,0.7999853404859114
1,1,map_001_robot_1__control_points_20260806_125825,21.0,10.663512389556415,2.6079768821093516,-0.34939952226741156,-0.719655869076627,0.799990372477776
1,1,map_001_robot_1__control_points_20260806_125825,21.1,10.62825925930488,2.5361631173600436,-0.35558387142462067,-0.7166221047115648,0.799991956571161
1,1,map_001_robot_1__control_points_20260806_125825,21.200000000000003,10.592395615271489,2.4646524611670366,-0.3610684459111795,-0.7138748835105062,0.7999923574259026
1,1,map_001_robot_1__control_points_20260806_125825,21.3,10.556045570122643,2.393388140657943,-0.3657382802205973,-0.7114926133186028,0.7999913927197311
1,1,map_001_robot_1__control_points_20260806_125825,21.400000000000002,10.51924795922737,2.3223539385033165,-0.3700182940574521,-0.709277113343262,0.7999922258683129
1,1,map_001_robot_1__control_points_20260806_125825,21.5,10.482041911311153,2.2515327179892908,-0.3739029143748738,-0.7072388771979252,0.7999938867255213
1,1,map_001_robot_1__control_points_20260806_125825,21.6,10.444467376352396,2.180906163063732,-0.3773809811911235,-0.7053911957448413,0.7999957149879693
1,1,map_001_robot_1__control_points_20260806_125825,21.700000000000003,10.406565715072928,2.1104544788403206,-0.3804350113353223,-0.7037505980175567,0.7999973137828499
1,1,map_001_robot_1__control_points_20260806_125825,21.8,10.36838037408533,2.0401560434602213,-0.38304018948758767,-0.702337394941912,0.7999985019338964
1,1,map_001_robot_1__control_points_20260806_125825,21.900000000000002,10.329957677175411,1.9699869998519388,-0.3851882146420067,-0.7011624294366463,0.7999991957199686
1,1,map_001_robot_1__control_points_20260806_125825,22.0,10.291342731156927,1.8999235575728926,-0.3867881517985552,-0.7002816227872,0.7999996409906797
1,1,map_001_robot_1__control_points_20260806_125825,22.1,10.2526000468157,1.829930675294499,-0.3877417344429759,-0.6997543526318974,0.7999998791600741
1,1,map_001_robot_1__control_points_20260806_125825,22.200000000000003,10.213794384268331,1.7599726870465109,-0.38804413431306983,-0.6995868261212763,0.7999999859107628
1,1,map_001_robot_1__control_points_20260806_125825,22.3,10.174991219953087,1.6900133100702446,-0.38764463932955096,-0.6998081029346395,0.7999998420836824
1,1,map_001_robot_1__control_points_20260806_125825,22.400000000000002,10.136265456402421,1.6200110664595837,-0.3864362413395668,-0.7004754822989474,0.7999992937013101
1,1,map_001_robot_1__control_points_20260806_125825,22.5,10.097703971685174,1.5499182136104555,-0.38543328553282663,-0.7010286399130905,0.7999999822343916
1,1,map_001_robot_1__control_points_20260806_125825,22.50701563967062,10.094999999999999,1.545,-0.3854205478224817,-0.7010356633696921,0.7999999999999788
1,1,map_001_robot_1__control_points_20260806_125853,0.0,0.96,11.114999999999998,0.5920346290373213,0.5380473938424402,0.8000000000000004
1,1,map_001_robot_1__control_points_20260806_125853,0.1,1.019203462903732,11.168804739384242,0.5920346290373226,0.5380473938424402,0.8000000000000014
1,1,map_001_robot_1__control_points_20260806_125853,0.2,1.0784069258074644,11.222609478768486,0.598636983136239,0.5305459346168888,0.7999032605990338
1,1,map_001_robot_1__control_points_20260806_125853,0.30000000000000004,1.1389308595309802,11.274913926307622,0.607054524433928,0.5209820969496235,0.7999609621586102
1,1,map_001_robot_1__control_points_20260806_125853,0.4,1.1998178306942502,11.326805898158412,0.6151891740640947,0.5112346088309394,0.7998865826804364
1,1,map_001_robot_1__control_points_20260806_125853,0.5,1.261968694343799,11.37716084807381,0.624140508550914,0.5003488747937297,0.7999377294024486
1,1,map_001_robot_1__control_points_20260806_125853,0.6000000000000001,1.3246459324044328,11.426875673117157,0.6339509111625254,0.4877260474978513,0.7998565216160162
1,1,map_001_robot_1__control_points_20260806_125853,0.7000000000000001,1.3887588765763044,11.474706057573382,0.6434121878881109,0.47530761887367845,0.7999353574397945
1,1,map_001_robot_1__control_points_20260806_125853,0.8,1.453328369982055,11.521937196891894,0.6549767695528548,0.4590283646791278,0.7998134834034043
1,1,map_001_robot_1__control_points_20260806_125853,0.9,1.5197542304868752,11.566511730509207,0.6672688220125647,0.4410834303096465,0.7998764112809932
1,1,map_001_robot_1__control_points_20260806_125853,1.0,1.5867821343845678,11.610153882953822,0.6781665084721586,0.4239593584000261,0.7997820645577645
1,1,map_001_robot_1__control_points_20260806_125853,1.1,1.6553875321813067,11.651303602189211,0.6927203296672593,0.3996818509404463,0.7997543604792021
1,1,map_001_robot_1__control_points_20260806_125853,1.2000000000000002,1.7253262003180199,11.69009025314191,0.7047040520402188,0.3780469151835817,0.7997044898221627
1,1,map_001_robot_1__control_points_20260806_125853,1.3,1.7963283425893501,11.726912985225926,0.7188775006173973,0.3502490259298767,0.7996619542398797
1,1,map_001_robot_1__control_points_20260806_125853,1.4000000000000001,1.8691017004414998,11.760140058327886,0.7352512869812333,0.31428642320459943,0.7996064099407286
1,1,map_001_robot_1__control_points_20260806_125853,1.5,1.9433785999855961,11.789770269866844,0.749303203743926,0.27845415114492056,0.799369755138853
1,1,map_001_robot_1__control_points_20260806_125853,1.6,2.0189623411902855,11.815830888556873,0.762574643943406,0.23929765968059513,0.7992392992802734
1,1,map_001_robot_1__control_points_20260806_125853,1.7000000000000002,2.0958935287742775,11.837629801802963,0.7756978513320885,0.19284357503078553,0.7993095776930694
1,1,map_001_robot_1__control_points_20260806_125853,1.8,2.174101911456703,11.854399603563028,0.7875116738998482,0.13687474801069044,0.7993180425659931
1,1,map_001_robot_1__control_points_20260806_125853,1.9000000000000001,2.2533958635542475,11.865004751405104,0.7959063972400529,0.07285949432859695,0.7992343205102366
1,1,map_001_robot_1__control_points_20260806_125853,2.0,2.3332831909047127,11.868971502428746,0.7990155347596808,0.0052085460046740195,0.7990325110649639
1,1,map_001_robot_1__control_points_20260806_125853,2.1,2.4131989705061843,11.866046460606041,0.7961118607796642,-0.06577512239307026,0.7988244247642174
1,1,map_001_robot_1__control_points_20260806_125853,2.2,2.4925055630606456,11.855816477950132,0.7864657579555665,-0.13958208396003613,0.798756249802936
1,1,map_001_robot_1__control_points_20260806_125853,2.3000000000000003,2.5704921220972974,11.838130043814033,0.7697762306485405,-0.21343640209474302,0.7988182164989879
1,1,map_001_robot_1__control_points_20260806_125853,2.4000000000000004,2.6464608091903536,11.813129197531183,0.7464898783569804,-0.2847533863087861,0.7989565879969576
1,1,map_001_robot_1__control_points_20260806_125853,2.5,2.7197900977686937,11.781179366552278,0.7175899804120167,-0.351575653547755,0.7990874921779527
1,1,map_001_robot_1__control_points_20260806_125853,2.6,2.7899788052727565,11.742814066821628,0.6855964718967087,-0.4108123142023956,0.7992554533924322
1,1,map_001_robot_1__control_points_20260806_125853,2.7,2.8569093921480357,11.699016903711799,0.6528351548112035,-0.4612909282107722,0.79936415969627
1,1,map_001_robot_1__control_points_20260806_125853,2.8000000000000003,2.9205458362349974,11.650555881179473,0.6203559219097876,-0.5043299711981177,0.7994937083537536
1,1,map_001_robot_1__control_points_20260806_125853,2.9000000000000004,2.9809805765299933,11.598150909472174,0.5892325731060453,-0.5405617731294328,0.799626197531076
1,1,map_001_robot_1__control_points_20260806_125853,3.0,3.038392350856207,11.542443526553587,0.5598456127680205,-0.5710901471163154,0.7997318714850216
1,1,map_001_robot_1__control_points_20260806_125853,3.1,3.0929496990835967,11.48393288004891,0.5321587888339963,-0.5970511261091431,0.7997893620957094
1,1,map_001_robot_1__control_points_20260806_125853,3.2,3.1448241086230064,11.423033301331758,0.5071996457559962,-0.6184364378180405,0.7998219228528779
1,1,map_001_robot_1__control_points_20260806_125853,3.3000000000000003,3.194389628234796,11.360245592485303,0.4854141212773637,-0.6356832244898598,0.7998250002552437
1,1,map_001_robot_1__control_points_20260806_125853,3.4000000000000004,3.241906932878479,11.295896656433786,0.46614288602697584,-0.6499642530480401,0.7998391841075647
1,1,map_001_robot_1__control_points_20260806_125853,3.5,3.2876182054401917,11.230252741875697,0.44918445215842695,-0.6618285985568875,0.7998648422881455
1,1,map_001_robot_1__control_points_20260806_125853,3.6,3.3317438233101644,11.163530936722408,0.43431822138656173,-0.67171852298587,0.7998988008183943
1,1,map_001_robot_1__control_points_20260806_125853,3.7,3.374481849717504,11.095909037278522,0.42132660208832107,-0.6799863769558172,0.7999359839842118
1,1,map_001_robot_1__control_points_20260806_125853,3.8000000000000003,3.416009143727828,11.027533661331244,0.4096464136225002,-0.687118798828628,0.7999640166266687
1,1,map_001_robot_1__control_points_20260806_125853,3.9000000000000004,3.456411132442004,10.958485277512796,0.3988744768050978,-0.6934399745465782,0.799974903697422
1,1,map_001_robot_1__control_points_20260806_125853,4.0,3.495784039088848,10.888845666421929,0.3901988902593452,-0.6983643227953067,0.7999799380690567
1,1,map_001_robot_1__control_points_20260806_125853,4.1000000000000005,3.5344509104938737,10.818812412953735,0.3837312257659633,-0.7019405345650043,0.7999813545910008
1,1,map_001_robot_1__control_points_20260806_125853,4.2,3.5725302842420406,10.748457559508928,0.37839446499534546,-0.7048401454701008,0.7999887510493048
1,1,map_001_robot_1__control_points_20260806_125853,4.3,3.610129803492943,10.677844383859714,0.37403188048741853,-0.7071721406729736,0.7999951775885593
1,1,map_001_robot_1__control_points_20260806_125853,4.4,3.6473366603395245,10.607023131374334,0.37055272809432793,-0.7090045982103064,0.7999980278610109
1,1,map_001_robot_1__control_points_20260806_125853,4.5,3.6842403491118088,10.536043464217654,0.3685223051711155,-0.7100637426095631,0.7999995049856797
1,1,map_001_robot_1__control_points_20260806_125853,4.6000000000000005,3.7210411213737484,10.465010382852421,0.3679286676270941,-0.7103718865789261,0.7999998260647007
1,1,map_001_robot_1__control_points_20260806_125853,4.7,3.757826082637228,10.393969086901869,0.36820276555371123,-0.7102295509185197,0.7999995572244546
1,1,map_001_robot_1__control_points_20260806_125853,4.800000000000001,3.7946816744844907,10.322964472668717,0.3695419301020557,-0.7095329597430151,0.7999989119150324
1,1,map_001_robot_1__control_points_20260806_125853,4.9,3.831734468657639,10.252062494953266,0.37245093779727156,-0.7080075015813705,0.7999964520931085
1,1,map_001_robot_1__control_points_20260806_125853,5.0,3.8691718620439453,10.181362972352444,0.376568251580899,-0.7058213111954217,0.7999921071087637
1,1,map_001_robot_1__control_points_20260806_125853,5.1000000000000005,3.907048118973819,10.110898232714183,0.38146462483256016,-0.7031781918558266,0.799984268282993
1,1,map_001_robot_1__control_points_20260806_125853,5.2,3.9454647870104576,10.040727333981279,0.3874222609704745,-0.6999074655818376,0.7999790426459094
1,1,map_001_robot_1__control_points_20260806_125853,5.300000000000001,3.9845325711679136,9.970916739597815,0.394866321101528,-0.6957355594867494,0.7999796124118383
1,1,map_001_robot_1__control_points_20260806_125853,5.4,4.024438051230764,9.901580222083929,0.4048210060203594,-0.6899784388839052,0.7999689325467625
1,1,map_001_robot_1__control_points_20260806_125853,5.5,4.0654967723719855,9.832921051821033,0.4162228524515612,-0.6831417650414124,0.799952582373987
1,1,map_001_robot_1__control_points_20260806_125853,5.6000000000000005,4.107682621721075,9.764951869075647,0.4283046736433711,-0.6755895161108327,0.7999163004612568
1,1,map_001_robot_1__control_points_20260806_125853,5.7,4.15115770710066,9.697803148598867,0.442103701726154,-0.6666001415510721,0.7998821361899998
1,1,map_001_robot_1__control_points_20260806_125853,5.800000000000001,4.196103362066306,9.631631840765433,0.45781962804266385,-0.6558748133557302,0.7998566012827155
1,1,map_001_robot_1__control_points_20260806_125853,5.9,4.242721632709193,9.566628185927721,0.47566142459451655,-0.6430387489984781,0.7998453747824092
1,1,map_001_robot_1__control_points_20260806_125853,6.0,4.291235646985209,9.503024090965738,0.49583170019823797,-0.6276255131078372,0.7998517735339162
1,1,map_001_robot_1__control_points_20260806_125853,6.1000000000000005,4.34188797274884,9.441103083306153,0.5194361144531427,-0.6081869252183338,0.7998157369073889
1,1,map_001_robot_1__control_points_20260806_125853,6.2,4.395122869875838,9.381386705922072,0.5455768242843817,-0.5847830494808122,0.7997657695577557
1,1,map_001_robot_1__control_points_20260806_125853,6.300000000000001,4.451003337605717,9.324146473409991,0.5730436834504182,-0.5577239440438575,0.7996468351105124
1,1,map_001_robot_1__control_points_20260806_125853,6.4,4.509731606565921,9.2698419171133,0.6025194038378565,-0.5255273822496562,0.7995052604550531
1,1,map_001_robot_1__control_points_20260806_125853,6.5,4.571507218373288,9.21904099696006,0.6336808299583474,-0.4872523119937213,0.7993536199955104
1,1,map_001_robot_1__control_points_20260806_125853,6.6000000000000005,4.636467772557592,9.172391454714557,0.6657245931623237,-0.4421913642890658,0.7992011239938084
1,1,map_001_robot_1__control_points_20260806_125853,6.7,4.704652137005753,9.130602724102248,0.6974709263046783,-0.3899188543814063,0.7990634555793515
1,1,map_001_robot_1__control_points_20260806_125853,6.800000000000001,4.775961957818527,9.094407683838277,0.7272269473998847,-0.33093469106992046,0.7989848576650863
1,1,map_001_robot_1__control_points_20260806_125853,6.9,4.85009752648573,9.064415785888263,0.7526258622058641,-0.26843743018199717,0.7990646672102547
1,1,map_001_robot_1__control_points_20260806_125853,7.0,4.9264871302597,9.040720197801878,0.7720360226544827,-0.20669134576667147,0.7992252077424677
1,1,map_001_robot_1__control_points_20260806_125853,7.1000000000000005,5.004504731016627,9.02307751673493,0.7855301794027199,-0.14815571854595788,0.7993796217632385
1,1,map_001_robot_1__control_points_20260806_125853,7.2,5.083593166140244,9.011089054092686,0.7939512843285605,-0.09404425074552591,0.7995016966744086
1,1,map_001_robot_1__control_points_20260806_125853,7.300000000000001,5.163294987882339,9.004268666585824,0.7983209076190754,-0.04497544572894441,0.7995868072074861
1,1,map_001_robot_1__control_points_20260806_125853,7.4,5.243257347664059,9.002093964946898,0.7996405301822769,-0.0011156262409883766,0.7996413084202831
1,1,map_001_robot_1__control_points_20260806_125853,7.5,5.323223093918794,9.004045541337627,0.7987881318555061,0.03769423376872538,0.7996770190849682
1,1,map_001_robot_1__control_points_20260806_125853,7.6000000000000005,5.403014974035161,9.009632811700643,0.7964752155400205,0.07181368304335223,0.7997061798196718
1,1,map_001_robot_1__control_points_20260806_125853,7.7,5.482518137026799,9.018408277946298,0.7932451639242757,0.10170215295890728,0.7997382184225835
1,1,map_001_robot_1__control_points_20260806_125853,7.800000000000001,5.561664006820016,9.029973242292424,0.7894937092008192,0.12784840617019455,0.7997784267082519
1,1,map_001_robot_1__control_points_20260806_125853,7.9,5.640416878866962,9.043977959180337,0.7854974966014581,0.150726783947583,0.7998280318708134
1,1,map_001_robot_1__control_points_20260806_125853,8.0,5.7187635061403075,9.06011859908194,0.7814425374151988,0.17077360812523068,0.7998850320602419
1,1,map_001_robot_1__control_points_20260806_125853,8.1,5.796705386350001,9.078132680805382,0.7772918740412429,0.18896341458225407,0.7999311404746863
1,1,map_001_robot_1__control_points_20260806_125853,8.200000000000001,5.874221880948557,9.097911281998392,0.7729202771087991,0.20617537035989386,0.7999462720139285
1,1,map_001_robot_1__control_points_20260806_125853,8.3,5.9512894417717614,9.11936775487736,0.7689298984338322,0.22061145829677997,0.7999516261857934
1,1,map_001_robot_1__control_points_20260806_125853,8.4,6.028007860635323,9.142033573657748,0.7655765416504572,0.2319708142143213,0.7999486857122333
1,1,map_001_robot_1__control_points_20260806_125853,8.5,6.104404750101852,9.165761917720223,0.7624932889502638,0.24196133899417305,0.7999633149476566
1,1,map_001_robot_1__control_points_20260806_125853,8.6,6.180506518425375,9.190425841456584,0.7595054413876312,0.2512320002668744,0.7999787706280183
1,1,map_001_robot_1__control_points_20260806_125853,8.700000000000001,6.2563058383793795,9.216008317773598,0.7565381982524002,0.2600491897329249,0.7999847664147979
1,1,map_001_robot_1__control_points_20260806_125853,8.8,6.331814158075856,9.242435679403169,0.7541015226916841,0.26703935902801135,0.7999869535161231
1,1,map_001_robot_1__control_points_20260806_125853,8.9,6.407126142917715,9.2694161895792,0.7522565911766783,0.2721975360878659,0.7999884234294026
1,1,map_001_robot_1__control_points_20260806_125853,9.0,6.48226547631119,9.296875186620742,0.7506188740070385,0.27669849545227976,0.7999942196048354
1,1,map_001_robot_1__control_points_20260806_125853,9.1,6.557249917719123,9.324755888669657,0.7490387726703958,0.2809544458401092,0.7999965522431304
1,1,map_001_robot_1__control_points_20260806_125853,9.200000000000001,6.63207323084527,9.353066075788764,0.7478557733021631,0.28409378892639836,0.7999984616034793
1,1,map_001_robot_1__control_points_20260806_125853,9.3,6.706821072379556,9.381574646454936,0.7472003160054612,0.28581419420369514,0.7999987911534421
1,1,map_001_robot_1__control_points_20260806_125853,9.4,6.781513294046361,9.410228914629503,0.7467401736582886,0.28701673867966093,0.7999996845233878
1,1,map_001_robot_1__control_points_20260806_125853,9.5,6.856169107111213,9.438977994190868,0.7465700601601952,0.28745981311617896,0.7999999993027413
1,1,map_001_robot_1__control_points_20260806_125853,9.600000000000001,6.930827306078401,9.46772087725274,0.7467774430382192,0.286919594598821,0.799999626997071
1,1,map_001_robot_1__control_points_20260806_125853,9.700000000000001,7.005524595718857,9.496361913110633,0.7472666378283037,0.2856403687308955,0.7999986551613316
1,1,map_001_robot_1__control_points_20260806_125853,9.8,7.080280633644062,9.52484895099892,0.7479574699032767,0.2838255802299656,0.7999983354838858
1,1,map_001_robot_1__control_points_20260806_125853,9.9,7.155116089699511,9.553127029156625,0.7491907024905657,0.2805483340036403,0.7999962977480117
1,1,map_001_robot_1__control_points_20260806_125853,10.0,7.2301187741421735,9.580958617799647,0.7508284417246855,0.276128209191981,0.7999938354851804
1,1,map_001_robot_1__control_points_20260806_125853,10.100000000000001,7.305281778044449,9.608352670995021,0.7525307565893655,0.2714360570990806,0.7999875453445874
1,1,map_001_robot_1__control_points_20260806_125853,10.200000000000001,7.380624925460048,9.635245829219464,0.7544606046850504,0.26601802600914937,0.7999852462286641
1,1,map_001_robot_1__control_points_20260806_125853,10.3,7.456173898981459,9.661556276196851,0.7569414286783314,0.25887060776263127,0.7999839485970874
1,1,map_001_robot_1__control_points_20260806_125853,10.4,7.532013211195714,9.68701995077199,0.7600126542735097,0.24968835518511412,0.799977193031722
1,1,map_001_robot_1__control_points_20260806_125853,10.5,7.608176429836161,9.711493947233874,0.7631828923282811,0.23977201313291374,0.7999617149741423
1,1,map_001_robot_1__control_points_20260806_125853,10.600000000000001,7.684649789661371,9.734974353398574,0.7664275266971217,0.22912130759063132,0.7999423274656166
1,1,map_001_robot_1__control_points_20260806_125853,10.700000000000001,7.761461935175585,9.757318208752,0.7699625421065832,0.21692286413638584,0.7999361507222716
1,1,map_001_robot_1__control_points_20260806_125853,10.8,7.838642298082687,9.77835892622585,0.7738801077631905,0.20253212369924256,0.7999435494593932
1,1,map_001_robot_1__control_points_20260806_125853,10.9,7.916237956728222,9.79782463349185,0.7783962431396816,0.18433216924887574,0.7999244088999701
1,1,map_001_robot_1__control_points_20260806_125853,11.0,7.994321546710623,9.815225360075626,0.7829422563391546,0.163812006840665,0.7998955871528561
1,1,map_001_robot_1__control_points_20260806_125853,11.100000000000001,8.072826407996052,9.830587034859983,0.7871334184007353,0.1419119253342771,0.799823738654529
1,1,map_001_robot_1__control_points_20260806_125853,11.200000000000001,8.151748230390771,9.843607745142481,0.7911808896244921,0.11674856533151257,0.7997483526797471
1,1,map_001_robot_1__control_points_20260806_125853,11.3,8.23106258592095,9.853936747926285,0.7948322220364687,0.0878092168246809,0.799667880902312
1,1,map_001_robot_1__control_points_20260806_125853,11.4,8.310714674798064,9.861169588507417,0.7977151760309127,0.054544633997061,0.7995777755590155
1,1,map_001_robot_1__control_points_20260806_125853,11.5,8.390605621127133,9.864845674725698,0.7993023491232663,0.016405437919260635,0.7994706897111955
1,1,map_001_robot_1__control_points_20260806_125853,11.600000000000001,8.470575144622718,9.86445067609127,0.7988787257375165,-0.027093164724171004,0.7993380123644622
1,1,map_001_robot_1__control_points_20260806_125853,11.700000000000001,8.550381366274637,9.859427041780863,0.7955253751595919,-0.07627062871929269,0.7991732173490586
1,1,map_001_robot_1__control_points_20260806_125853,11.8,8.629680219654636,9.849196550347411,0.7881404936835494,-0.1311434201584163,0.7989768672712595
1,1,map_001_robot_1__control_points_20260806_125853,11.9,8.708009465011347,9.83319835774918,0.7755298210390578,-0.19124899370992665,0.7987632195562917
1,1,map_001_robot_1__control_points_20260806_125853,12.0,8.784786183862447,9.810946751605426,0.7568056782245947,-0.25498717155196715,0.7986070950405217
1,1,map_001_robot_1__control_points_20260806_125853,12.100000000000001,8.859370600656266,9.782200923438788,0.7321151161570754,-0.31901791823788983,0.7986018879657905
1,1,map_001_robot_1__control_points_20260806_125853,12.200000000000001,8.931209207093863,9.747143167957848,0.7025849565027897,-0.3798755818419437,0.7987058775192418
1,1,map_001_robot_1__control_points_20260806_125853,12.3,8.999887591956824,9.7062258070704,0.6695286283175719,-0.435760739915132,0.7988466727653014
1,1,map_001_robot_1__control_points_20260806_125853,12.4,9.065114932757377,9.659991019974822,0.6341708629466325,-0.48603331479275624,0.7990000416138356
1,1,map_001_robot_1__control_points_20260806_125853,12.5,9.12672176454615,9.60901914411185,0.5976610564405789,-0.5305060287858225,0.7991466604846527
1,1,map_001_robot_1__control_points_20260806_125853,12.600000000000001,9.184647144045494,9.553889814217657,0.5609834029563956,-0.5693292750841721,0.7992735463284185
1,1,map_001_robot_1__control_points_20260806_125853,12.700000000000001,9.23891844513743,9.495153289095015,0.5249082829965204,-0.6028865972724802,0.7993753528406695
1,1,map_001_robot_1__control_points_20260806_125853,12.8,9.289628800644797,9.433312494763161,0.48998687318830036,-0.6316950014796348,0.7994533825003202
1,1,map_001_robot_1__control_points_20260806_125853,12.9,9.33691581977509,9.368814288799088,0.45657402302687444,-0.6563245760866323,0.799513469353858
1,1,map_001_robot_1__control_points_20260806_125853,13.0,9.380943605250172,9.302047579545835,0.4248648006460982,-0.6773419111460726,0.799563733183955
1,1,map_001_robot_1__control_points_20260806_125853,13.100000000000001,9.42188877990431,9.233345906569872,0.3949338779041014,-0.6952753695332419,0.7996127859132555
1,1,map_001_robot_1__control_points_20260806_125853,13.200000000000001,9.459930380830993,9.162992505639187,0.36677133572314347,-0.7105973732535844,0.7996685810903369
1,1,map_001_robot_1__control_points_20260806_125853,13.3,9.495243047048938,9.091226431919155,0.3403120401382793,-0.7237184189985726,0.7997378537126221
1,1,map_001_robot_1__control_points_20260806_125853,13.4,9.527992788858649,9.018248821839473,0.3154580554874187,-0.7349883254794563,0.799825995678434
1,1,map_001_robot_1__control_points_20260806_125853,13.5,9.558334658146421,8.944228766823265,0.2901175702833356,-0.7453910471128182,0.7998599988141987
1,1,map_001_robot_1__control_points_20260806_125853,13.600000000000001,9.586016302915317,8.869170612416907,0.2654094028176388,-0.7545603362583293,0.7998771481660785
1,1,map_001_robot_1__control_points_20260806_125853,13.700000000000001,9.61141653870995,8.7933166995716,0.24386755786900238,-0.7617617580167959,0.7998452111238966
1,1,map_001_robot_1__control_points_20260806_125853,13.8,9.634789814489118,8.716818260813548,0.22415197692780708,-0.7677849702466233,0.7998361515318324
1,1,map_001_robot_1__control_points_20260806_125853,13.9,9.656246934095511,8.639759705522275,0.2054882797771853,-0.7730280732650385,0.7998736370087743
1,1,map_001_robot_1__control_points_20260806_125853,14.0,9.675887470444554,8.56221264616054,0.18610549272064247,-0.7779571514280903,0.7999078596181572
1,1,map_001_robot_1__control_points_20260806_125853,14.100000000000001,9.69346803263964,8.484168275236657,0.16596022993151394,-0.7825099242355904,0.7999153576761171
1,1,map_001_robot_1__control_points_20260806_125853,14.200000000000001,9.709079516430856,8.405710661313421,0.14824039044021475,-0.7860426467159485,0.799898903495986
1,1,map_001_robot_1__control_points_20260806_125853,14.3,9.723116110727682,8.326959745893467,0.13281212216601546,-0.7887933284222157,0.7998962274930655
1,1,map_001_robot_1__control_points_20260806_125853,14.4,9.73564194086406,8.247951995628979,0.11703263189439639,-0.7913218082804221,0.7999292726162273
1,1,map_001_robot_1__control_points_20260806_125853,14.5,9.746522637106562,8.168695384237383,0.09920201300413112,-0.7937547341787266,0.7999297578007788
1,1,map_001_robot_1__control_points_20260806_125853,14.600000000000001,9.755482343464886,8.089201048793234,0.08282274126507616,-0.7956269803480396,0.7999261830496621
1,1,map_001_robot_1__control_points_20260806_125853,14.700000000000001,9.763087185359577,8.009569988167774,0.06947007037490494,-0.7968963530100623,0.7999186759406434
1,1,map_001_robot_1__control_points_20260806_125853,14.8,9.769376357539867,7.929821778191221,0.05481474788343377,-0.7980578353066008,0.7999381007801679
1,1,map_001_robot_1__control_points_20260806_125853,14.9,9.774050134936264,7.849958421106455,0.0384309156208289,-0.799015662535318,0.7999393503586434
1,1,map_001_robot_1__control_points_20260806_125853,15.0,9.777062540664033,7.770018645684158,0.02400183749786322,-0.7995688446667941,0.7999290128286796
1,1,map_001_robot_1__control_points_20260806_125853,15.100000000000001,9.778850502435837,7.690044652173095,0.011867417260965851,-0.7998523922204157,0.7999404258650562
1,1,map_001_robot_1__control_points_20260806_125853,15.200000000000001,9.779436024116226,7.610048167240074,-0.003322458543074447,-0.799933592513355,0.7999404922630763
1,1,map_001_robot_1__control_points_20260806_125853,15.3,9.778186010727222,7.530057933670425,-0.018960147261857685,-0.7997227945460565,0.7999475203416443
1,1,map_001_robot_1__control_points_20260806_125853,15.4,9.775643994663854,7.450103608330863,-0.03122694873241727,-0.7993199519087923,0.7999296893143867
1,1,map_001_robot_1__control_points_20260806_125853,15.5,9.771940620980738,7.370193943288667,-0.04419529160369251,-0.7987232474976551,0.7999450292945984
1,1,map_001_robot_1__control_points_20260806_125853,15.600000000000001,9.766804936343116,7.290358958831331,-0.05967290760321475,-0.7977130687860594,0.7999418703967771
1,1,map_001_robot_1__control_points_20260806_125853,15.700000000000001,9.760006039460094,7.210651329531454,-0.07375510133243068,-0.7965272137535067,0.7999346330935306
1,1,map_001_robot_1__control_points_20260806_125853,15.8,9.75205391607663,7.13105351608063,-0.08528802952762504,-0.7953852069522327,0.7999447952322404
1,1,map_001_robot_1__control_points_20260806_125853,15.9,9.742948433554568,7.051574288141008,-0.10052013443321783,-0.7935978566889759,0.799938657378057
1,1,map_001_robot_1__control_points_20260806_125853,16.0,9.731949889189986,6.972333944742836,-0.11623605894510547,-0.7914556339729089,0.7999455243618462
1,1,map_001_robot_1__control_points_20260806_125853,16.1,9.719701221765549,6.893283161346426,-0.12841353365071484,-0.7895508586350175,0.7999253677662415
1,1,map_001_robot_1__control_points_20260806_125853,16.2,9.706267182459843,6.814423773015833,-0.1421784275853497,-0.7872012115123397,0.7999377805036701
1,1,map_001_robot_1__control_points_20260806_125853,16.3,9.69126553624848,6.735842919043958,-0.15839952910224753,-0.7840943610817632,0.7999339834636557
1,1,map_001_robot_1__control_points_20260806_125853,16.400000000000002,9.674587276639393,6.657604900799478,-0.17302347200269708,-0.7809825158437249,0.7999192533734027
1,1,map_001_robot_1__control_points_20260806_125853,16.5,9.656660841847941,6.579646415875215,-0.18561134908123478,-0.7781024277917368,0.7999343479581001
1,1,map_001_robot_1__control_points_20260806_125853,16.6,9.637465006823145,6.5019844152411315,-0.2023062338905106,-0.7739193347147335,0.7999243394948411
1,1,map_001_robot_1__control_points_20260806_125853,16.7,9.616199595069839,6.424862548932269,-0.21966899019274422,-0.7691768910626564,0.7999297187860404
1,1,map_001_robot_1__control_points_20260806_125853,16.8,9.593531208784597,6.348149037028601,-0.23355705669457194,-0.7650401235540087,0.7998970492378156
1,1,map_001_robot_1__control_points_20260806_125853,16.900000000000002,9.569488183730924,6.271854524221464,-0.24860595498928717,-0.7603073497188007,0.7999201128191252
1,1,map_001_robot_1__control_points_20260806_125853,17.0,9.54381001778674,6.196087567084841,-0.26711822168145005,-0.7539902266063123,0.7999083736104395
1,1,map_001_robot_1__control_points_20260806_125853,17.1,9.516064539394634,6.1210564789002015,-0.2850164384973368,-0.7473917650597848,0.799893005778202
1,1,map_001_robot_1__control_points_20260806_125853,17.2,9.486806730087272,6.046609214072884,-0.3003727877011144,-0.7413300615138532,0.7998712844548629
1,1,map_001_robot_1__control_points_20260806_125853,17.3,9.455989981854412,5.972790466597432,-0.3178066526659009,-0.7340523764713822,0.7998962181945783
1,1,map_001_robot_1__control_points_20260806_125853,17.400000000000002,9.42324539955409,5.899798738778605,-0.337665255514068,-0.7251326836546355,0.7998970144247035
1,1,map_001_robot_1__control_points_20260806_125853,17.5,9.388456930751598,5.827763929866505,-0.3551078632208373,-0.7167492176040611,0.7998943901899191
1,1,map_001_robot_1__control_points_20260806_125853,17.6,9.352223826909924,5.756448895257793,-0.3691443512088739,-0.7096261160741371,0.7998979788972372
1,1,map_001_robot_1__control_points_20260806_125853,17.7,9.314628060509824,5.685838706651678,-0.382657262155071,-0.7024794891348698,0.7999400058349391
1,1,map_001_robot_1__control_points_20260806_125853,17.8,9.27569237447891,5.615952997430819,-0.3964618651552101,-0.6947980062995782,0.7999539237232459
1,1,map_001_robot_1__control_points_20260806_125853,17.900000000000002,9.23533568747878,5.546879105391761,-0.4079773010328651,-0.688112928849776,0.7999655498884174
1,1,map_001_robot_1__control_points_20260806_125853,18.0,9.194096914272338,5.478330411660864,-0.4162486788862907,-0.6831399827528131,0.7999644984060831
1,1,map_001_robot_1__control_points_20260806_125853,18.1,9.152085951701523,5.410251108841198,-0.42337125336324277,-0.678766531432224,0.7999795137170047
1,1,map_001_robot_1__control_points_20260806_125853,18.2,9.10942266359969,5.34257710537442,-0.4294233953571336,-0.6749673792759445,0.7999908846772479
1,1,map_001_robot_1__control_points_20260806_125853,18.3,9.066201272630098,5.27525763298601,-0.43387766759231283,-0.6721200719964919,0.7999970135043725
1,1,map_001_robot_1__control_points_20260806_125853,18.400000000000002,9.022647130081225,5.208153090975119,-0.43599238763319903,-0.6707528564346212,0.7999992228054358
1,1,map_001_robot_1__control_points_20260806_125853,18.5,8.979002795103458,5.141107061699087,-0.4360554832838659,-0.6707118884433214,0.7999992636253688
1,1,map_001_robot_1__control_points_20260806_125853,18.6,8.935436033424452,5.074010713286455,-0.43433022449510617,-0.6718256804527023,0.7999953055022921
1,1,map_001_robot_1__control_points_20260806_125853,18.7,8.892136750204436,5.006741925608546,-0.4305716763325975,-0.6742332543777145,0.7999890310301929
1,1,map_001_robot_1__control_points_20260806_125853,18.8,8.849321698157933,4.939164062410913,-0.42422311384593314,-0.6782389591812752,0.7999833348716953
1,1,map_001_robot_1__control_points_20260806_125853,18.900000000000002,8.807292127435248,4.871094133772289,-0.4142974388889513,-0.6843275943182938,0.7999666394390504
1,1,map_001_robot_1__control_points_20260806_125853,19.0,8.766462210380142,4.802298543547254,-0.40114278737199527,-0.6920883429967333,0.7999386291288462
1,1,map_001_robot_1__control_points_20260806_125853,19.1,8.72706356996085,4.7326764651729425,-0.3849206536516405,-0.7011751667393682,0.7998815687710193
1,1,map_001_robot_1__control_points_20260806_125853,19.200000000000003,8.689478079649813,4.662063510199378,-0.3645612050129827,-0.7118849252657604,0.7998031126603318
1,1,map_001_robot_1__control_points_20260806_125853,19.3,8.654151328958253,4.590299480119791,-0.33939443507042455,-0.7241094237572128,0.7997018445213038
1,1,map_001_robot_1__control_points_20260806_125853,19.400000000000002,8.621599192635728,4.5172416254479355,-0.30870758581751545,-0.7375776935440825,0.7995756546788347
1,1,map_001_robot_1__control_points_20260806_125853,19.5,8.59240981179475,4.442783941410975,-0.27181242333731603,-0.7517943883224625,0.7994227891382943
1,1,map_001_robot_1__control_points_20260806_125853,19.6,8.567236707968265,4.3668827477834435,-0.22816090701828529,-0.7659859078073232,0.7992445248175403
1,1,map_001_robot_1__control_points_20260806_125853,19.700000000000003,8.546777630391093,4.2895867598495085,-0.1775132872235332,-0.7790815384059648,0.7990488161720218
1,1,map_001_robot_1__control_points_20260806_125853,19.8,8.531734050523557,4.211066440102251,-0.1201403668949439,-0.7897671867697902,0.798852875726138
1,1,map_001_robot_1__control_points_20260806_125853,19.900000000000002,8.522749557012103,4.131633322495551,-0.05732787644062398,-0.7966462354852695,0.7987062726247008
1,1,map_001_robot_1__control_points_20260806_125853,20.0,8.520268475235433,4.051737193005198,0.007301608717853014,-0.798699898110204,0.7987332725829811
1,1,map_001_robot_1__control_points_20260806_125853,20.1,8.524209878755673,3.971893342873511,0.0689727787011094,-0.795920948701351,0.798903874557766
1,1,map_001_robot_1__control_points_20260806_125853,20.200000000000003,8.534063030975656,3.892553003264925,0.12499897554614137,-0.7892510799180812,0.7990882373301725
1,1,map_001_robot_1__control_points_20260806_125853,20.3,8.549209673864903,3.8140431268898953,0.1748603582527366,-0.7798893226290211,0.7992518379328438
1,1,map_001_robot_1__control_points_20260806_125853,20.400000000000002,8.569035102626204,3.7365751387391213,0.2187609628852556,-0.7688796124034738,0.7993949069466232
1,1,map_001_robot_1__control_points_20260806_125853,20.5,8.592961866441954,3.6602672044092017,0.2571638738055029,-0.7570353542201644,0.7995222232870719
1,1,map_001_robot_1__control_points_20260806_125853,20.6,8.620467877387304,3.5851680678950886,0.29065591015867653,-0.7449445511265971,0.7996394452272698
1,1,map_001_robot_1__control_points_20260806_125853,20.700000000000003,8.65109304847369,3.5112782941838803,0.31985371945247465,-0.7330040609050172,0.7997508081589093
1,1,map_001_robot_1__control_points_20260806_125853,20.8,8.684438621277799,3.438567255714086,0.3455151973382584,-0.7213751043789607,0.7998517317662394
1,1,map_001_robot_1__control_points_20260806_125853,20.900000000000002,8.720196087941343,3.3670032733080886,0.36973739327851973,-0.7092960482288362,0.7998791308825592
1,1,map_001_robot_1__control_points_20260806_125853,21.0,8.758386099933503,3.296708046068319,0.39080941694517435,-0.6979330830397004,0.799901611933823
1,1,map_001_robot_1__control_points_20260806_125853,21.1,8.798357971330377,3.2274166567001488,0.40756107656488183,-0.6882623679230377,0.7998819401822699
1,1,map_001_robot_1__control_points_20260806_125853,21.200000000000003,8.83989831524648,3.1590555724837097,0.42234085013794953,-0.6793066052133181,0.7998932788701807
1,1,map_001_robot_1__control_points_20260806_125853,21.3,8.882826141357967,3.091555335657486,0.43544416727160495,-0.6710203617163479,0.7999249643865354
1,1,map_001_robot_1__control_points_20260806_125853,21.400000000000002,8.9269871487008,3.0248515001404406,0.44767702184231695,-0.6629567321597207,0.7999539640513709
1,1,map_001_robot_1__control_points_20260806_125853,21.5,8.972361545726429,2.958963989225542,0.45944847541002076,-0.6548655476595684,0.7999636160901687
1,1,map_001_robot_1__control_points_20260806_125853,21.6,9.018876843782802,2.8938783906085273,0.4692358728035302,-0.6478905401624964,0.7999652844703589
1,1,map_001_robot_1__control_points_20260806_125853,21.700000000000003,9.066208720287136,2.829385881193041,0.4769831585325619,-0.642206969621844,0.7999642025456959
1,1,map_001_robot_1__control_points_20260806_125853,21.8,9.114273475489314,2.765436996684159,0.4839396103922269,-0.6369966947887669,0.7999764594526477
1,1,map_001_robot_1__control_points_20260806_125853,21.900000000000002,9.16299664236558,2.701986542235288,0.49076479246935634,-0.6317636273907183,0.7999846013651568
1,1,map_001_robot_1__control_points_20260806_125853,22.0,9.212426433983184,2.6390842712060154,0.49701110100497914,-0.6268674937126608,0.7999893056758787
1,1,map_001_robot_1__control_points_20260806_125853,22.1,9.262398862566576,2.576613043492756,0.5017599345483035,-0.623072345455185,0.7999888621655573
1,1,map_001_robot_1__control_points_20260806_125853,22.200000000000003,9.312778420892846,2.5144698021149767,0.5055742279773625,-0.6199844171093165,0.7999912358602967
1,1,map_001_robot_1__control_points_20260806_125853,22.3,9.363513708162047,2.4526161600708933,0.5088823244931007,-0.6172778767165443,0.7999957482794434
1,1,map_001_robot_1__control_points_20260806_125853,22.400000000000002,9.414554885791466,2.391014226771668,0.5119311615700965,-0.6147540647563279,0.7999975464468223
1,1,map_001_robot_1__control_points_20260806_125853,22.5,9.465899940476067,2.329665347119628,0.5141614694460088,-0.6128919114408831,0.7999990698572957
1,1,map_001_robot_1__control_points_20260806_125853,22.6,9.517387179680668,2.268435844483492,0.5153175083711616,-0.6119205703010255,0.7999993242443362
1,1,map_001_robot_1__control_points_20260806_125853,22.700000000000003,9.5689634421503,2.207281233059421,0.5159153675032044,-0.6114173185601075,0.7999998774132396
1,1,map_001_robot_1__control_points_20260806_125853,22.8,9.620570253181308,2.1461523807714706,0.5158919922395384,-0.6114370655468999,0.7999998954884207
1,1,map_001_robot_1__control_points_20260806_125853,22.900000000000002,9.672141840598208,2.0849938199500415,0.5149444664722793,-0.6122345055894023,0.7999993083651512
1,1,map_001_robot_1__control_points_20260806_125853,23.0,9.723559146475765,2.0237054796535907,0.5129221191250792,-0.6139277826647955,0.7999977641315471
1,1,map_001_robot_1__control_points_20260806_125853,23.1,9.774726264423224,1.9622082634170828,0.5099437384629653,-0.6163991868550447,0.7999941086990238
1,1,map_001_robot_1__control_points_20260806_125853,23.200000000000003,9.82554789416836,1.9004256422825803,0.5058647318896803,-0.6197424738040276,0.7999874129050744
1,1,map_001_robot_1__control_points_20260806_125853,23.3,9.875899210801158,1.8382597686562778,0.5003859001981041,-0.6241617193955324,0.7999774378542525
1,1,map_001_robot_1__control_points_20260806_125853,23.400000000000002,9.925625074207979,1.7755932984034744,0.49315031399699194,-0.6298760016552052,0.7999631301856853
1,1,map_001_robot_1__control_points_20260806_125853,23.5,9.974529273600556,1.712284568325237,0.48367069264472207,-0.6371572569857822,0.7999416910332098
1,1,map_001_robot_1__control_points_20260806_125853,23.6,10.022359212736923,1.6481618470063184,0.47127272408859966,-0.6463387486221626,0.7999073436594719
1,1,map_001_robot_1__control_points_20260806_125853,23.700000000000003,10.068783818418277,1.5830168186008027,0.4578508240235948,-0.6559763231186047,0.799957694850977
1,1,map_001_robot_1__control_points_20260806_125853,23.757724651813213,10.094999999999999,1.545,0.45415919816293243,-0.6585889634089195,0.8000000000000205
1,1,map_001_robot_1__control_points_20260806_125925,0.0,0.9599999999999999,11.115,0.6517641887957148,0.46390025027312376,0.8000000000000019
1,1,map_001_robot_1__control_points_20260806_125925,0.1,1.0251764188795713,11.161390025027313,0.6538055553655271,0.4609613332995508,0.799966908705682
1,1,map_001_robot_1__control_points_20260806_125925,0.2,1.0907611110731052,11.20719226665991,0.6590466634887813,0.45341580872223375,0.7999552489076699
1,1,map_001_robot_1__control_points_20260806_125925,0.30000000000000004,1.1569857515773279,11.252073186771762,0.6668110070518338,0.4418926348934207,0.79994126028011
1,1,map_001_robot_1__control_points_20260806_125925,0.4,1.224123312483472,11.295570793638595,0.6742298068414687,0.4304760665596774,0.7999346700288568
1,1,map_001_robot_1__control_points_20260806_125925,0.5,1.2918317129456216,11.338168400083697,0.6806223417290651,0.4203067274352179,0.7999403210165487
1,1,map_001_robot_1__control_points_20260806_125925,0.6000000000000001,1.360247780829285,11.379632139125636,0.6895028740867986,0.40553755767550115,0.7999218237173967
1,1,map_001_robot_1__control_points_20260806_125925,0.7000000000000001,1.4297322877629814,11.419275911618799,0.6985133697054726,0.3897921998454663,0.7999117993364407
1,1,map_001_robot_1__control_points_20260806_125925,0.8,1.4999504547703795,11.45759057909473,0.7061906743380977,0.3756157276981611,0.7998702666159784
1,1,map_001_robot_1__control_points_20260806_125925,0.9,1.570970422630601,11.49439905715843,0.7145379132302665,0.3595419946027647,0.7998967904213632
1,1,map_001_robot_1__control_points_20260806_125925,1.0,1.6428580374164328,11.529498978015281,0.7245232209584174,0.3389402216920132,0.7998839738290741
1,1,map_001_robot_1__control_points_20260806_125925,1.1,1.7158750668222844,11.562187101496832,0.7348530612548831,0.3158904452081899,0.7998723616987284
1,1,map_001_robot_1__control_points_20260806_125925,1.2000000000000002,1.7898286496674094,11.59267706705692,0.7442489452592778,0.29284690052733,0.7997910975173526
1,1,map_001_robot_1__control_points_20260806_125925,1.3,1.8647248558741394,11.620756481602296,0.7537425856300359,0.2672618720806099,0.7997229480640682
1,1,map_001_robot_1__control_points_20260806_125925,1.4000000000000001,1.940577166793417,11.646129441473045,0.7632423014126601,0.23859454990927986,0.799666286592167
1,1,map_001_robot_1__control_points_20260806_125925,1.5,2.0173733161566707,11.668475391584149,0.7724545268675058,0.20662170563103643,0.799611483982053
1,1,map_001_robot_1__control_points_20260806_125925,1.6,2.0950680721669186,11.687453782599256,0.7810135897504438,0.1711812450684107,0.7995531539791747
1,1,map_001_robot_1__control_points_20260806_125925,1.7000000000000002,2.1735760341067594,11.702711640597832,0.7884861078761212,0.1322030690702931,0.7994923350384536
1,1,map_001_robot_1__control_points_20260806_125925,1.8,2.2527652937421423,11.713894396413313,0.794385120992736,0.08974163122780965,0.7994381031887784
1,1,map_001_robot_1__control_points_20260806_125925,1.9000000000000001,2.332453058305307,11.720659966843394,0.7981958088344143,0.044005770541147626,0.7994079415928673
1,1,map_001_robot_1__control_points_20260806_125925,2.0,2.4124044555090247,11.722695550521541,0.799376260499626,-0.005124157887038905,0.7993926837571239
1,1,map_001_robot_1__control_points_20260806_125925,2.1,2.4923283104052327,11.719635135265989,0.7970155379330812,-0.05996226461766696,0.7992679406086785
1,1,map_001_robot_1__control_points_20260806_125925,2.2,2.571807563095641,11.710703097598007,0.7907970236954469,-0.11615822071234305,0.7992825939082088
1,1,map_001_robot_1__control_points_20260806_125925,2.3000000000000003,2.6504877151443225,11.69640349112352,0.780983609082325,-0.16974517277017043,0.7992176307702608
1,1,map_001_robot_1__control_points_20260806_125925,2.4000000000000004,2.7280042849121062,11.676754063043973,0.7676242755114515,-0.22267473537076654,0.7992690824290164
1,1,map_001_robot_1__control_points_20260806_125925,2.5,2.8040125702466128,11.65186854404937,0.7492501560534048,-0.2780677912135161,0.7991855184226094
1,1,map_001_robot_1__control_points_20260806_125925,2.6,2.8778543161227863,11.621140504801268,0.7277330982613357,-0.3307191732196131,0.799356387251711
1,1,map_001_robot_1__control_points_20260806_125925,2.7,2.94955918989888,11.585724709405445,0.7056039710014463,-0.37568744709968627,0.7993860280248145
1,1,map_001_robot_1__control_points_20260806_125925,2.8000000000000003,3.0189751103230758,11.54600301538133,0.6818230810414416,-0.41743028755797695,0.7994565396640267
1,1,map_001_robot_1__control_points_20260806_125925,2.9000000000000004,3.0859238061071683,11.502238651893851,0.6558155696347789,-0.45728146751916654,0.7995000950042921
1,1,map_001_robot_1__control_points_20260806_125925,3.0,3.150138224250032,11.454546721877499,0.6302579166035827,-0.4921226159523968,0.7996309840003193
1,1,map_001_robot_1__control_points_20260806_125925,3.1,3.2119753894278844,11.40381412870337,0.6068543340516079,-0.5207630105395538,0.7996663653696083
1,1,map_001_robot_1__control_points_20260806_125925,3.2,3.2715090910603535,11.350394119769588,0.5843371491701035,-0.5460043027890791,0.7997315815724875
1,1,map_001_robot_1__control_points_20260806_125925,3.3000000000000003,3.3288428192619053,11.294613268145554,0.5625377716196063,-0.5685174849113253,0.7997880188829107
1,1,map_001_robot_1__control_points_20260806_125925,3.4000000000000004,3.3840166453842753,11.236690622787323,0.5414821036408313,-0.5886674230086371,0.7998326096596272
1,1,map_001_robot_1__control_points_20260806_125925,3.5,3.4371392399900715,11.176879783543828,0.5224982792207342,-0.6056329866313206,0.799872343742801
1,1,map_001_robot_1__control_points_20260806_125925,3.6,3.4885163012284215,11.115564025461056,0.5057721472986358,-0.6196869952429935,0.7998858900220475
1,1,map_001_robot_1__control_points_20260806_125925,3.7,3.538293669449799,11.05294238449523,0.49049618196648836,-0.6318697410479501,0.7999036655596136
1,1,map_001_robot_1__control_points_20260806_125925,3.8000000000000003,3.5866155376217193,10.989190077251466,0.4766435109128402,-0.642406498323929,0.799921962183894
1,1,map_001_robot_1__control_points_20260806_125925,3.9000000000000004,3.633622371632367,10.924461084830444,0.4641700435651792,-0.6514968708347553,0.7999387489369284
1,1,map_001_robot_1__control_points_20260806_125925,4.0,3.6794495463347556,10.858890703084517,0.45302083433009344,-0.6593156337276511,0.799953111885208
1,1,map_001_robot_1__control_points_20260806_125925,4.1000000000000005,3.724226538498386,10.792597958084913,0.44313497200491625,-0.6660143605396556,0.7999648316387691
1,1,map_001_robot_1__control_points_20260806_125925,4.2,3.7680765407357386,10.725687830976586,0.43444923112878087,-0.6717234509451657,0.7999740801913968
1,1,map_001_robot_1__control_points_20260806_125925,4.3,3.811116384724142,10.65825326789588,0.42690072044957716,-0.6765542978910801,0.799981214226472
1,1,map_001_robot_1__control_points_20260806_125925,4.4,3.8534566848256544,10.59037697139837,0.42042874215943016,-0.6806014258274828,0.7999866424335867
1,1,map_001_robot_1__control_points_20260806_125925,4.5,3.895202133156028,10.522132982730383,0.4149760449642521,-0.6839444989440651,0.7999907471527538
1,1,map_001_robot_1__control_points_20260806_125925,4.6000000000000005,3.936451893818505,10.453588071609557,0.41048962156542146,-0.6866501448710451,0.7999938442665357
1,1,map_001_robot_1__control_points_20260806_125925,4.7,3.9773000574691117,10.384802953756175,0.4069211706413256,-0.6887735702357389,0.7999961688479472
1,1,map_001_robot_1__control_points_20260806_125925,4.800000000000001,4.0178361279467705,10.31583335756241,0.404227316717261,-0.6903599640747871,0.799997877233295
1,1,map_001_robot_1__control_points_20260806_125925,4.9,4.058145520812563,10.246730960941218,0.40236965894090204,-0.6914456967930249,0.7999990587805773
1,1,map_001_robot_1__control_points_20260806_125925,5.0,4.098310059734951,10.177544218203806,0.40131470158511107,-0.6920593287025696,0.7999997525953355
1,1,map_001_robot_1__control_points_20260806_125925,5.1000000000000005,4.138408461129586,10.108319095200704,0.4010337045944432,-0.6922224450364922,0.7999999660206509
1,1,map_001_robot_1__control_points_20260806_125925,5.2,4.178516800653839,10.039099729196508,0.4015024810747576,-0.6919503350315424,0.7999996927870971
1,1,map_001_robot_1__control_points_20260806_125925,5.300000000000001,4.218708957344538,9.969929028194397,0.40270115968951004,-0.6912525321266259,0.7999989294910014
1,1,map_001_robot_1__control_points_20260806_125925,5.4,4.259057032591741,9.900849222771184,0.4046139229230761,-0.6901332311489128,0.7999976895961886
1,1,map_001_robot_1__control_points_20260806_125925,5.5,4.299631741929153,9.831902381964614,0.407228726628869,-0.68859159697611,0.7999960145012471
1,1,map_001_robot_1__control_points_20260806_125925,5.6000000000000005,4.340502777917515,9.763130903375961,0.41053700180881947,-0.6866219778585574,0.7999939814352179
1,1,map_001_robot_1__control_points_20260806_125925,5.7,4.381739142290918,9.694577986392902,0.41453333586470364,-0.6842140355599042,0.7999917080822082
1,1,map_001_robot_1__control_points_20260806_125925,5.800000000000001,4.4234094450904555,9.62628809626398,0.4192151273836551,-0.6813528038823691,0.7999893539202008
1,1,map_001_robot_1__control_points_20260806_125925,5.9,4.46558216776765,9.558307425616428,0.4245822057055193,-0.6780186871142249,0.7999871183199521
1,1,map_001_robot_1__control_points_20260806_125925,6.0,4.508325886231559,9.490684358841136,0.430636403968073,-0.6741874105931771,0.7999852355043101
1,1,map_001_robot_1__control_points_20260806_125925,6.1000000000000005,4.551709448561264,9.423469943497793,0.4373810720097886,-0.6698299370450798,0.7999839665357346
1,1,map_001_robot_1__control_points_20260806_125925,6.2,4.5958021006335175,9.356718371432121,0.44482051347450025,-0.6649123647598429,0.799983588593069
1,1,map_001_robot_1__control_points_20260806_125925,6.300000000000001,4.640673551256165,9.290487470545823,0.45312787064339943,-0.6592764399293642,0.799981431909365
1,1,map_001_robot_1__control_points_20260806_125925,6.4,4.686427674762197,9.224863083446248,0.4622431307023547,-0.6529132461850153,0.7999777615192616
1,1,map_001_robot_1__control_points_20260806_125925,6.5,4.733122177396635,9.159904821308821,0.471914936641074,-0.6459485231951234,0.7999707507421192
1,1,map_001_robot_1__control_points_20260806_125925,6.6000000000000005,4.7808106620904125,9.095673378807223,0.48205056177792827,-0.6384107229599891,0.799963121212917
1,1,map_001_robot_1__control_points_20260806_125925,6.7,4.829532289752221,9.032222676716824,0.4920666277308605,-0.6307220857387037,0.7999624463467032
1,1,map_001_robot_1__control_points_20260806_125925,6.800000000000001,4.879223987636585,8.969528961659483,0.5012967876353933,-0.6234157426458538,0.7999660351991489
1,1,map_001_robot_1__control_points_20260806_125925,6.9,4.929791647279299,8.907539528187652,0.5095723667794623,-0.6166762148708287,0.7999709688311416
1,1,map_001_robot_1__control_points_20260806_125925,7.0,4.981138460992477,8.846193718685317,0.5168847196667379,-0.6105671028456783,0.7999762499614143
1,1,map_001_robot_1__control_points_20260806_125925,7.1000000000000005,5.033168591212647,8.785426107618516,0.5232433249535511,-0.6051337188828612,0.7999814965594199
1,1,map_001_robot_1__control_points_20260806_125925,7.2,5.085787125983187,8.725166974908745,0.5286566059340707,-0.600416902320589,0.7999864146283879
1,1,map_001_robot_1__control_points_20260806_125925,7.300000000000001,5.138899912399461,8.665342727154398,0.5331307759367263,-0.5964535393228942,0.7999907804604396
1,1,map_001_robot_1__control_points_20260806_125925,7.4,5.192413281170532,8.605876267044167,0.53666880989147,-0.5932770591300169,0.7999944252307565
1,1,map_001_robot_1__control_points_20260806_125925,7.5,5.246233674377755,8.546687315328395,0.5392695302859529,-0.5909178690153354,0.7999972213804604
1,1,map_001_robot_1__control_points_20260806_125925,7.6000000000000005,5.300267187227723,8.4876926932411,0.5409267950130072,-0.5894036945506897,0.7999990704451142
1,1,map_001_robot_1__control_points_20260806_125925,7.7,5.354419033380357,8.428806576418257,0.5416287764949566,-0.5887597948566992,0.7999998922294466
1,1,map_001_robot_1__control_points_20260806_125925,7.800000000000001,5.408592942526714,8.36994073426976,0.5413573256972875,-0.5890090243092914,0.7999996155023466
1,1,map_001_robot_1__control_points_20260806_125925,7.9,5.462690498519815,8.3110047715564,0.5400874210729825,-0.5901717128887256,0.7999981706824569
1,1,map_001_robot_1__control_points_20260806_125925,8.0,5.51661042674131,8.251906391692016,0.5377867110743431,-0.5922653373907423,0.7999954852889662
1,1,map_001_robot_1__control_points_20260806_125925,8.1,5.570247840734683,8.192551704078252,0.5344151696736184,-0.5953039556792632,0.7999914832200781
1,1,map_001_robot_1__control_points_20260806_125925,8.200000000000001,5.623493460676034,8.132845600556163,0.5299248973955706,-0.5992973768966365,0.7999860891508647
1,1,map_001_robot_1__control_points_20260806_125925,8.3,5.676232820213798,8.072692228698923,0.5242601156420044,-0.6042500431898858,0.7999792394480914
1,1,map_001_robot_1__control_points_20260806_125925,8.4,5.728345483804435,8.011995591918186,0.5173574192902599,-0.6101596045104358,0.7999709008901569
1,1,map_001_robot_1__control_points_20260806_125925,8.5,5.779704304071849,7.950660307796837,0.5091463709322426,-0.6170151791764553,0.7999610980339144
1,1,map_001_robot_1__control_points_20260806_125925,8.6,5.830174757990883,7.888592556082895,0.4995505382303591,-0.6247953111937008,0.7999499491442417
1,1,map_001_robot_1__control_points_20260806_125925,8.700000000000001,5.879614411717921,7.825701245558097,0.4884890912218154,-0.6334656629436779,0.7999377090570168
1,1,map_001_robot_1__control_points_20260806_125925,8.8,5.927872576235247,7.761899423494159,0.4758790852002761,-0.6429765206117466,0.7999248150851674
1,1,map_001_robot_1__control_points_20260806_125925,8.9,5.974790228757977,7.697105941435748,0.4616385517184938,-0.6532602405779855,0.7999119291226728
1,1,map_001_robot_1__control_points_20260806_125925,9.0,6.0202002865789455,7.631247375378563,0.445690498504554,-0.6642288270373413,0.7998999656986118
1,1,map_001_robot_1__control_points_20260806_125925,9.1,6.0639283284588865,7.56426017602828,0.42796787098154354,-0.6757719004401395,0.7998900924608036
1,1,map_001_robot_1__control_points_20260806_125925,9.200000000000001,6.105793860775255,7.496092995290534,0.40841944635604577,-0.6877553847605142,0.7998836874376561
1,1,map_001_robot_1__control_points_20260806_125925,9.3,6.145612217730096,7.426709099076176,0.386657765830531,-0.7002045440278408,0.7998691338927226
1,1,map_001_robot_1__control_points_20260806_125925,9.4,6.183125413941361,7.356052086484967,0.36270852004890486,-0.7128829854602969,0.7998497493122397
1,1,map_001_robot_1__control_points_20260806_125925,9.5,6.2181539217398765,7.284132501984117,0.33724221715020164,-0.7252475380761041,0.7998226706675885
1,1,map_001_robot_1__control_points_20260806_125925,9.600000000000001,6.250573857371402,7.211002578869746,0.31034745440112843,-0.7371186883165635,0.799787161136506
1,1,map_001_robot_1__control_points_20260806_125925,9.700000000000001,6.280223412620103,7.136708764320803,0.2819211367513077,-0.7484169948552051,0.7997546658414977
1,1,map_001_robot_1__control_points_20260806_125925,9.8,6.306958084721663,7.061319179898705,0.2521609813289025,-0.7589321520552872,0.7997269358524975
1,1,map_001_robot_1__control_points_20260806_125925,9.9,6.330655608885883,6.984922333909746,0.2213118165132819,-0.7684723345658995,0.7997053514398739
1,1,map_001_robot_1__control_points_20260806_125925,10.0,6.3512204480243195,6.907624712985525,0.189659224803421,-0.7768750587911697,0.7996908643499798
1,1,map_001_robot_1__control_points_20260806_125925,10.100000000000001,6.368587453846567,6.8295473221515115,0.157519526293445,-0.7840167389278108,0.7996840926782964
1,1,map_001_robot_1__control_points_20260806_125925,10.200000000000001,6.382724353283009,6.750821365199962,0.12522676596194415,-0.7898197826797997,0.7996855832298426
1,1,map_001_robot_1__control_points_20260806_125925,10.3,6.393632807038956,6.671583365615552,0.09311798946510308,-0.7942563101636608,0.7996962211970345
1,1,map_001_robot_1__control_points_20260806_125925,10.4,6.401347951176029,6.591970103167231,0.061629960553187146,-0.7973450854492441,0.7997233504955634
1,1,map_001_robot_1__control_points_20260806_125925,10.5,6.405958799149594,6.512114348525703,0.03165945582262708,-0.7991536451925327,0.7997805134957324
1,1,map_001_robot_1__control_points_20260806_125925,10.600000000000001,6.407679842340555,6.432139374128724,0.004678351629088695,-0.7998446205351151,0.7998583024342046
1,1,map_001_robot_1__control_points_20260806_125925,10.700000000000001,6.406894469475411,6.35214542441868,-0.019029847562379132,-0.7996845217289845,0.7999109134092134
1,1,map_001_robot_1__control_points_20260806_125925,10.8,6.403873872828079,6.272202469782927,-0.03987587421356764,-0.7989412079050595,0.7999357093123746
1,1,map_001_robot_1__control_points_20260806_125925,10.9,6.398919294632697,6.192357182837669,-0.05701226449091834,-0.7979120344275898,0.7999462563114835
1,1,map_001_robot_1__control_points_20260806_125925,11.0,6.392471419929896,6.11262006289741,-0.07070901757813886,-0.796818190767322,0.7999493698382253
1,1,map_001_robot_1__control_points_20260806_125925,11.100000000000001,6.384777491117069,6.032993544684204,-0.08207498893471765,-0.795739039703669,0.799960575976811
1,1,map_001_robot_1__control_points_20260806_125925,11.200000000000001,6.376056422142952,5.953472254956675,-0.09135779106869535,-0.7947406235303696,0.7999743150116708
1,1,map_001_robot_1__control_points_20260806_125925,11.3,6.366505932903331,5.87404541997813,-0.09873750615496846,-0.7938697287117513,0.7999864006885192
1,1,map_001_robot_1__control_points_20260806_125925,11.4,6.3563089209119585,5.794698309214326,-0.10433307357950738,-0.7931619095205846,0.7999945030791693
1,1,map_001_robot_1__control_points_20260806_125925,11.5,6.3456393181874295,5.715413038074014,-0.10824548914112953,-0.7926412811923775,0.7999983041042624
1,1,map_001_robot_1__control_points_20260806_125925,11.600000000000001,6.334659823083733,5.6361700529758485,-0.11013493915961803,-0.7923825780424565,0.7999999092555589
1,1,map_001_robot_1__control_points_20260806_125925,11.700000000000001,6.323612330355506,5.556936522465522,-0.10984157988789534,-0.7924229180155251,0.7999995335426818
1,1,map_001_robot_1__control_points_20260806_125925,11.8,6.3126915071061545,5.477685469372744,-0.10761450638097259,-0.7927255639187578,0.7999966885393546
1,1,map_001_robot_1__control_points_20260806_125925,11.9,6.302089429079312,5.3983914096817704,-0.10335627903588573,-0.793285008857854,0.799989765993759
1,1,map_001_robot_1__control_points_20260806_125925,12.0,6.292020251298977,5.319028467601174,-0.0967991681817999,-0.7940999778398137,0.7999780333020907
1,1,map_001_robot_1__control_points_20260806_125925,12.100000000000001,6.282729595442952,5.239571414113807,-0.0875695013085327,-0.7951533869427863,0.7999608279947272
1,1,map_001_robot_1__control_points_20260806_125925,12.200000000000001,6.27450635103727,5.159997790212616,-0.07515902992404833,-0.7963975062948805,0.7999361648355625
1,1,map_001_robot_1__control_points_20260806_125925,12.3,6.267697789458142,5.080291912854832,-0.05888648220048509,-0.7977284288913822,0.799898908642499
1,1,map_001_robot_1__control_points_20260806_125925,12.4,6.262729054597173,5.0004521044343395,-0.037848292216718704,-0.7989426565396016,0.7998386472672334
1,1,map_001_robot_1__control_points_20260806_125925,12.5,6.260128131014798,4.9205033815469115,-0.010860230279128302,-0.7996642435084453,0.7997379864353386
1,1,map_001_robot_1__control_points_20260806_125925,12.600000000000001,6.260557008541348,4.84051925573265,0.023600888345978177,-0.7992250419953209,0.7995734298256425
1,1,map_001_robot_1__control_points_20260806_125925,12.700000000000001,6.264848308683994,4.760658373147846,0.06742890276736091,-0.7964749517975598,0.7993240930744772
1,1,map_001_robot_1__control_points_20260806_125925,12.8,6.274042789094819,4.681224265373139,0.12283143425179333,-0.789501041444236,0.7989990335925857
1,1,map_001_robot_1__control_points_20260806_125925,12.9,6.289414595534352,4.602758164858999,0.1980366992804008,-0.7730873504615481,0.7980492376448538
1,1,map_001_robot_1__control_points_20260806_125925,13.0,6.3136501289509,4.52660679528083,0.2947567403306408,-0.7404038875440264,0.7969187239992872
1,1,map_001_robot_1__control_points_20260806_125925,13.100000000000001,6.348365943600481,4.454677387350193,0.4047303672596847,-0.6849323633335871,0.7955746429618608
1,1,map_001_robot_1__control_points_20260806_125925,13.200000000000001,6.394596202402837,4.389620322614112,0.5282515288471181,-0.5916486174815532,0.7931568346154189
1,1,map_001_robot_1__control_points_20260806_125925,13.3,6.454016249369904,4.336347663853883,0.6373586493819907,-0.4752092515852908,0.7950156481065562
1,1,map_001_robot_1__control_points_20260806_125925,13.4,6.522067932279235,4.294578472297054,0.7110945844497394,-0.3576377140398499,0.7959649756976729
1,1,map_001_robot_1__control_points_20260806_125925,13.5,6.596235166259851,4.264820121045913,0.7560234491619013,-0.2555717538517115,0.7980528660743583
1,1,map_001_robot_1__control_points_20260806_125925,13.600000000000001,6.673272622111615,4.243464121526712,0.7778772526311499,-0.18188558367063834,0.7988588021097311
1,1,map_001_robot_1__control_points_20260806_125925,13.700000000000001,6.751810616786082,4.228443004311785,0.7893629664257276,-0.12573615188134823,0.7993143766093249
1,1,map_001_robot_1__control_points_20260806_125925,13.8,6.83114521539676,4.218316891150442,0.7953391661862028,-0.08255726253995377,0.799612462926795
1,1,map_001_robot_1__control_points_20260806_125925,13.9,6.910878450023323,4.2119315518037945,0.7982407497264745,-0.04968576959582194,0.7997855776545444
1,1,map_001_robot_1__control_points_20260806_125925,14.0,6.990793365342054,4.208379737231278,0.7994923654737107,-0.024911397975856175,0.7998803786816258
1,1,map_001_robot_1__control_points_20260806_125925,14.100000000000001,7.070776923118067,4.2069492722086235,0.7999058015087428,-0.006522825081258787,0.7999323962275718
1,1,map_001_robot_1__control_points_20260806_125925,14.200000000000001,7.150774525643804,4.207075172215026,0.7999342765552981,0.006756306561737091,0.7999628081894835
1,1,map_001_robot_1__control_points_20260806_125925,14.3,7.230763778429125,4.208300533520971,0.7998248431376851,0.015854308963280772,0.7999819615547126
1,1,map_001_robot_1__control_points_20260806_125925,14.4,7.310739494271341,4.210246034007683,0.7997066888468396,0.02142924321933748,0.7999937503826698
1,1,map_001_robot_1__control_points_20260806_125925,14.5,7.390705116198493,4.212586382164838,0.7996411571271906,0.023929171797359317,0.7999991158961489
1,1,map_001_robot_1__control_points_20260806_125925,14.600000000000001,7.470667725696781,4.215031868367154,0.799649235616819,0.023635094971041326,0.7999984485840288
1,1,map_001_robot_1__control_points_20260806_125925,14.700000000000001,7.5506349633218575,4.217313401159047,0.7997255181707317,0.02068917603138587,0.7999930914816096
1,1,map_001_robot_1__control_points_20260806_125925,14.8,7.630612829330927,4.2191697035734315,0.7998434401881198,0.015110929568553644,0.7999861680081677
1,1,map_001_robot_1__control_points_20260806_125925,14.9,7.710603651359482,4.220335587072758,0.7999531703506406,0.0066965004357832925,0.7999811984491432
1,1,map_001_robot_1__control_points_20260806_125925,15.0,7.790603463401055,4.220509003660588,0.7999464185894496,-0.005561772693852163,0.7999657529729539
1,1,map_001_robot_1__control_points_20260806_125925,15.100000000000001,7.870592935077372,4.219223232533987,0.7996595935144697,-0.02129008316730463,0.799942956179375
1,1,map_001_robot_1__control_points_20260806_125925,15.200000000000001,7.95053538210395,4.216250987027127,0.7988878214170256,-0.040090281136166084,0.7998931065148758
1,1,map_001_robot_1__control_points_20260806_125925,15.3,8.030370499360776,4.211205176306754,0.7973299463556529,-0.06308380002691649,0.7998216108491595
1,1,map_001_robot_1__control_points_20260806_125925,15.4,8.110001371375079,4.203634227021744,0.7945298067361861,-0.09099154696463074,0.7997231242194125
1,1,map_001_robot_1__control_points_20260806_125925,15.5,8.189276460708014,4.193006866913828,0.7898091363977926,-0.12467941549951433,0.7995895375670742
1,1,map_001_robot_1__control_points_20260806_125925,15.600000000000001,8.267963198654638,4.17869834392184,0.7821715000699854,-0.16512097942625914,0.79941052868249
1,1,map_001_robot_1__control_points_20260806_125925,15.700000000000001,8.345710760722012,4.159982671028576,0.7701890626568613,-0.21329375006749274,0.7991779626929841
1,1,map_001_robot_1__control_points_20260806_125925,15.8,8.422001011186008,4.136039593908342,0.7519028356213724,-0.2699613678280066,0.7988973740944634
1,1,map_001_robot_1__control_points_20260806_125925,15.9,8.496091327846287,4.105990397462975,0.7249961346985501,-0.3349548082198872,0.7986326557795265
1,1,map_001_robot_1__control_points_20260806_125925,16.0,8.567000238125718,4.069048632264365,0.6876898933117559,-0.40575914297637183,0.7984722108326964
1,1,map_001_robot_1__control_points_20260806_125925,16.1,8.633629306508638,4.0248385688677,0.6415575247580279,-0.475457348263447,0.7985334981022125
1,1,map_001_robot_1__control_points_20260806_125925,16.2,8.695311743077324,3.9739571626116756,0.5922922246163651,-0.535859043693236,0.7987208486378905
1,1,map_001_robot_1__control_points_20260806_125925,16.3,8.75208775143191,3.917666760129053,0.543463482329642,-0.5854684897206717,0.7988278344434834
1,1,map_001_robot_1__control_points_20260806_125925,16.400000000000002,8.804004439543254,3.8568634646675397,0.49608028779348246,-0.626366206025434,0.7990183201829361
1,1,map_001_robot_1__control_points_20260806_125925,16.5,8.851303808990606,3.7923935189239675,0.451766516215379,-0.6593016810772383,0.7992319387040615
1,1,map_001_robot_1__control_points_20260806_125925,16.6,8.89435774278633,3.7250031284520926,0.41152226406213543,-0.6853723255891708,0.7994284198740587
1,1,map_001_robot_1__control_points_20260806_125925,16.7,8.933608261803034,3.6553190538061346,0.37581866188086366,-0.7057640134076237,0.7995889626796754
1,1,map_001_robot_1__control_points_20260806_125925,16.8,8.969521475162502,3.583850325770568,0.3447424107884487,-0.7215881311900567,0.7997104231348933
1,1,map_001_robot_1__control_points_20260806_125925,16.900000000000002,9.002556743960724,3.5110014275681207,0.3181367538368107,-0.7338024535461294,0.79979812138573
1,1,map_001_robot_1__control_points_20260806_125925,17.0,9.033148825929864,3.437089835061342,0.2957140696796472,-0.743188796408301,0.7998602366121961
1,1,map_001_robot_1__control_points_20260806_125925,17.1,9.061699557896654,3.362363668286461,0.2771350375660191,-0.7503621576561521,0.7999044922296129
1,1,map_001_robot_1__control_points_20260806_125925,17.2,9.088575833443068,3.287017403530112,0.2620590401101879,-0.7557935070985558,0.7999367261701439
1,1,map_001_robot_1__control_points_20260806_125925,17.3,9.114111365918692,3.21120496686675,0.2501733773460728,-0.7598357313716111,0.7999606599088306
1,1,map_001_robot_1__control_points_20260806_125925,17.400000000000002,9.138610508912283,3.135050257255788,0.24120839332673683,-0.7627475065946303,0.7999782795973847
1,1,map_001_robot_1__control_points_20260806_125925,17.5,9.162353044584039,3.0586554655478246,0.23494399064738758,-0.7647130342426767,0.7999904396191001
1,1,map_001_robot_1__control_points_20260806_125925,17.6,9.18559930704176,2.982107650407253,0.2312113183001543,-0.7658572180654701,0.7999974701041725
1,1,map_001_robot_1__control_points_20260806_125925,17.7,9.20859530824407,2.905484021934731,0.2298920542456031,-0.7662565746884464,0.7999996842865214
1,1,map_001_robot_1__control_points_20260806_125925,17.8,9.23157771789088,2.828856335469564,0.23091671902003696,-0.7659463829073268,0.7999977453791953
1,1,map_001_robot_1__control_points_20260806_125925,17.900000000000002,9.254778652048078,2.7522947453532636,0.23426277686369446,-0.7649245465132211,0.7999928815197958
1,1,map_001_robot_1__control_points_20260806_125925,18.0,9.27843027326362,2.6758714261669203,0.23995280349725334,-0.763152517526283,0.7999869454640465
1,1,map_001_robot_1__control_points_20260806_125925,18.1,9.302769212747528,2.5996642418480076,0.24805262867744204,-0.760553479657414,0.7999823135624872
1,1,map_001_robot_1__control_points_20260806_125925,18.2,9.328040798999108,2.523760730235438,0.2592033350532006,-0.7568133288984953,0.7999704892689004
1,1,map_001_robot_1__control_points_20260806_125925,18.3,9.354609879758168,2.448301576068309,0.2731530811207321,-0.751874520711544,0.7999549366189094
1,1,map_001_robot_1__control_points_20260806_125925,18.400000000000002,9.382671415223255,2.373385826093127,0.289476904819864,-0.745708046319125,0.7999233518088935
1,1,map_001_robot_1__control_points_20260806_125925,18.5,9.41250526072214,2.2991599668044844,0.3087030724644535,-0.7379097067471605,0.7998801924417643
1,1,map_001_robot_1__control_points_20260806_125925,18.6,9.444412029716146,2.2258038847436956,0.33102345405978895,-0.7281091353878821,0.7998246308866478
1,1,map_001_robot_1__control_points_20260806_125925,18.7,9.478709951534098,2.1535381397269084,0.35659742936437766,-0.7158543414917133,0.7997556907342498
1,1,map_001_robot_1__control_points_20260806_125925,18.8,9.515731515589021,2.0826330164453535,0.38553012855818025,-0.7006019808740938,0.7996728178641507
1,1,map_001_robot_1__control_points_20260806_125925,18.900000000000002,9.555815977245736,2.013417743552088,0.4178239054025923,-0.6817227576738194,0.7995765968662861
1,1,map_001_robot_1__control_points_20260806_125925,19.0,9.59929629666954,1.9462884649105903,0.4533164247487207,-0.658525836622184,0.7994698608740106
1,1,map_001_robot_1__control_points_20260806_125925,19.1,9.64647926219548,1.8817125762276514,0.49161046381322393,-0.630312465131686,0.7993589005140532
1,1,map_001_robot_1__control_points_20260806_125925,19.200000000000003,9.697618389432186,1.820225971884251,0.5320087070455486,-0.5964677392166404,0.7992540449059277
1,1,map_001_robot_1__control_points_20260806_125925,19.3,9.752881003604589,1.7624190283843237,0.5734768285602243,-0.5565919890346844,0.7991685148659695
1,1,map_001_robot_1__control_points_20260806_125925,19.400000000000002,9.812313755144231,1.708907574077315,0.6146652623038875,-0.5106572390760622,0.7991146353958819
1,1,map_001_robot_1__control_points_20260806_125925,19.5,9.875814056065366,1.6602875805691113,0.6540160771900858,-0.4591517103776983,0.799097817770687
1,1,map_001_robot_1__control_points_20260806_125925,19.6,9.943116970582247,1.617077232001776,0.6899588914967154,-0.4031566419696473,0.7991110998601
1,1,map_001_robot_1__control_points_20260806_125925,19.700000000000003,10.01380583436471,1.579656252175181,0.7211608813871848,-0.3443015971799044,0.7991349114284612
1,1,map_001_robot_1__control_points_20260806_125925,19.8,10.087349146859685,1.5482169125657952,0.7372724883022101,-0.3104828829397661,0.7999814639139592
1,1,map_001_robot_1__control_points_20260806_125925,19.81037455422466,10.094999999999999,1.545,0.7374633140506067,-0.3100771846321291,0.7999999999999321
