map_number,robot_id,t,x,y,vx,vy,speed
1,1,0.0,0.9599999999999997,10.874999999999998,0.7823062259213343,-0.16719110105485768,0.799972434142088
1,1,0.1,1.0382306225921332,10.858280889894512,0.7794302142459024,-0.17966987627254838,0.7998704415836394
1,1,0.2,1.1158860428491804,10.839066024745488,0.7734629306665584,-0.20387800953185575,0.7998819587201431
1,1,0.30000000000000004,1.192923208725445,10.817505287988144,0.7671467476503935,-0.22653067429241958,0.7998939172327508
1,1,0.4,1.269315392379259,10.793759889887003,0.7606430970126157,-0.24753193366860415,0.7999062315163332
1,1,0.5,1.3450518281279682,10.767998901254423,0.7541073125400555,-0.2668184522128598,0.7999186991611404
1,1,0.6000000000000001,1.4201368548872702,10.74039619944443,0.7476843882174586,-0.2843549480840011,0.7999310475809589
1,1,0.7000000000000001,1.4945887057714602,10.711127911637623,0.7415061183845122,-0.3001290542506396,0.7999429809724251
1,1,0.8,1.5684380785641725,10.680370388594302,0.7356894786381059,-0.31414605173281984,0.7999542179388315
1,1,0.9,1.6417266014990812,10.64829870129106,0.7303360289404166,-0.326423822277917,0.7999645160374191
1,1,1.0,1.7145052843522557,10.615085624138718,0.7255320891107377,-0.33698825214669625,0.7999736835760767
1,1,1.1,1.7868330193212283,10.58090105086172,0.7213494399094653,-0.3458692178098488,0.7999815812167778
1,1,1.2000000000000002,1.8587751723341488,10.545911780576748,0.7178463277407161,-0.35309720570126046,0.7999881167397862
1,1,1.3,1.9304022848693712,10.510281609721465,0.7150685867808271,-0.3587005633647493,0.7999932361957305
1,1,1.4000000000000001,2.0017888896903147,10.4741716679038,0.7130507310703358,-0.3627033463527667,0.7999969140786953
1,1,1.5,2.0730124310834377,10.43774094045091,0.7118169057181856,-0.3651237102853244,0.7999991444237511
1,1,1.6,2.144152270833952,10.401146925846737,0.7113816183236352,-0.3659727962701069,0.7999999340615693
1,1,1.7000000000000002,2.215288754748165,10.364546381196888,0.7117501984070618,-0.3652540664322004,0.7999992987357865
1,1,1.8,2.286502310515364,10.328096112560294,0.7129189547583188,-0.36296306121427335,0.7999972624076473
1,1,1.9000000000000001,2.357872545699829,10.291953768954036,0.7148750196736788,-0.3590875686412289,0.7999938597927562
1,1,2.0,2.429477314450099,10.256278598832045,0.7175958870191135,-0.35360821558597166,0.799989141924216
1,1,2.1,2.5013917231036524,10.221232125836844,0.7210486700424177,-0.3464995100833761,0.7999831842344931
1,1,2.2,2.5736870484585825,10.18697869681537,0.725189126880279,-0.33773137962717925,0.7999760962242931
1,1,2.3000000000000003,2.6464295484797082,10.153685849911408,0.729960528420083,-0.32727126039241483,0.7999680311926012
1,1,2.4000000000000004,2.7196791541425993,10.121524444736886,0.7352953529285227,-0.31507971614522745,0.79995905117977
1,1,2.5,2.793488619065413,10.090669906682365,0.7411189728004874,-0.30109853914788687,0.7999485371708865
1,1,2.6,2.867902948702696,10.061304736907308,0.7470529562942438,-0.28605164493217927,0.7999460376027717
1,1,2.7,2.942899210324262,10.033459577695929,0.7526285620981348,-0.27104840740371827,0.7999481180939161
1,1,2.8000000000000003,3.018428661122323,10.007095055426564,0.7577275582981127,-0.256456394262095,0.7999505827001658
1,1,2.9000000000000004,3.094444721983885,9.98216829884351,0.7623750408832564,-0.24230035130742777,0.7999532256360055
1,1,3.0,3.1709036692989745,9.95863498516508,0.76659949463318,-0.22859307440705123,0.7999559855634025
1,1,3.1,3.2477646209105204,9.936449683962099,0.7704291081129515,-0.21534410331882015,0.799958807353169
1,1,3.2,3.3249894909215647,9.915566164501316,0.7738914919400486,-0.20256008838850192,0.7999616432711959
1,1,3.3000000000000003,3.40254291929853,9.895937666284398,0.7770134538772275,-0.1902451557149547,0.7999644534472927
1,1,3.4000000000000004,3.4803921816970105,9.877517133358324,0.7798208253139229,-0.1784012633247869,0.7999672057960675
1,1,3.5,3.5585070843613154,9.860257413619443,0.7823383332534597,-0.16702854278626234,0.7999698755472631
1,1,3.6,3.636859848347702,9.84411142480107,0.7845895118055566,-0.15612562236887584,0.7999724445225288
1,1,3.7,3.715424986722427,9.829032289145669,0.7865966473135302,-0.14568992929827118,0.7999749002711406
1,1,3.8000000000000003,3.7941791778104084,9.814973438941417,0.7883807515515429,-0.13571796986461493,0.7999772351518185
1,1,3.9000000000000004,3.8731011370327355,9.801888695172746,0.7899615578491108,-0.1262055871231098,0.7999794454237452
1,1,4.0,3.952171489380231,9.789732321516796,0.7913572953162671,-0.11714994252742628,0.7999815484649986
1,1,4.1000000000000005,4.031372596095989,9.778458706667262,0.7925680154259283,-0.10867952019818716,0.7999845605927046
1,1,4.2,4.110685092465417,9.767996417477159,0.793559262405104,-0.10122426118431349,0.7999891586773178
1,1,4.3,4.190084448577009,9.7582138544304,0.794314259316458,-0.09515353210539956,0.799993335738234
1,1,4.4,4.269547944328708,9.748965711056078,0.7948565638292067,-0.09053962890760658,0.799996488407981
1,1,4.5,4.349055761342851,9.740105928648878,0.7952112250062449,-0.08738937233316335,0.7999986217317608
1,1,4.6000000000000005,4.428590189329957,9.731487836589446,0.7953952585597222,-0.08570873565381731,0.7999997529416263
1,1,4.7,4.508134813054795,9.722964181518115,0.7954174877130313,-0.08550365926966208,0.7999999096926279
1,1,4.800000000000001,4.587673686872563,9.714387104735513,0.7952784225669376,-0.08678041675859305,0.7999991313328731
1,1,4.9,4.667190497568183,9.705608098166396,0.7949700601791214,-0.08954637094966245,0.7999974682031502
1,1,5.0,4.746667698908387,9.69647783054558,0.7944713658033855,-0.09384471444025877,0.7999947384263665
1,1,5.1000000000000005,4.82608477072886,9.686839155278344,0.7937587280424445,-0.0996629110560221,0.7999910088142991
1,1,5.2,4.905419444516876,9.676545248334376,0.7928018940205881,-0.10697053527915301,0.7999859614896628
1,1,5.300000000000001,4.9846451495329775,9.665445048222514,0.7915556702558924,-0.11578888157364275,0.7999796523726901
1,1,5.4,5.063730578568054,9.653387472019647,0.7899733821586103,-0.12608751079717706,0.7999725025887715
1,1,5.5,5.142639825964699,9.640227546063079,0.7881169326669202,-0.13720666311510143,0.7999712294573447
1,1,5.6000000000000005,5.2213539651014385,9.625946139396627,0.7862413469900247,-0.14761399601118086,0.7999783419162529
1,1,5.7,5.2998880953627046,9.610704746860842,0.7845656630013345,-0.1563120897344774,0.7999854679666892
1,1,5.800000000000001,5.3782670977017055,9.59468372144973,0.7831659762807668,-0.16320873410958825,0.7999912732608155
1,1,5.9,5.456521290618857,9.578063000038924,0.7820899133141275,-0.16831038274114007,0.7999956358919519
1,1,6.0,5.534685080364531,9.561021644901501,0.7813716907893635,-0.17162711276542097,0.7999984906255906
1,1,6.1000000000000005,5.61279562877673,9.543737577485839,0.7810323451011634,-0.173170990714965,0.7999998225746211
1,1,6.2,5.690891549384763,9.526387446758507,0.7810800327966305,-0.1729550142440246,0.7999996591160125
1,1,6.300000000000001,5.7690116353360565,9.509146574637034,0.7815103464738868,-0.17099262143189975,0.7999980613913309
1,1,6.4,5.84719361867954,9.492188922472128,0.7823066206537774,-0.16729774977005718,0.7999951161081285
1,1,6.5,5.925472959466812,9.475687024683024,0.7834402307733086,-0.16188542068717737,0.7999909278393096
1,1,6.6000000000000005,6.003881664834203,9.459811838334693,0.7848709150308366,-0.15477281934764875,0.7999856116644615
1,1,6.7,6.082447142472979,9.444732460813494,0.7865471727151849,-0.14598083057546773,0.7999792858579242
1,1,6.800000000000001,6.161191099377239,9.430615672219599,0.7884066971447332,-0.1355367031146244,0.7999720732587163
1,1,6.9,6.240128481901926,9.41762512019057,0.7903653482574562,-0.12355828352787768,0.7999650199568012
1,1,7.0,6.31926416902873,9.405904015514023,0.7923148657280663,-0.11032627111352866,0.7999592068046343
1,1,7.1000000000000005,6.398591455047539,9.395559865967863,0.7941690843871534,-0.09602259405984626,0.7999530443509242
1,1,7.2,6.478097985906161,9.386699496702054,0.7958732234206352,-0.0806190381481926,0.7999460088467796
1,1,7.300000000000001,6.557766099731666,9.379436058338225,0.7973697456422073,-0.0640493144498322,0.7999380138154529
1,1,7.4,6.637571935034602,9.373889633812087,0.7985913188708054,-0.04624177014375164,0.7999289942750168
1,1,7.5,6.717484363505825,9.370187704309474,0.7994590223335365,-0.027120937180491467,0.7999189169059837
1,1,7.6000000000000005,6.79746373950131,9.368465446375989,0.7998804922791578,-0.006609527326418174,0.7999077995495646
1,1,7.7,6.8774604619616575,9.36886579884419,0.799748081085383,0.015368875465945564,0.7998957404142367
1,1,7.800000000000001,6.957413355718386,9.371539221469178,0.7989300953490357,0.03897503390083301,0.7998802101077326
1,1,7.9,7.037246481031464,9.376660805624358,0.7972765116372429,0.06425677927686024,0.7998617191061751
1,1,8.0,7.116868658045835,9.384390577324549,0.7946279909437308,0.09114747855051064,0.7998384254569081
1,1,8.1,7.19617207922021,9.39489030133446,0.790804113666546,0.11969153584175984,0.7998107338265039
1,1,8.200000000000001,7.275029480779145,9.408328884492901,0.7856046071263663,0.14991146292133095,0.7997799981578596
1,1,8.3,7.353293000645484,9.424872593918726,0.7788191614764557,0.18175809631411255,0.7997470174115185
1,1,8.4,7.430793313074436,9.444680503755723,0.770233186735858,0.21513209477358686,0.7997130611356468
1,1,8.5,7.507339637992655,9.467899012873444,0.7596381790750257,0.24987531744591962,0.7996798342944005
1,1,8.6,7.582720948889441,9.494655567244907,0.746845256909225,0.2857642714095405,0.7996493335094026
1,1,8.700000000000001,7.656708689374501,9.525051867155353,0.7317014322712581,0.3225071857619852,0.7996235807277859
1,1,8.8,7.729061235343693,9.559157004397305,0.7141075200987643,0.3597463179172422,0.7996042543137327
1,1,8.9,7.799530193394254,9.597001130738802,0.6940358566354945,0.3970668122438141,0.7995922859065294
1,1,9.0,7.86786840667079,9.638570366846068,0.6715453737095913,0.434012728635615,0.7995875421543827
1,1,9.1,7.933839268136171,9.683803676465924,0.6467912884599514,0.4701097597052666,0.7995887424156417
1,1,9.200000000000001,7.997226664362781,9.732592318787121,0.6200269340051179,0.5048928300912507,0.7995937523326075
1,1,9.3,8.057844654937195,9.784782242484175,0.5915961779404313,0.5379355347159915,0.7996003234516018
1,1,9.4,8.115545899950867,9.84017942573032,0.5619163537230705,0.5688776054218678,0.7996072276636507
1,1,9.5,8.170227925681809,9.898557763568547,0.5314533450848842,0.5974466038020552,0.7996155966441143
1,1,9.600000000000001,8.221836568967845,9.959668746490731,0.5006919567640509,0.6234709118386803,0.7996301729406974
1,1,9.700000000000001,8.27036631703462,10.023251945936284,0.3906849793369531,0.5819078725059015,0.7008933764588305
1,1,9.8,8.299973564835236,10.07605032099191,-0.22200396115804466,0.11217206522847079,0.24873345369588487
1,1,9.9,8.22596552480301,10.045686358981978,-0.7349255670944856,-0.3156505472131954,0.7998442705459239
1,1,10.0,8.15298845141634,10.012920211549272,-0.7247358939623396,-0.3384544265376874,0.7998709363643277
1,1,10.100000000000001,8.081018346010541,9.97799547367444,-0.7148895341790791,-0.358844996024402,0.799897979276441
1,1,10.200000000000001,8.010010544580522,9.94115121234439,-0.7055139300578332,-0.3769920241857889,0.7999205534334942
1,1,10.3,7.939915559998975,9.902597068837283,-0.6967839263923352,-0.3929321815120872,0.7999397098197882
1,1,10.4,7.870653759302056,9.862564776041973,-0.6889674283002094,-0.40651197866042565,0.7999550650211664
1,1,10.5,7.802122074338934,9.821294673105198,-0.682149294114474,-0.4178746018940771,0.7999667757907253
1,1,10.600000000000001,7.734223900479161,9.778989855663157,-0.6763295070717916,-0.42724940130876377,0.7999772828366252
1,1,10.700000000000001,7.666856172924573,9.735844792843444,-0.6715641956049865,-0.43471730638241013,0.7999860031818999
1,1,10.8,7.5999110613581635,9.692046394386676,-0.6678941089488291,-0.4403472241351025,0.7999926365736378
1,1,10.9,7.533277351134808,9.647775348016424,-0.6653474655076437,-0.4441937664564435,0.7999970950048547
1,1,11.0,7.466841568256635,9.603207641095388,-0.6639444639255814,-0.4462923650588806,0.7999994539293616
1,1,11.100000000000001,7.400488458349691,9.558516875004647,-0.6637157301207068,-0.44663312973263913,0.7999998268652534
1,1,11.200000000000001,7.3340984222324925,9.51388101514886,-0.66466485709784,-0.4452165584698804,0.7999982226209359
1,1,11.3,7.2675554869301235,9.469473563310672,-0.666764287860282,-0.44205963167777895,0.7999945834347396
1,1,11.4,7.200745564660437,9.425469088813305,-0.6699952228835784,-0.4371367308738954,0.7999888250256577
1,1,11.5,7.133556442353409,9.382046217135894,-0.6743337159927734,-0.4303994149053665,0.7999810103218101
1,1,11.600000000000001,7.065878821461882,9.33938920583223,-0.6797442685418105,-0.4217842619421006,0.7999713958870551
1,1,11.700000000000001,6.997607588645046,9.297689364747473,-0.6861772175329861,-0.41121481247189706,0.7999604964356729
1,1,11.8,6.928643377955286,9.257146243337852,-0.693637703523514,-0.3984727484321624,0.7999461200558795
1,1,11.9,6.8588800479403425,9.217994815061042,-0.7020503908749163,-0.38341906281604565,0.7999280774284382
1,1,12.0,6.788233299780304,9.180462430774643,-0.7111658462136319,-0.3661880986604018,0.7999066098122151
1,1,12.100000000000001,6.716646878697616,9.14475719532896,-0.7208221705820819,-0.3467342375523117,0.7998807617974362
1,1,12.200000000000001,6.644068865663887,9.11111558326418,-0.7309009724337159,-0.3248869858515775,0.7998548525078001
1,1,12.3,6.5704666842108725,9.079779798158645,-0.7411748320373874,-0.3006530603428246,0.7998327289747248
1,1,12.4,6.49583389925641,9.050984971195616,-0.7510919766288779,-0.27495235251078043,0.7998362041740092
1,1,12.5,6.420248288885098,9.024789327656489,-0.7599269674858782,-0.2495711538803178,0.799859210587361
1,1,12.600000000000001,6.343848505759232,9.001070740419552,-0.7672459234710871,-0.2261674318895217,0.7998862508697738
1,1,12.700000000000001,6.266799104190881,8.979555841278584,-0.7731485342533659,-0.20515229522670353,0.7999038193776253
1,1,12.8,6.189218798908559,8.960040281374212,-0.7779504179624297,-0.1861954046635148,0.799922234673927
1,1,12.9,6.111209020598395,8.942316760345882,-0.7818162332088114,-0.16931422785761896,0.7999399541614585
1,1,13.0,6.032855552266797,8.926177435802687,-0.7848932295528144,-0.15450608145783207,0.7999559431651853
1,1,13.100000000000001,5.954230374687831,8.911415544054316,-0.787311331456916,-0.1417462600483006,0.7999694587158577
1,1,13.200000000000001,5.875393285975413,8.897828183793028,-0.78919274828813,-0.13092668171245236,0.7999793684432153
1,1,13.3,5.796391825030206,8.885230207711826,-0.7906022420425245,-0.12218085669837819,0.7999875416943792
1,1,13.4,5.717272837566909,8.873392012453353,-0.7916006439179313,-0.11557260614254261,0.7999928791819729
1,1,13.5,5.63807169624662,8.862115686483317,-0.7922673032071259,-0.11093927281475402,0.7999968762337503
1,1,13.600000000000001,5.558819376925483,8.851204157890402,-0.7926397090699524,-0.10826398197144727,0.7999992488664053
1,1,13.700000000000001,5.479543754432629,8.840462890089027,-0.7927469537557812,-0.10748098769512637,0.7999999346281165
1,1,13.8,5.400269986174327,8.829707960351376,-0.7926044519449178,-0.10852088867319765,0.7999991253253493
1,1,13.9,5.321022864043646,8.818758712354388,-0.7922046187389107,-0.11138627834974102,0.7999969130914625
1,1,14.0,5.241829062426545,8.807430704681428,-0.7915120129361206,-0.11617781605898614,0.7999928446970168
1,1,14.100000000000001,5.162720461456421,8.795523149142591,-0.7904995022858934,-0.12284202757839324,0.7999872666822991
1,1,14.200000000000001,5.083729161969365,8.78286229916575,-0.7891321978589119,-0.13129233466769819,0.7999795640140639
1,1,14.3,5.004894021884639,8.769264682209052,-0.7873434908413337,-0.1415724437237671,0.7999703303199042
1,1,14.4,4.926260463801099,8.754547810420997,-0.7850621910597262,-0.1536668197213018,0.7999600835758977
1,1,14.5,4.847881583672694,8.73853131826479,-0.7822067159254225,-0.16754692127967985,0.7999495717038254
1,1,14.600000000000001,4.769819120616014,8.72103842616506,-0.7786736683426589,-0.1832186442628725,0.7999385935031128
1,1,14.700000000000001,4.692146850004161,8.701887589412216,-0.7743047344925067,-0.20082223596569548,0.7999233665269272
1,1,14.8,4.614958173717513,8.680873978971922,-0.7690621698313684,-0.2199944094316919,0.7999088455861277
1,1,14.9,4.5383344160378885,8.657888707525878,-0.7629088366370844,-0.24040325233085724,0.7998897528723589
1,1,15.0,4.462376406390097,8.63279332850575,-0.7557158229854224,-0.2620877957510501,0.7998727509999191
1,1,15.100000000000001,4.387191251440804,8.605471148375667,-0.7474859080360154,-0.284681838720509,0.7998618205726014
1,1,15.200000000000001,4.312879224782892,8.575856960761648,-0.7382484447314752,-0.30782533326727446,0.7998544879848776
1,1,15.3,4.23954156249451,8.543906081722213,-0.7279396214948974,-0.33145118338735813,0.7998474726540146
1,1,15.4,4.167291300483913,8.509566724084175,-0.7164312668971604,-0.35562843283365453,0.7998408231814574
1,1,15.5,4.096255309115078,8.472780395155482,-0.7034658966870317,-0.38060396912838,0.7998272620497294
1,1,15.600000000000001,4.026598121146506,8.433445930258499,-0.6888845881032886,-0.4063659228773986,0.7998095016953959
1,1,15.700000000000001,3.9584783914944186,8.391507210580002,-0.672664342485767,-0.43264013176985827,0.7997842216933575
1,1,15.8,3.892065252649353,8.346917903904528,-0.6545898964767751,-0.45947374437632504,0.7997524956764284
1,1,15.9,3.827560412199064,8.299612461704738,-0.6343903989904369,-0.48692974204161743,0.7997197959385287
1,1,16.0,3.765187172851266,8.249531955496204,-0.6118491266028414,-0.5149184610372828,0.799687673558661
1,1,16.1,3.705190586878495,8.19662876949728,-0.5867532542299259,-0.543299371250697,0.799658419671056
1,1,16.2,3.647836522005281,8.140872081246066,-0.5589066534858027,-0.5718737886858989,0.7996350902109433
1,1,16.3,3.593409256181335,8.082254011760101,-0.5279038586679405,-0.6005703237625184,0.7996044008012444
1,1,16.400000000000002,3.5422557502716914,8.020758016493561,-0.49530313552615723,-0.6277742599865874,0.7996409929235434
1,1,16.5,3.4943486290761037,7.956699159762784,-0.4645991611499731,-0.6509255935131364,0.7997227699845038
1,1,16.6,3.449335918041698,7.890572897790935,-0.43749272836848263,-0.6695291927256761,0.7997932403360224
1,1,16.7,3.4068500834024076,7.82279332121765,-0.41421256075567925,-0.6842510269370337,0.7998571830971842
1,1,16.8,3.366493405890562,7.753722692403529,-0.39499099454807407,-0.6955850595891917,0.7999102830304009
1,1,16.900000000000002,3.3278518844927913,7.683676309299809,-0.37994733214256726,-0.7039611314426537,0.7999507796010173
1,1,17.0,3.2905039394620488,7.612930466114998,-0.3691352960559193,-0.7097216724528792,0.7999785741778358
1,1,17.1,3.2540248252816077,7.541731974809233,-0.3625785116953999,-0.7131114792855158,0.7999944743759345
1,1,17.2,3.217988237122969,7.470308170257895,-0.3603997416098004,-0.7142208328780129,0.7999996074182619
1,1,17.3,3.1819448769596477,7.3988878082336305,-0.3626606070398726,-0.7130689916093473,0.7999938141593973
1,1,17.400000000000002,3.1454561157149934,7.327694371936024,-0.36933692895032344,-0.7096142715008895,0.79997636302843
1,1,17.5,3.1080774911695834,7.256964953933452,-0.38050299624847383,-0.703655504221274,0.7999459974116762
1,1,17.6,3.069355516465299,7.18696327109177,-0.3962419979553804,-0.6948642945059191,0.7999025620179501
1,1,17.7,3.028829091578508,7.117992095032268,-0.4166035901189442,-0.6827874484242145,0.7998482675018073
1,1,17.8,2.9860347984415103,7.050405781406928,-0.44223147108559857,-0.666364044338934,0.7997560338042305
1,1,17.900000000000002,2.940382797361387,6.98471928616448,-0.47246720207643556,-0.6451545214409222,0.7996559344953308
1,1,18.0,2.8915413580262235,6.921374877118744,-0.5061860236540507,-0.6188798439395171,0.7995227024777347
1,1,18.1,2.8391455926305773,6.860943317376576,-0.5430784205755703,-0.5866022801761375,0.7993975268930343
1,1,18.2,2.78292567391111,6.804054421083516,-0.5825718997526668,-0.5471778136162584,0.7992456306388543
1,1,18.3,2.722631212680044,6.751507754653326,-0.6228148159384315,-0.5007074698802754,0.7991284410821137
1,1,18.400000000000002,2.658362710723422,6.70391292710746,-0.6610042875089004,-0.44893251651497934,0.7990413459199851
1,1,18.5,2.5904303551782646,6.661721251350331,-0.6956268855829464,-0.39305785473033694,0.79899389303739
1,1,18.6,2.5192373336068328,6.625301356161393,-0.725621848113235,-0.33452388812450096,0.7990202113746563
1,1,18.7,2.4453059855556183,6.59481647372543,-0.7501163802152107,-0.2754665683332931,0.7990972494862508
1,1,18.8,2.369214057563791,6.570208042494736,-0.768889567791776,-0.21801319767697436,0.7992001763140218
1,1,18.900000000000002,2.291528071997261,6.551213834190035,-0.7823226223346484,-0.16397155671526065,0.7993218105545393
1,1,19.0,2.212749533096862,6.537413731151684,-0.7912243787812923,-0.11462413368185764,0.7994840271075828
1,1,19.1,2.133283196241003,6.528289007453664,-0.49487500777379445,0.0032716748999632728,0.49488582236285994
1,1,19.200000000000003,2.1137745315421017,6.538068066131677,0.2773722556815681,0.18767827994265218,0.33490073900204176
1,1,19.3,2.188757647377313,6.565824663442194,0.7638395335624324,0.2308543328133723,0.7979627535239859
1,1,19.400000000000002,2.2665424382545876,6.584238932694352,0.7868102187581769,0.12893485132858729,0.7973045316749524
1,1,19.5,2.3461196911289477,6.591611633707911,0.7967349703259146,0.012379905948606051,0.7968311458593548
1,1,19.6,2.42588943231977,6.586714913884071,0.7894002494516066,-0.10923369976859476,0.7969220507674475
1,1,19.700000000000003,2.503999741019271,6.569764893754193,0.7661063083489807,-0.2216375084931812,0.7975224516357947
1,1,19.8,2.579110693989566,6.542387412185435,0.7336101815918941,-0.3148031264884352,0.7983012632973754
1,1,19.900000000000002,2.6507217773376492,6.506804268456507,0.6997823137971011,-0.38562621144518516,0.7990011649908848
1,1,20.0,2.7190671567489857,6.4652621698963975,0.6704166699848351,-0.4355871239837299,0.7994965002887583
1,1,20.1,2.7848051113346157,6.419686843659761,0.6484610425475719,-0.46815892581251006,0.7997965388270989
1,1,20.200000000000003,2.848759365258502,6.371630384733894,0.6350950247049383,-0.48639154644497395,0.7999515153170843
1,1,20.3,2.911824116275603,6.322408534370768,0.6307184445298795,-0.4921271228692099,0.7999967883271264
1,1,20.400000000000002,2.974903054164477,6.273204960160053,0.6352321170815749,-0.4862126793943027,0.799951631147613
1,1,20.5,3.0388705396919176,6.225165998491907,0.6481690016806958,-0.46861098954191505,0.7998245521732892
1,1,20.6,3.1045368545006156,6.17948276225167,0.6650773680065551,-0.44425112866552396,0.7998043327934143
1,1,20.700000000000003,3.1718860132932307,6.136315772758802,0.6796729852544185,-0.42172865135889737,0.7998815051378844
1,1,20.8,3.2404714515514987,6.095137031979891,0.6898981940529882,-0.40491162906745615,0.7999455890944308
1,1,20.900000000000002,3.309865652103828,6.05533344694531,0.6959052677145081,-0.3945799004189965,0.799985899530402
1,1,21.0,3.3796525050944,6.016221051896092,0.6979026239859465,-0.39106320420621543,0.7999990639060157
1,1,21.1,3.4494461769010165,5.977120806104067,0.6961393566033109,-0.3941712485591147,0.7999881105383524
1,1,21.200000000000003,3.5188803764150647,5.9373868021842675,0.6908644427907547,-0.403292955102561,0.7999618028055692
1,1,21.3,3.587619065459167,5.896462215083556,0.6849023673845309,-0.4133711116658141,0.7999793302384544
1,1,21.400000000000002,3.6558608498919702,5.854712579851105,0.682292644565095,-0.4177015277091165,0.7999986369226892
1,1,21.5,3.724077594372186,5.812921909541733,0.684486954141164,-0.4140629235088369,0.7999815591712929
1,1,21.6,3.792758240720203,5.771899995149338,0.6913805112383926,-0.40233858850068316,0.7999270911257995
1,1,21.700000000000003,3.862353696619867,5.732454191841595,0.7027678032135007,-0.38188811660623045,0.7998256802820122
1,1,21.8,3.9333118013629025,5.695522371828092,0.7183136960283392,-0.35140263806090744,0.7996614158117537
1,1,21.900000000000002,4.006016435825535,5.662173664229414,0.7369950245725647,-0.3097073548656759,0.799424988290089
1,1,22.0,4.080710806277415,5.633580900854957,0.7572069426173123,-0.25536277285088715,0.7991073142613271
1,1,22.1,4.157457824348997,5.611101109659237,0.7765190224845888,-0.1870753740466533,0.7987358686418913
1,1,22.200000000000003,4.236014610774335,5.596165826045626,0.7913538000476628,-0.10602202433324592,0.7984243899666364
1,1,22.3,4.315728584358529,5.589896704792587,0.7982751220891267,-0.021679115621221712,0.7985694425662231
1,1,22.400000000000002,4.395669635192159,5.591830002921381,0.7968657681809397,0.056024984494047914,0.7988328056521949
1,1,22.5,4.4751017379947164,5.601101701691396,0.7891134094197909,0.12564512617498735,0.7990536093765268
1,1,22.6,4.553492317076117,5.616959028156379,0.7767557606281628,0.1881466991747871,0.7992175499070348
1,1,22.700000000000003,4.630452890120351,5.638731041526354,0.761236101830999,0.24389020449743626,0.799351508774867
1,1,22.8,4.705739537442316,5.665737069055866,0.7431866288470097,0.2945172279793198,0.7994165140110665
1,1,22.900000000000002,4.7790902158897515,5.697634487122218,0.7229923663594775,0.34125016823647414,0.799480856015639
1,1,23.0,4.850338010714211,5.733987102703161,0.7009080610764293,0.3846253139632587,0.7995053109412438
1,1,23.1,4.919271828105037,5.77455954991487,0.6766393298233169,0.4259078523503632,0.7995237841099202
1,1,23.200000000000003,4.985665876678876,5.819168673173234,0.6516846045814084,0.4633487240510803,0.7996154475297428
1,1,23.3,5.049608749021319,5.867229294725085,0.6282201473505893,0.4948635292033714,0.7997189919420522
1,1,23.400000000000002,5.1113099061489935,5.918141379013908,0.6072958648895757,0.5204747641562264,0.7998138831224783
1,1,23.5,5.171067921999233,5.97132424755633,0.590131560330768,0.5399799792181561,0.7998960160263753
1,1,23.6,5.229336218215146,6.026137374857539,0.5775552534086899,0.5534913728279385,0.7999517301280946
1,1,23.700000000000003,5.286578972680973,6.082022522121919,0.56978812337384,0.5615343359892613,0.7999870724160378
1,1,23.8,5.343293842889914,6.138444242055391,0.5671469798124917,0.5642189036845053,0.7999991674904268
1,1,23.900000000000002,5.400008368643471,6.19486630285882,0.5697547254351676,0.5615683862410492,0.7999871871355687
1,1,24.0,5.457244787976948,6.2507579193036,0.5774781173522392,0.5535726592228549,0.7999522892396456
1,1,24.1,5.515503992113919,6.305580834703391,0.5901389242567774,0.5399690659585907,0.7998940818102978
1,1,24.200000000000003,5.575272572828305,6.358751732495319,0.6073809436056692,0.5203722849335826,0.7998118063534138
1,1,24.3,5.636980180835052,6.409655291690107,0.6283457766666558,0.4946950854925163,0.7997134753555619
1,1,24.400000000000002,5.700941728161635,6.457690749593822,0.6519726567596855,0.46293704348777,0.7996118129414298
1,1,24.5,5.767374712186989,6.50224270038766,0.6056827483306826,0.49512804282408496,0.7823064427807161
1,1,24.6,5.822078277827771,6.556716358158639,0.48891222197923057,0.6091633476440492,0.7810986780897617
1,1,24.700000000000003,5.865157156582836,6.624075369916472,0.46801400368559243,0.6466294830452384,0.798227283415676
1,1,24.8,5.915681078564889,6.6860422547676865,0.5385241716998266,0.5892428342498235,0.7982577285687558
1,1,24.900000000000002,5.972861990922802,6.741923936766437,0.600180516925505,0.5265564740206159,0.7984224278099845
1,1,25.0,6.035717181949989,6.791353549571809,0.6508814932480753,0.4630035600330942,0.7987609247178804
1,1,25.1,6.1030382895724165,6.834524648773054,0.6895496976814179,0.40389670435767755,0.7991316120411757
1,1,25.200000000000003,6.173627121486275,6.872132890443346,0.7170994254510177,0.35340726839151415,0.7994549914373738
1,1,25.3,6.246458174662619,6.905206102451357,0.7356436499735679,0.31360144241378407,0.7996983458970258
1,1,25.400000000000002,6.320755851480988,6.934853178926104,0.747367070232805,0.28501102575629744,0.7998680031549101
1,1,25.5,6.395931588709179,6.962208307602617,0.7538441375993941,0.26770023061794035,0.7999652475363369
1,1,25.6,6.471524679000866,6.988393225049691,0.7559759038822094,0.261719422421379,0.7999978895741561
1,1,25.700000000000003,6.547126769485623,7.014552192086893,0.7540563749385214,0.267109956627678,0.7999679653055265
1,1,25.8,6.622335953988569,7.041815216375227,0.747791524380105,0.2839074157419077,0.7998722302017801
1,1,25.900000000000002,6.696685074361644,7.071333675235274,0.7361631402849085,0.31239023147286105,0.7997023357686319
1,1,26.0,6.769568582045551,7.1042932626698,0.7174485196365339,0.3526886611301876,0.7994508552865888
1,1,26.1,6.840174778288951,7.141871407461311,0.6929393271835949,0.39864345398240886,0.7994257404916845
1,1,26.200000000000003,6.908156447482272,7.184021953466283,0.6694017385088884,0.43749704284128654,0.7996889082722061
1,1,26.3,6.974055125990728,7.229370816029569,0.6525101313257977,0.4626572405643472,0.7998882382742142
1,1,26.400000000000002,7.0386584737474305,7.276553401579153,0.6438766368945821,0.4747618499972077,0.7999849609532973
1,1,26.5,7.102830453369643,7.32432318602901,0.6437368559759378,0.4749561393303381,0.7999877961752697
1,1,26.6,7.167405844942618,7.3715446294452205,0.6516164685186467,0.46395674573491874,0.7999124226799135
1,1,26.700000000000003,7.2331537470733736,7.417114535175995,0.6658925995265221,0.44302553606044626,0.799802838020618
1,1,26.8,7.300584364847921,7.46014973665731,0.6834708110371537,0.4152612240244622,0.79973385180201
1,1,26.900000000000002,7.369847909280804,7.500166779980887,0.7018775236544741,0.3832214894059405,0.7996816667611207
1,1,27.0,7.4409598695788155,7.536794034538498,0.7203671243107692,0.3470561184572887,0.7996103695840912
1,1,27.1,7.513921334142957,7.569578003672344,0.7390476352821906,0.304919330599418,0.7994793339351525
1,1,27.200000000000003,7.588769396635255,7.597777900658382,0.7574667700400255,0.2552362849964851,0.799313123183697
1,1,27.3,7.665414688150961,7.620625260671641,0.7746974283464638,0.19570364879358237,0.7990344320727025
1,1,27.400000000000002,7.7437088823045475,7.636918630417098,0.7891111257535002,0.1228554612366537,0.7986174510637915
1,1,27.5,7.82323691330166,7.645196352918973,0.7972662695922779,0.034554371400219,0.7980147299470424
1,1,27.6,7.903162136223002,7.643829504697142,0.7940908440315653,-0.07051723236919827,0.7972157478598721
1,1,27.700000000000003,7.9820550821079745,7.631092906445134,0.7745988655344718,-0.18689801428236308,0.7968276289323689
1,1,27.8,8.058081909329896,7.60644990184067,0.7398366607088036,-0.29751608790889605,0.7974171474788885
1,1,27.900000000000002,8.130022414249733,7.571589688863354,0.696885266551611,-0.38911163851155095,0.7981584692038629
1,1,28.0,8.19745896264022,7.52862757413836,0.6524885656881523,-0.4607177873673507,0.7987504040377379
1,1,28.1,8.260520127387363,7.479446131389886,0.610740135764722,-0.5154433449012927,0.7991779246431573
1,1,28.200000000000003,8.319606989793165,7.4255389051581,0.5730341298466541,-0.5574489389447663,0.7994482056392134
1,1,28.3,8.375126953356693,7.367956343600932,0.5401582015909341,-0.5896256776719682,0.7996432470271226
1,1,28.400000000000002,8.427638630111352,7.307613769623708,0.5121441776634441,-0.61426089255378,0.7997550267647786
1,1,28.5,8.477555788889381,7.245104165090175,0.4883402911153212,-0.6334562984916943,0.7998394351527031
1,1,28.6,8.525306688334416,7.18092250992537,0.46857924976560383,-0.6482796244076638,0.799895608647177
1,1,28.700000000000003,8.571271638842504,7.11544824020864,0.452539151006782,-0.6596259400408329,0.7999362874433761
1,1,28.8,8.615814518535773,7.048997321917205,0.4401806712622758,-0.6679716476756923,0.7999657151725234
1,1,28.900000000000002,8.659307773094959,6.981853910673503,0.4312540746665334,-0.6737908450751107,0.7999838622269325
1,1,29.0,8.70206533346908,6.914239152902184,0.42579099163148726,-0.6772707122601602,0.7999959913899006
1,1,29.1,8.744465971421256,6.846399768221471,0.42429785220046057,-0.6782112366983313,0.7999994681034506
1,1,29.200000000000003,8.786924903909172,6.778596905562516,0.427116087094646,-0.6764309104605033,0.7999918302592013
1,1,29.3,8.829889188840184,6.711113586129371,0.43441049721675284,-0.6717459311159146,0.7999719220465763
1,1,29.400000000000002,8.873807003352523,6.644247719339332,0.44601532028026725,-0.6640614823411681,0.7999420718113649
1,1,29.5,8.919092252896236,6.5783012896611375,0.4614499957837026,-0.6533876781188397,0.7999072174485661
1,1,29.6,8.966097002509263,6.513570183715565,0.4800381541455536,-0.6398090454041707,0.7998701419708493
1,1,29.700000000000003,9.015099883725348,6.450339480580301,0.5006844771009114,-0.6237469624019489,0.7998407458459911
1,1,29.8,9.066233897929445,6.388820791235176,0.3433725595367818,-0.5435369236646146,0.6429129816931944
1,1,29.900000000000002,9.083774395632704,6.34163209584738,-0.29973675355467577,-0.33347996618419984,0.44838711988382485
1,1,30.0,9.006286547218513,6.3221247979983355,-0.7567523964428062,-0.25049021128688764,0.7971320690277613
1,1,30.1,8.932423916344144,6.291534053590003,-0.720171237719434,-0.3446474421136756,0.7983911766758454
1,1,30.200000000000003,8.862252299674624,6.2531953095756,-0.684850595183562,-0.41158406869686814,0.7990130057316635
1,1,30.3,8.795453797307431,6.20921723985063,-0.6536184675572301,-0.46026735839090804,0.7994142495177369
1,1,30.400000000000002,8.73152860616318,6.161141837897418,-0.6275254953846172,-0.4956526464122568,0.7996622995072251
1,1,30.5,8.669948698230508,6.110086710568178,-0.6065054028190531,-0.5213955173807925,0.7998137840731967
1,1,30.6,8.61022752559937,6.0568627344212596,-0.589860773446965,-0.5402809216813615,0.7998994976772478
1,1,30.700000000000003,8.551976543541114,6.002030526231905,-0.5772005588058562,-0.5538586098504474,0.7999499014258723
1,1,30.8,8.4947874138382,5.946091012451171,-0.5684648747333227,-0.5628596898337896,0.7999770898253038
1,1,30.900000000000002,8.43828356859445,5.889458588265147,-0.5631217123636887,-0.5682268996468665,0.7999924202251563
1,1,31.0,8.382163071365461,5.832445632521798,-0.5607687274090267,-0.5705588299024065,0.7999993400119418
1,1,31.1,8.326129823112645,5.775346822284666,-0.5615313972746776,-0.5698051123652021,0.7999971101215131
1,1,31.200000000000003,8.269856791910524,5.7184846100487565,-0.5653996630083853,-0.5659506967136174,0.799985606145901
1,1,31.3,8.213049890510968,5.662156682941943,-0.5723172392744331,-0.558924269333108,0.7999645999794349
1,1,31.400000000000002,8.155393344055637,5.6066997561821355,-0.5827749602334791,-0.5479613821266156,0.7999302035660637
1,1,31.5,8.096494898464272,5.552564406516621,-0.5973797510242989,-0.5319063905830212,0.7998668484672375
1,1,31.6,8.035917393850777,5.500318478065532,-0.6162182030986969,-0.509795320534348,0.7997600531840193
1,1,31.700000000000003,7.973251257844531,5.45060534240975,-0.6396461242046669,-0.47975566312524975,0.7995702974165564
1,1,31.8,7.907988169009846,5.404367345440482,-0.6682404684973804,-0.43849526317822196,0.7992642989445585
1,1,31.900000000000002,7.839603164145056,5.362906289774106,-0.7016279204276756,-0.38182496385021736,0.7987941172435389
1,1,32.0,7.767662584924312,5.328002352670438,-0.7386072996316955,-0.30155241153093826,0.7977935823064445
1,1,32.1,7.6918817042187175,5.3025958074679185,-0.7726637133423253,-0.19379887620467784,0.7965972748724082
1,1,32.2,7.613129842255845,5.289242577429502,-0.7931973228184006,-0.06499511369731081,0.7958557392711347
1,1,32.300000000000004,7.533242239655035,5.289596784728456,-0.793636426058093,0.06747937408152538,0.7964999954128672
1,1,32.4,7.454402557044229,5.302738452245806,-0.7775962814258577,0.17884254486713047,0.7978976329967856
1,1,32.5,7.377722983369868,5.325365293701882,-0.7545879002328277,0.2618158360773464,0.798717992284303
1,1,32.6,7.3034849769976615,5.3551016194612755,-0.7311355454324797,0.3230027317026618,0.7993059179577188
1,1,32.7,7.23149587428337,5.389965840042415,-0.71068624497142,0.36656684560962205,0.7996537945209575
1,1,32.800000000000004,7.161347728003375,5.428414988583201,-0.6946244341370544,0.39653395511620815,0.7998389100689751
1,1,32.9,7.092570987455962,5.469272631065655,-0.6832032213552139,0.41608485938206385,0.7999332796409544
1,1,33.0,7.024707083732336,5.511631960459612,-0.6761828056079082,0.427486407483201,0.7999798842362698
1,1,33.1,6.957334426334378,5.554769912562296,-0.6731756175897914,0.43223979288354286,0.7999979066656394
1,1,33.2,6.890071960214377,5.598079919036321,-0.6738031921802801,0.43125424729612405,0.799994354732133
1,1,33.300000000000004,6.82257378789832,5.6410207620215225,-0.6777510025097797,0.4249844164195835,0.7999738593244815
1,1,33.4,6.754521759712423,5.683076802320236,-0.6848828284589459,0.41332597876585453,0.7999392810961826
1,1,33.5,6.6855972222065345,5.723685957774691,-0.6951957583768831,0.3956125882570696,0.7998790298868118
1,1,33.6,6.615482608037044,5.762199319971651,-0.7081062099031357,0.3718274585332786,0.7997937630556397
1,1,33.7,6.543975980225905,5.798051449481348,-0.7229734598554245,0.3417284911001026,0.7996680469325231
1,1,33.800000000000004,6.470887916065957,5.830545018191672,-0.7393748391653965,0.3042329784694182,0.7995203924724055
1,1,33.9,6.396101012392829,5.858898045175231,-0.7564000255413674,0.2585523133269767,0.7993686867558126
1,1,34.0,6.319607910957686,5.882255480857066,-0.7728009700567355,0.20374142381667681,0.7992070489550741
1,1,34.1,6.24154081838148,5.899646329938567,-0.7867837008451595,0.13908974704077082,0.7989834476680171
1,1,34.2,6.162251170788652,5.9100734302652205,-0.7959409438382927,0.06806019930109741,0.7988455275002153
1,1,34.300000000000004,6.082352629613819,5.913258369798786,-0.7988735564303369,-0.0025929699435316422,0.7988777645277046
1,1,34.4,6.002476459502588,5.909554836276515,-0.7960056966525677,-0.06910051792785055,0.7989993433546969
1,1,34.5,5.92315149028331,5.899438266213216,-0.7882918157275149,-0.1312607698837418,0.7991454038242696
1,1,34.6,5.844818096357082,5.883302682299766,-0.7760443690202834,-0.19107308072114648,0.7992207360074934
1,1,34.7,5.767942616479251,5.861223650068986,-0.7595371617682254,-0.24882039135458456,0.7992548324913525
1,1,34.800000000000004,5.692910664003436,5.833538604028848,-0.7392926471565353,-0.3036209424243346,0.7992116708471908
1,1,34.9,5.620084087047948,5.800499461584121,-0.7149955110808648,-0.35695790349407375,0.7991479998928055
1,1,35.0,5.549911561787265,5.7621470233300345,-0.68575195763,-0.4102459527232476,0.7990979221091633
1,1,35.1,5.482933695521946,5.718450271039471,-0.6504250344044173,-0.4641251006501932,0.7990399454555069
1,1,35.2,5.41982655490638,5.669322003199994,-0.6071136747868913,-0.5192899193696228,0.798904897013501
1,1,35.300000000000004,5.361510960564566,5.614592287165545,-0.553929437824813,-0.5753725605030944,0.7986810411351958
1,1,35.4,5.309040667341419,5.554247491099378,-0.48903583401154904,-0.631019148547658,0.7983365285274016
1,1,35.5,5.263703793762258,5.488388457456015,-0.40972584953151525,-0.6846625787350185,0.7978960574500962
1,1,35.6,5.227095497435115,5.417314975352372,-0.3134525745901975,-0.733188117826348,0.7973815477166286
1,1,35.7,5.201013278844218,5.341750833890743,-0.20848609634789383,-0.7698372205674495,0.7975686795138079
1,1,35.800000000000004,5.185398278165535,5.263347531238881,-0.10970419389078856,-0.7905403815423497,0.7981159721533905
1,1,35.9,5.17907244006606,5.183642757582277,-0.02434743860634825,-0.798305125440816,0.7986763243465821
1,1,36.0,5.180528790444266,5.103686506150721,0.04596880902719036,-0.7978146793048388,0.7991379066954972
1,1,36.1,5.188266201871498,5.0240798217213065,0.10214855659229016,-0.7929230776907978,0.7994756623866266
1,1,36.2,5.200958501762725,4.945101890612559,0.14681814090243606,-0.7860807417912028,0.7996739955213344
1,1,36.300000000000004,5.217629830051986,4.8668636733630635,0.18116121049297362,-0.7790244015863692,0.7998114793213962
1,1,36.4,5.237190743861318,4.7892970102952885,0.20624467716010741,-0.7728377061575102,0.7998843584641964
1,1,36.5,5.258878765484007,4.712296132131565,0.22431989527812846,-0.7678450103392152,0.7999408573891073
1,1,36.6,5.2820547229169446,4.635728008227443,0.23641472790774998,-0.764246386500691,0.7999777889735809
1,1,36.7,5.306161711065558,4.559446854831424,0.24297607636462004,-0.7622051167822477,0.7999962585753669
1,1,36.800000000000004,5.330649938189869,4.4832869848709915,0.2438821474360502,-0.7619178319671036,0.799998302815369
1,1,36.9,5.3549381405527665,4.407063288438007,0.23912606540107362,-0.7634088401120849,0.7999839575363229
1,1,37.0,5.378475151270083,4.330605216848578,0.22845322378720567,-0.7666347771886066,0.7999498465865167
1,1,37.1,5.400628785310208,4.253736333000283,0.21077368220218418,-0.7716213265637037,0.799890627971723
1,1,37.2,5.42062988771052,4.176280951535834,0.18435900622346324,-0.7782513126549588,0.7997895653388267
1,1,37.300000000000004,5.4375005865549015,4.098086070469289,0.14668052140751442,-0.7860312865441159,0.7996001243037537
1,1,37.4,5.449965991992023,4.019074694227015,0.09431488818371037,-0.7936438932922734,0.7992283325140714
1,1,37.5,5.456363564191642,3.939357291810838,0.0231869481758622,-0.7982064464859704,0.798543152107305
1,1,37.6,5.454603381627196,3.859433404929819,-0.07029531042239867,-0.7943708533825955,0.7974750675545753
1,1,37.7,5.442304502107162,3.780483121134317,-0.1868447039776484,-0.7739586698554426,0.7961927945220938
1,1,37.800000000000004,5.417234440831666,3.704641670958728,-0.32072741518635084,-0.7275921849952844,0.7951455605851863
1,1,37.9,5.378159019069894,3.6349646841352627,-0.4430281712818491,-0.6619313739847179,0.7965093247505869
1,1,38.0,5.328628806575297,3.572255396161788,-0.5327576115599229,-0.5937313939399047,0.7977140094199524
1,1,38.1,5.271607496757908,3.5162184053472805,-0.5960348670449633,-0.5316075594672753,0.7986639844240253
1,1,38.2,5.209421833166303,3.465933884268331,-0.6394581170762841,-0.4794739235484968,0.799250853523308
1,1,38.300000000000004,5.143715873342649,3.4203236206375793,-0.6691063794520815,-0.4377389032258989,0.79957407062816
1,1,38.400000000000006,5.075600557275885,3.3783861036231504,-0.6894711835726035,-0.4052553656235247,0.7997514766123682
1,1,38.5,5.005821636628132,3.339272547512876,-0.7035586229639961,-0.38049620094028924,0.7998575466150128
1,1,38.6,4.934888832683089,3.3022868634350946,-0.7132929420048342,-0.3620703563441303,0.7999260991223359
1,1,38.7,4.863163048227163,3.266858476244049,-0.7199450276597688,-0.3487486841330174,0.7999665540111889
1,1,38.800000000000004,4.790899827151133,3.23253712660849,-0.7240988204840484,-0.34009430143785124,0.7999895222419418
1,1,38.900000000000006,4.718343284130351,3.198839615956478,-0.7260100327783832,-0.3360162994423881,0.7999984507396408
1,1,39.0,4.64569782059546,3.1653338667200144,-0.7260331701361835,-0.3359671889784632,0.7999988226291879
1,1,39.1,4.573136650103118,3.1316461781607865,-0.7240555810267679,-0.3401845665612804,0.7999887647601663
1,1,39.2,4.500886704390105,3.0972969534077572,-0.7198863971237408,-0.3488694239635457,0.799966436633723
1,1,39.300000000000004,4.429159370678367,3.061872293368076,-0.71332461499426,-0.3620062366379919,0.7999253225904973
1,1,39.400000000000006,4.358221781391251,3.024895706080158,-0.7036188313582628,-0.3803955392636027,0.7998626295393569
1,1,39.5,4.288435604406718,2.9857931855153574,-0.6895464891787633,-0.4051606635983518,0.7997684190227913
1,1,39.6,4.220312483555501,2.943863573360489,-0.6691651392445621,-0.4377103822749664,0.7996076302359123
1,1,39.7,4.154602576557804,2.898251109060363,-0.6394339743774999,-0.47958760968315417,0.7992997453707881
1,1,39.800000000000004,4.09242568868,2.847946051423857,-0.5958075991078147,-0.5319367482914181,0.7987135903047261
1,1,39.900000000000006,4.035441056736239,2.791863759402078,-0.5321510241678347,-0.594295930327851,0.7977295063661124
1,1,40.0,3.985995483846435,2.72908686535829,-0.44187205596110246,-0.6626171522957414,0.7964373197909609
1,1,40.1,3.9470666455440218,2.659340328942932,0.13672716212974478,-0.5271939990787491,0.5446355015317104
1,1,40.2,4.0133409162723845,2.6236480655425387,0.7009299767982675,-0.3314627823609744,0.7753517965832661
1,1,40.300000000000004,4.087252640903677,2.593047772470736,0.7443426481723776,-0.29272091344922835,0.7998321768088719
1,1,40.400000000000006,4.162209445906862,2.5651038828526924,0.7538479871071146,-0.2673762868901406,0.7998605293778455
1,1,40.5,4.2380222383250965,2.539572515092709,0.7616292466888268,-0.2444107856566191,0.7998848301831181
1,1,40.6,4.3145352952446245,2.51622172572137,0.767966272310769,-0.22378661029018154,0.7999078961680949
1,1,40.7,4.391615492787253,2.4948151930346723,0.7730745673092017,-0.2055280326907738,0.7999287836064215
1,1,40.800000000000004,4.469150208706467,2.4751161191832147,0.7771466758554482,-0.18962654863803508,0.7999469880820517
1,1,40.900000000000006,4.547044827958344,2.4568898833070647,0.780349447026726,-0.17605244988816793,0.799962326979554
1,1,41.0,4.625220098111808,2.439905629205582,0.7828233405017357,-0.16476448668443489,0.7999748236705214
1,1,41.1,4.7036094960586885,2.4239369859701787,0.784682999480669,-0.15571759161772114,0.7999846111102407
1,1,41.2,4.782156698007944,2.408762110882037,0.7860184810167574,-0.1488688170264414,0.799991860697809
1,1,41.300000000000004,4.860813192262042,2.3941632225648903,0.7868966947585889,-0.1441817180213949,0.799996735014333
1,1,41.400000000000006,4.939536036959664,2.379925767277758,0.7873627382652266,-0.1416294242910947,0.7999993596457079
1,1,41.5,5.0182857399150835,2.365837337706672,0.787440925005896,-0.1411966123700399,0.7999998085742999
1,1,41.6,5.09702422196084,2.3516864448037507,0.7871353825923499,-0.14288053460594874,0.7999980985590446
1,1,41.7,5.175712816433556,2.3372612307854816,0.786430160540796,-0.1466911934592101,0.7999941897580941
1,1,41.800000000000004,5.254310254069002,2.3223482061119083,0.7852888374800351,-0.1526506770125735,0.7999879920743448
1,1,41.900000000000006,5.332770583929565,2.3067310953829665,0.7836536663533735,-0.1607915980314285,0.7999793789758489
1,1,42.0,5.411040987339673,2.2901898865056234,0.7814443520097427,-0.1711545084963504,0.7999682125350694
1,1,42.1,5.48905945433151,2.272500193683697,0.7785566275371352,-0.18378409982546273,0.799954384718687
1,1,42.2,5.566752312847102,2.25343306654053,0.7748608915298512,-0.19872395548143906,0.799937879903574
1,1,42.300000000000004,5.644031632637483,2.232755402587409,0.7702012930580118,-0.21600961275251684,0.7999188612788959
1,1,42.400000000000006,5.7207925714587065,2.2102311439900264,0.7643958030579583,-0.2356597371284348,0.799897778116719
1,1,42.5,5.796910793249071,2.185623455161723,0.7572379773416777,-0.25766534607623726,0.7998754808700554
1,1,42.6,5.872240166927039,2.15869807477478,0.7483998421281299,-0.28222081257330345,0.799844304066076
1,1,42.7,5.9465907616747,2.129179292647062,0.7376853011897495,-0.3090597671458468,0.7998109421980025
1,1,42.800000000000004,6.019777227164991,2.0968861213456096,0.725050103476498,-0.33755478819818485,0.7997755232481185
1,1,42.900000000000006,6.091600782370001,2.0616683350074236,0.7111455853469053,-0.36596457981158537,0.7997862947281997
1,1,43.0,6.162006344234369,2.0236932053832946,0.6973727984693241,-0.39166249811468745,0.7998301897742883
1,1,43.1,6.231075342063863,1.9833358353844879,0.6846154458151865,-0.4136394336569076,0.7998724209051927
1,1,43.2,6.298929433397408,1.9409653186519118,0.6732177542491726,-0.43201063810815654,0.7999095799369551
1,1,43.300000000000004,6.3657188929137,1.8969337077628556,0.6634267996790975,-0.44695587248719804,0.79994041683318
1,1,43.400000000000006,6.431614793333229,1.8515741441544709,0.6554176614850711,-0.4586620793593674,0.7999645079807091
1,1,43.5,6.496802425210711,1.8052012918909843,0.6493060068907184,-0.4673038473960016,0.799981985031835
1,1,43.6,6.561475994711369,1.7581133746752724,0.6451601430646718,-0.47303026886578614,0.7999932783858035
1,1,43.7,6.625834453823647,1.7105952381178258,0.6430111082509313,-0.4759569172815681,0.7999989202756866
1,1,43.800000000000004,6.690078216361557,1.6629219912189575,0.6428600779304574,-0.4761617276651222,0.7999994191809066
1,1,43.900000000000006,6.754406469409741,1.6153628925848,0.6446828248619596,-0.47368383273023085,0.799995198774341
1,1,44.0,6.819014781333945,1.5681852246729133,0.6484312496157685,-0.4685247639622192,0.799986587340138
1,1,44.1,6.884092719332892,1.5216579397923584,0.654032167800473,-0.4606517910612311,0.7999738427759412
1,1,44.2,6.949821214894041,1.4760548664606659,0.6613836769805914,-0.4500035036457559,0.7999571997737274
1,1,44.300000000000004,7.016369454729012,1.431657239063206,0.6703461202143828,-0.4365032900723129,0.7999368994679702
1,1,44.400000000000006,7.083890438936921,1.388754208446202,0.6803917095799221,-0.42064711836446733,0.7999230442070158
1,1,44.5,7.152447796644992,1.3475278153903143,0.690661743697703,-0.40355362237474246,0.7999182272828441
1,1,44.6,7.22202278767646,1.3080434839712554,0.7007404690180721,-0.38577572783401415,0.7999125684132804
1,1,44.7,7.292595890448609,1.2703726698235105,0.7106152282696598,-0.3672545376165619,0.7999061807791558
1,1,44.800000000000004,7.364145833330394,1.234592576447942,0.7202648834847949,-0.34793225818264073,0.7998989677862054
1,1,44.900000000000006,7.4366488671455695,1.2007862181869813,0.7296607136375641,-0.3277508286716255,0.7998908442537748
1,1,45.0,7.510077976057904,1.1690424107136181,0.7387657850976339,-0.3066527678954447,0.7998817445653207
1,1,45.1,7.584402024165093,1.1394556646078937,0.7475343156264103,-0.28458228517821826,0.7998716334989648
1,1,45.2,7.659584839183187,1.1121259536779737,0.7559110793615673,-0.2614866929295143,0.7998605193912147
1,1,45.300000000000004,7.735584240037409,1.0871583260219901,0.763830915126313,-0.23731815398422818,0.7998484688446822
1,1,45.400000000000006,7.8123510222084525,1.0646623228811274,0.7712184170710259,-0.21203578645264365,0.7998356215911678
1,1,45.5,7.88982792345161,1.0447511687314621,0.7779879038936386,-0.1856081313797313,0.799822203392162
1,1,45.6,7.967948602987177,1.027540696605182,0.7840437786568231,-0.15801596227102177,0.7998085340773168
1,1,45.7,8.046636679182976,1.0131479762772573,0.789277825907007,-0.12928353632833378,0.799796048523654
1,1,45.800000000000004,8.125804168168582,1.0016839893395149,0.7935050965444788,-0.1001836728231531,0.7998044176812223
1,1,45.900000000000006,8.205337698491874,0.9931112417126263,0.7965381862958907,-0.07260688047700548,0.7998405099269161
1,1,46.0,8.285111805427757,0.9871626132441137,0.7984419637443523,-0.04790721924540531,0.7998779101361438
1,1,46.1,8.36502609124074,0.9835297978635457,0.7994774304960401,-0.02632182897498936,0.7999106203527612
1,1,46.2,8.445007291526968,0.9818982474491157,0.7998991230208006,-0.00788677280996719,0.7999380027194619
1,1,46.300000000000004,8.525005915844902,0.9819524433015522,0.7999256431870592,0.007405242328105466,0.7999599191473085
1,1,46.400000000000006,8.604992420164383,0.9833792959147368,0.7997367428174726,0.01958755279033575,0.7999765809301012
1,1,46.5,8.684953264408392,0.9858699538596192,0.7994721549602275,0.028729762022568828,0.7999882035271667
1,1,46.6,8.764886851156426,0.9891252483192504,0.7992375674494738,0.03482200228811916,0.799995788155104
1,1,46.7,8.84480077789829,0.9928343543172431,0.7991020332805476,0.037880909410425545,0.7999993893065583
1,1,46.800000000000004,8.924707257812537,0.9967014302013357,0.7990969115607669,0.03798968747483933,0.7999994315125432
1,1,46.900000000000006,9.004620160210445,1.000432291812211,0.7992228297932797,0.035156993283549376,0.7999957161382287
1,1,47.0,9.08455182377119,1.0037328288580454,0.7994468868324915,0.029435091689093085,0.7999885933492477
1,1,47.1,9.164509537576942,1.0063193101500294,0.7996931799673703,0.0215435006599618,0.7999833151428913
1,1,47.2,9.244490459764666,1.0080415289900377,0.7998803154273588,0.012743004262522284,0.7999818142719282
1,1,47.300000000000004,9.324485600662417,1.0088679110025338,0.7999722040882631,0.003654781669756524,0.7999805527279318
1,1,47.400000000000006,9.404484900582322,1.008772485323989,0.7999590099823664,-0.005693937413872696,0.799979273841042
1,1,47.5,9.484477402658886,1.0077291235197594,0.7998315806947573,-0.015304488776706648,0.7999779902306003
1,1,47.6,9.56445121672127,1.0057115875686478,0.7995804094665573,-0.02517769583116003,0.7999767168924817
1,1,47.7,9.6443934845522,1.0026935843535274,0.7991956518333581,-0.0353138032389273,0.7999754712543027
1,1,47.800000000000004,9.724290347087944,0.9986488269208622,0.7986671481018845,-0.04571240813178612,0.7999742731578339
1,1,47.900000000000006,9.80412691417258,0.9935511027271701,0.7979844522494304,-0.056372389436381454,0.7999731447508662
1,1,48.0,9.883887237537827,0.9873743490335862,0.7971368678148139,-0.06729183593725363,0.7999721102722384
1,1,48.1,9.96355428773554,0.9800927355397195,0.7961134913128873,-0.07846797384676485,0.7999711957127027
1,1,48.2,10.043109935800407,0.971680754264233,0.7949032636483437,-0.08989709479166574,0.7999704283351792
1,1,48.300000000000004,10.122534940465211,0.962113316581386,0.793495029928259,-0.10157448527090907,0.7999698360431466
1,1,48.400000000000006,10.20180894178606,0.951365857210051,0.7918776079649348,-0.1134943587834707,0.7999694465865169
1,1,48.5,10.280910462058195,0.9394144448246924,0.7900276085724158,-0.1257198786860343,0.7999681932448824
1,1,48.6,10.359814463500541,0.9262218814728443,0.7879399225189019,-0.13819440192795707,0.7999668832041229
1,1,48.7,10.438498446561978,0.9117755644391006,0.7856189283526689,-0.15081900958859684,0.7999646706194475
1,1,48.800000000000004,10.516938249171076,0.8960580795551245,0.7830482623508601,-0.16363078952648102,0.7999622593921297
1,1,48.900000000000006,10.595108099032151,0.8790494065338039,0.7802150750020971,-0.1766363514093081,0.7999599764361468
1,1,49.0,10.672981264171494,0.8607308092732636,0.7771100921928209,-0.18982218105536575,0.7999578462697585
1,1,49.1,10.750530117470712,0.8410849703227314,0.7737247478914853,-0.20317342215389544,0.799955889389826
1,1,49.2,10.827726213749793,0.8200961248424841,0.770051310967176,-0.2166738896278746,0.7999541211649196
1,1,49.300000000000004,10.90454037966415,0.7977501923971558,0.7660830136475454,-0.2303061002614335,0.7999525508534457
1,1,49.400000000000006,10.980942816479304,0.7740349047901967,0.7618141794809503,-0.24405132177566768,0.7999511808346083
1,1,49.5,11.056903215560338,0.7489399280420235,0.7572403484223287,-0.2578896412402165,0.7999500061489951
1,1,49.6,11.132390886163767,0.7224569765421543,0.7523583964589591,-0.27180005334626056,0.7999490144511251
1,1,49.7,11.207374894852132,0.6945799173727706,0.7471666470455176,-0.28576056864496113,0.7999481864780573
1,1,49.800000000000004,11.281824215572872,0.6653048628131613,0.7424680123129974,-0.2978788091216167,0.7999940838729533
1,1,49.81775452691995,11.295,0.6599999999999999,0.7421084485403744,-0.29878930804978154,0.799999999999918
1,2,0.0,10.649999999999999,4.139999999999999,-0.37788309855260493,0.7049902330666846,0.7998792814488547
1,2,0.1,10.612211690144738,4.210499023306667,-0.39806526533285336,0.6934090501559531,0.7995449119985043
1,2,0.2,10.570386946933429,4.278681810031189,-0.43616961784809405,0.670174065025261,0.7996106633645121
1,2,0.30000000000000004,10.524977766575121,4.3445338363117205,-0.469616366599773,0.6472713478260559,0.7996872698092244
1,2,0.4,10.476463673613475,4.4081360795964,-0.4983782929095284,0.6254876684926884,0.7997598053664832
1,2,0.5,10.425302107993216,4.469631370010259,-0.5223866337988028,0.6056723714635943,0.7998292422298516
1,2,0.6000000000000001,10.371986346853713,4.529270553889119,-0.5416780792582117,0.5885589933534199,0.7998855106864085
1,2,0.7000000000000001,10.316966492141574,4.587343168680943,-0.5566620922240446,0.5744709001985484,0.799930934577593
1,2,0.8,10.260653928408905,4.644164733928829,-0.5677031204381677,0.56361012102019,0.7999645001321158
1,2,0.9,10.203425868053941,4.700065192884981,-0.5749589331435132,0.5562389585791649,0.799987221049662
1,2,1.0,10.145662141780202,4.755412525644662,-0.5785716091086712,0.5524959768943702,0.7999980695920844
1,2,1.1,10.087711546232205,4.810564388263855,-0.5787259415736656,0.5523350664290128,0.7999985881596715
1,2,1.2000000000000002,10.029916953465468,4.865879538930464,-0.5756672694069067,0.5555120367414297,0.799991517474414
1,2,1.3,9.972578092350822,4.92166679561214,-0.5739747274895421,0.5572653886896681,0.7999948132507742
1,2,1.4000000000000001,9.915122007967563,4.977332616668399,-0.5814942507607697,0.5492865000090568,0.7999070088204181
1,2,1.5,9.856279242198667,5.03152409561395,-0.6013252311704989,0.5271439858631872,0.7996704417908556
1,2,1.6,9.794856961733466,5.082761413841037,-0.6321171172925233,0.48915567245271063,0.7992780003646248
1,2,1.7000000000000002,9.729855818740162,5.129355230104492,-0.670195381491979,0.43471928262291115,0.7988383466367633
1,2,1.8,9.660817885435067,5.169705270365618,-0.7084681373175172,0.36875279453484566,0.7986900056163283
1,2,1.9000000000000001,9.58816219127666,5.203105789011462,-0.7410113598152179,0.29806348243328173,0.7987112588009848
1,2,2.0,9.512615613472022,5.229317966852274,-0.7665868383533052,0.22402162907147627,0.7986495295361755
1,2,2.1,9.434844823606001,5.247910114825758,-0.7853026086972363,0.1445399797763791,0.7984935772944206
1,2,2.2,9.355555091732574,5.25822596280755,-0.7961614620202795,0.05718220177675093,0.7982123012120936
1,2,2.3000000000000003,9.275612531201945,5.259346555181108,-0.7967383493985736,-0.04035496993885701,0.797759688754157
1,2,2.4000000000000004,9.19620742185286,5.250154968819778,-0.78385028138824,-0.1464190321893959,0.7974081744123911
1,2,2.5,9.1188424749243,5.23006274874323,-0.757690439069215,-0.24965210562386986,0.7977599734878478
1,2,2.6,9.044669334039016,5.2002245476950035,-0.7230607404162157,-0.3384587363107947,0.7983552783794606
1,2,2.7,8.974230326841056,5.1623710014810715,-0.685780969091617,-0.4097793536032093,0.7988833808558677
1,2,2.8000000000000003,8.907513140220694,5.1182686769743615,-0.6500454211658919,-0.46502940583568275,0.7992567784327074
1,2,2.9000000000000004,8.844221242607878,5.069365120313935,-0.6179067908597915,-0.5073641054332967,0.799516815128222
1,2,3.0,8.783931782048736,5.016795855887703,-0.5902885663357296,-0.5395153056354935,0.7996982909583157
1,2,3.1,8.726163529340731,4.961462059186835,-0.5675693395175117,-0.5635429354711867,0.7998222272979331
1,2,3.2,8.670417914145233,4.904087268793465,-0.5494477392524217,-0.5813275519593084,0.7998965813382375
1,2,3.3000000000000003,8.616273981490247,4.8451965487949735,-0.5352867916954693,-0.5944543516213869,0.7999424513833682
1,2,3.4000000000000004,8.56336055580614,4.785196398469187,-0.5252297640992367,-0.6034044626719357,0.7999770313378675
1,2,3.5,8.511228028670402,4.7245156562605874,-0.5198087125815931,-0.6081056590397651,0.7999959938849196
1,2,3.6,8.45939881328982,4.663575266661234,-0.5193021580512891,-0.6085407396383289,0.7999978519697978
1,2,3.7,8.407367597060144,4.602807508332922,-0.5239879535891205,-0.6044862044332646,0.7999793415186726
1,2,3.8000000000000003,8.354601222571995,4.542678025774581,-0.5338686629120275,-0.595725164828707,0.7999401360412329
1,2,3.9000000000000004,8.300593864477738,4.48366247536718,-0.5487419966204925,-0.5819698648426019,0.7998791799015404
1,2,4.0,8.244852823247898,4.426284052806062,-0.5683336715494534,-0.5627352393651499,0.7997962939650536
1,2,4.1000000000000005,8.186927130167847,4.37111542749415,-0.5917473836001221,-0.5379264425552392,0.7997060857575895
1,2,4.2,8.126503346527874,4.318698764295013,-0.6178950307377136,-0.5075234873934455,0.7996088789316718
1,2,4.3,8.063348124020305,4.2696107300154615,-0.6456999422839758,-0.471486861346083,0.7995175269420365
1,2,4.4,7.997363358071078,4.224401392025796,-0.6734880755320418,-0.43074688282109364,0.799455480276383
1,2,4.5,7.928650508913896,4.183461353451243,-0.6997487363065957,-0.38654728654576687,0.7994167240548404
1,2,4.6000000000000005,7.8574136108097585,4.147091934716642,-0.723450047606562,-0.34013171068302483,0.7994182584818148
1,2,4.7,7.783960499392583,4.115435011314638,-0.7181472959911304,-0.022548297253713656,0.7185011930737583
1,2,4.800000000000001,7.713784151611533,4.1425822752659,-0.6666842325320275,0.3805750340259486,0.7676621798881786
1,2,4.9,7.650623652886176,4.191550018119828,-0.5929468028882212,0.5328503789913626,0.797192221140298
1,2,5.0,7.595194791033889,4.249152351064172,-0.5149471208323178,0.6093554539044064,0.7977998536328136
1,2,5.1000000000000005,7.547634228719712,4.313421108900709,-0.4401532095583818,0.6661701377714166,0.7984469301982023
1,2,5.2,7.507164149122212,4.382386378618456,-0.3745867831205203,0.7057102474478611,0.7989632103179102
1,2,5.300000000000001,7.472716872095608,4.454563158390282,-0.3196912111765613,0.7326450515310228,0.7993567676803842
1,2,5.4,7.443225906886899,4.528915388924661,-0.2750565734342274,0.7508206561678605,0.7996172686465164
1,2,5.5,7.4177055574087625,4.604727289623853,-0.2407781416038972,0.7626931387760472,0.7997968100775877
1,2,5.6000000000000005,7.395070278566119,4.68145401667987,-0.2152560916908115,0.770379805037166,0.7998876352457918
1,2,5.7,7.3746543390706005,4.758803250631287,-0.19742988229104697,0.7752116303513503,0.7999572677671323
1,2,5.800000000000001,7.35558430210791,4.836496342750141,-0.18703869379758942,0.7778147767703381,0.7999870623577604
1,2,5.9,7.337246600311082,4.914366205985354,-0.1831581404489242,0.778750293118545,0.7999993271527968
1,2,6.0,7.318952674018125,4.9922464013738495,-0.1861431449558637,0.7780322429240307,0.7999896508352202
1,2,6.1000000000000005,7.30001797131991,5.069972654570161,-0.19591204646169302,0.7755984076917279,0.7999590114266808
1,2,6.2,7.279770264725787,5.147366082912195,-0.21343012383807292,0.7708875250767271,0.7998874883884962
1,2,6.300000000000001,7.257331946552296,5.224150159585506,-0.23934900545449267,0.763126237413779,0.7997809704171301
1,2,6.4,7.231900463634888,5.299991330394952,-0.2753253431590039,0.7506761046233343,0.7995740482519967
1,2,6.5,7.202266877920494,5.374285380510172,-0.3234977353464856,0.7308412355906526,0.7992369463519418
1,2,6.6000000000000005,7.167200916565591,5.446159577513082,-0.3845509969488745,0.7000006212910748,0.7986741131790012
1,2,6.7,7.1253566785307205,5.514285504768387,-0.4588312255840421,0.652697571477443,0.7978347030453776
1,2,6.800000000000001,7.0754346714487815,5.576699091808571,-0.5430868384651362,0.583081900977291,0.7968235798226281
1,2,6.9,7.016739310837693,5.630901884963845,-0.6275724319544196,0.49001103322074613,0.7962147763180785
1,2,7.0,6.949920185057898,5.67470129845272,-0.6964216360761526,0.3876710749541594,0.7970520419339623
1,2,7.1000000000000005,6.877454983622462,5.708436099954677,-0.7413486757687338,0.2958915262474342,0.7982165460381607
1,2,7.2,6.801650449904151,5.733879603702207,-0.7675525190633437,0.22191110126797042,0.7989877385707793
1,2,7.300000000000001,6.723944479809792,5.752818320208272,-0.7825110327695555,0.16351672261246009,0.7994130565483633
1,2,7.4,6.645148243350239,5.766582948224699,-0.7907976018568661,0.11890139381420894,0.7996864313926629
1,2,7.5,6.56578495943842,5.7765985989711135,-0.7951683506040723,0.08617281291843071,0.7998240178243434
1,2,7.6000000000000005,6.486114573229425,5.783817510808386,-0.7974813842503394,0.06236266493682052,0.7999160332208998
1,2,7.7,6.406288682588352,5.789071131958478,-0.798607266960655,0.046640028957114055,0.7999680363261318
1,2,7.800000000000001,6.326393119837294,5.793145516599808,-0.7991860292649022,0.03556840136628381,0.7999771375157881
1,2,7.9,6.246451476735372,5.7961848122317345,-0.799584571620759,0.024981284166592843,0.7999747194334111
1,2,8.0,6.166476205513143,5.798141773433127,-0.7998505983963256,0.013919918282248034,0.7999717144249192
1,2,8.1,6.086481357056107,5.798968795888184,-0.7999663180240013,0.0023367334711075216,0.7999697308624824
1,2,8.200000000000001,6.006482941908342,5.798609120127348,-0.7999053624785688,-0.009929214632677485,0.7999669857095306
1,2,8.3,5.926500284560393,5.796982952961649,-0.7996458843955914,-0.022613389946155138,0.7999655654062019
1,2,8.4,5.846553765029224,5.794086442138117,-0.7991781833142468,-0.03542889475150446,0.7999631086923777
1,2,8.5,5.766664647897544,5.789897174011348,-0.7984962791456276,-0.048409351929475264,0.7999623573416713
1,2,8.6,5.686854509200099,5.784404571752222,-0.7976016507259018,-0.061425926560875865,0.7999634602246191
1,2,8.700000000000001,5.607144317752363,5.7776119886991735,-0.79649937050646,-0.07438600813058471,0.7999653276378862
1,2,8.8,5.527554635098806,5.769527370126105,-0.795333924744277,-0.0860614918675573,0.7999766448038373
1,2,8.9,5.4480775328035085,5.760399690325662,-0.7943549565717447,-0.09477570640068222,0.7999888946440736
1,2,9.0,5.368683643784458,5.750572228845969,-0.7937029436247336,-0.10015113715414614,0.7999966331128123
1,2,9.1,5.2893369440785625,5.740369462894833,-0.7934305423588341,-0.10231129038386655,0.7999997660548693
1,2,9.200000000000001,5.209997535312691,5.730109970769195,-0.7935660373541857,-0.10124306251669069,0.7999982583417188
1,2,9.3,5.130623736607724,5.720120850391495,-0.7940906870358404,-0.0969930138131403,0.7999922899413525
1,2,9.4,5.051179397905523,5.710711368006567,-0.7949432345002627,-0.08964834165660918,0.7999822318273825
1,2,9.5,4.971635089707672,5.702191182060172,-0.7960503819751281,-0.07907108154174836,0.7999677784629387
1,2,9.600000000000001,4.891969321510496,5.694897151698218,-0.7972947332803066,-0.06509217743645834,0.7999474253223987
1,2,9.700000000000001,4.812176143051611,5.689172746572881,-0.7984887038642867,-0.04786737722269052,0.7999221812158029
1,2,9.8,4.732271580737639,5.685323676253679,-0.7994211464411158,-0.027442127629026203,0.7998920175536419
1,2,9.9,4.6522919137633885,5.6836843210470755,-0.7998517464242312,-0.0035413172390832415,0.7998595859184788
1,2,10.0,4.572301231452793,5.684615412805862,-0.7994798436485624,0.023662317729254312,0.7998299354741918
1,2,10.100000000000001,4.492395945033675,5.688416784592927,-0.7982467679542822,0.05075262773318201,0.7998585698554967
1,2,10.200000000000001,4.412651877861936,5.694765938352498,-0.7964764669984525,0.07394766419768217,0.7999018811845802
1,2,10.3,4.333100651633984,5.703206317432463,-0.7945652076652259,0.09258303867825646,0.7999409279959259
1,2,10.4,4.253738836328892,5.713282546088149,-0.7928070738386062,0.10680557846725236,0.7999690543516402
1,2,10.5,4.174539236866264,5.724567433125913,-0.7914705569670417,0.11643088701275062,0.7999886211667607
1,2,10.600000000000001,4.095444724935482,5.7365687234906995,-0.7907312596104141,0.12141112404808396,0.7999978662269615
1,2,10.700000000000001,4.01639298494418,5.74884965793553,-0.790635988740771,0.12203866847940148,0.7999991895597907
1,2,10.8,3.937317527187328,5.76097645718658,-0.7912155670936052,0.11817126505314945,0.7999915758903445
1,2,10.9,3.8581498715254594,5.77248391094616,-0.7924102504402484,0.1097523400381526,0.799974737817781
1,2,11.0,3.7788354770992787,5.78292692519421,-0.7940606997890747,0.09687562945847006,0.7999482999122443
1,2,11.100000000000001,3.6993377315676432,5.791859036837854,-0.7959560585235508,0.07947896155118883,0.7999143406825518
1,2,11.200000000000001,3.6196442653945677,5.798822717504448,-0.7978194350121903,0.057240388603400305,0.7998701850742024
1,2,11.3,3.539773844565205,5.8033071145585335,-0.7992490249680486,0.03008831337948692,0.7998151727207973
1,2,11.4,3.459794460400959,5.804840380180345,-0.7997496904041981,-0.0014852891764398635,0.7997510696370143
1,2,11.5,3.3798239064843663,5.803010056723246,-0.7988212111840767,-0.03716159385943385,0.7996851327214786
1,2,11.600000000000001,3.300030218164143,5.797408061408459,-0.7959220277229093,-0.07687480798190194,0.7996259189876238
1,2,11.700000000000001,3.2206395009397837,5.787635095126866,-0.7904518481757279,-0.12034054135760641,0.7995598602848105
1,2,11.8,3.1419398485289984,5.773339953136937,-0.7821276253464173,-0.16584706618939649,0.7995178995455048
1,2,11.9,3.064213975870501,5.754465681888987,-0.7708412328693388,-0.2121000720097932,0.7994889910674704
1,2,12.0,2.987771601955131,5.730919938734979,-0.036393163726783584,-0.2606946300731394,0.2632226291849078
1,2,12.100000000000001,3.0569353431251467,5.702326755874358,0.7248481969284519,-0.27068754443724785,0.7737419823842409
1,2,12.200000000000001,3.132741241340822,5.6767824298475285,0.7628658857977211,-0.24017406788147255,0.7997799338547298
1,2,12.3,3.2095085202846905,5.654291942298063,0.7716507951869502,-0.2103140192958044,0.7997980597782222
1,2,12.4,3.2870714003782115,5.634719625988368,0.7788979629106727,-0.1817188009525985,0.7998148280983829
1,2,12.5,3.3652881128668244,5.617948182107544,0.7848230643551517,-0.15420869554180427,0.7998297094535283
1,2,12.600000000000001,3.444036013249243,5.603877886880007,0.7895970897421414,-0.12761287935697752,0.7998428665100651
1,2,12.700000000000001,3.5232075308152533,5.592425606236149,0.7933539435639112,-0.10177062552554617,0.7998548243201828
1,2,12.8,3.6027068019620243,5.583523761774898,0.7961965939827884,-0.07653135219925744,0.799866278911194
1,2,12.9,3.682446849611811,5.577119335796297,0.7982051295702703,-0.051657842279862365,0.7998749661924063
1,2,13.0,3.762347827876078,5.573192193318926,0.7994250619243708,-0.02688431507012723,0.799876988061023
1,2,13.100000000000001,3.8423318619966857,5.5717424727822715,0.799872309950473,-0.002380621383988313,0.79987585260694
1,2,13.200000000000001,3.922322289866173,5.572716069042128,0.79957047990791,0.021834781908037115,0.7998685579775824
1,2,13.3,4.002245957978267,5.576109429163879,0.798533963030188,0.046070921490358074,0.7998618755258112
1,2,13.4,4.082029082472211,5.581930253340199,0.7967487110874778,0.07043827821449256,0.7998562743752027
1,2,13.5,4.161595700195762,5.5901970848067775,0.7941851968303837,0.09504355252269647,0.7998521136689268
1,2,13.600000000000001,4.240866121838288,5.600938963844738,0.7907982150423649,0.11999013282352422,0.7998496414259354
1,2,13.700000000000001,4.3197553432042355,5.614195111371482,0.7865262766502568,0.1453781720488756,0.7998489837272963
1,2,13.8,4.398171377168339,5.630014598254514,0.781290665993204,0.17130416761183298,0.7998501250917495
1,2,13.9,4.476013476402876,5.648455944893849,0.7748955424697037,0.19819394445367777,0.7998399473379183
1,2,14.0,4.553150485662279,5.6696533871452495,0.7672965228484898,0.22579264289229428,0.799828901428093
1,2,14.100000000000001,4.629472780972574,5.693614473472308,0.7584611512942843,0.2538194432001717,0.799804743527504
1,2,14.200000000000001,4.704842715921136,5.720417275785285,0.7481610800397576,0.2826696431817517,0.7997794251309265
1,2,14.3,4.779104996980525,5.750148402108658,0.7362129115084635,0.3124025781483688,0.7997529755527742
1,2,14.4,4.852085298222828,5.782897791414959,0.7224161021209454,0.3430375542234003,0.7997248203045799
1,2,14.5,4.923588217404713,5.818755912953337,0.7065513690320557,0.3745615490254366,0.7996944360750591
1,2,14.600000000000001,4.9933955720292404,5.857810101220046,0.6883854929106441,0.4069199640166232,0.79966145584561
1,2,14.700000000000001,5.0612653159868435,5.900139905756662,0.6676793549195814,0.44000647275214533,0.7996257981391125
1,2,14.8,5.126931443013156,5.945811395770475,0.6442000190934287,0.473652814008787,0.7995878018194228
1,2,14.9,5.190105319805529,5.994870468558419,0.617737458297551,0.5076199059792579,0.799548332704352
1,2,15.0,5.250478934672666,6.047335376966326,0.5881429820440296,0.5415756904826807,0.799510097403051
1,2,15.100000000000001,5.307733916214335,6.103185606654956,0.5561250704843097,0.5744184396859815,0.7995196294478679
1,2,15.200000000000001,5.361703948769528,6.162219064903523,0.5241185387600034,0.6038806027602952,0.7996074193390521
1,2,15.3,5.412557623966336,6.223961727207015,0.49441925941055587,0.6285499883942869,0.7997033775010212
1,2,15.4,5.460587800651639,6.287929062582379,0.46791485039476655,0.6486238504966018,0.7997857254621358
1,2,15.5,5.506140594045289,6.3536864973063345,0.4450257842283989,0.6646177565882816,0.7998529308570056
1,2,15.600000000000001,5.549592957497319,6.420852613900037,0.4259778250043347,0.6770463581378188,0.7999055434631686
1,2,15.700000000000001,5.591336159046156,6.4890957689338995,0.4108600836644918,0.6863716531185204,0.799945032207491
1,2,15.8,5.631764974230217,6.55812694452374,0.3996773284843371,0.6929753165765931,0.7999729722239409
1,2,15.9,5.671271624743023,6.627690832249218,0.3923912920807595,0.6971470975948009,0.79999062606112
1,2,16.0,5.710243232646369,6.6975563640427005,0.38894985766243195,0.6990823464678257,0.7999988243232532
1,2,16.1,5.749061596275509,6.767507301542784,0.38930501753682734,0.6988836965490179,0.7999980112358839
1,2,16.2,5.7881042361537345,6.8373331033525035,0.39342099346372095,0.6965639025346846,0.7999883426727734
1,2,16.3,5.827745794968253,6.90682008204972,0.4012188176276865,0.6920814453643089,0.7999707911143442
1,2,16.400000000000002,5.868347999679273,6.975749392425368,0.4118391882792274,0.6857990445952069,0.799957402972303
1,2,16.5,5.910113632624098,7.043979890968762,0.4235727283435686,0.6786122189066219,0.7999552486519378
1,2,16.6,5.953062545347986,7.111471836206693,0.4354211657540503,0.6710706181750794,0.7999546025647327
1,2,16.7,5.997197865774908,7.178194014603778,0.4472988014327264,0.6632119850518521,0.7999539704755341
1,2,16.8,6.042522305634531,7.244114233217062,0.4592010446003876,0.6550265073899695,0.7999533266044895
1,2,16.900000000000002,6.089038074694987,7.309199316081774,0.4711224204829776,0.6465043711963006,0.7999526467595839
1,2,17.0,6.136746789731126,7.373415107456322,0.4830565183450659,0.6376358337043442,0.7999519087667027
1,2,17.1,6.185649378363999,7.436726482822642,0.49499594140231196,0.628411305630884,0.7999510929109812
1,2,17.2,6.235745978011589,7.499097368582499,0.5069322597341035,0.6188214430079455,0.7999501823773532
1,2,17.3,6.28703583031082,7.560490771424231,0.5188559674717936,0.6088572488561041,0.7999491636758644
1,2,17.400000000000002,6.339517171505949,7.6208688183537205,0.5307564456903044,0.5985101848054271,0.7999480270352766
1,2,17.5,6.39318711944888,7.680192808385315,0.5426219325762638,0.5877722925734616,0.7999467667475519
1,2,17.6,6.448041558021201,7.738423276868414,0.5544395025768658,0.5766363249728244,0.7999453814454128
1,2,17.7,6.504075019964253,7.79552007337988,0.5661950563419751,0.5650958858435828,0.7999438742958384
1,2,17.8,6.561280569289595,7.851442454037129,0.5778652890613856,0.5531543344167318,0.799942504175154
1,2,17.900000000000002,6.6196480777765325,7.906150940263228,0.5890611425195047,0.5412252048311643,0.7999485933301714
1,2,18.0,6.679092797793496,7.959687495003361,0.5988067088373157,0.5304469973702837,0.7999646814502047
1,2,18.1,6.739409419543995,8.012240339737286,0.6064760922204329,0.5216828201486479,0.7999788842670871
1,2,18.2,6.800388016237583,8.064024059033091,0.6120862395631192,0.5151054433951572,0.7999894889796001
1,2,18.3,6.861826667456619,8.115261428416318,0.6157103860716973,0.5107787786464542,0.7999964001369768
1,2,18.400000000000002,6.923530093451923,8.166179814762383,0.6174059502891467,0.5087330139255144,0.7999996168187719
1,2,18.5,6.985307857514448,8.21700803120142,0.6172113798459335,0.5089684394636294,0.7999992248629766
1,2,18.6,7.046972369421109,8.267973502655108,0.6151452015096481,0.5114577392244755,0.7999953987073658
1,2,18.7,7.108336897816377,8.319299579046314,0.6112070719167377,0.5161466698138923,0.7999884183667932
1,2,18.8,7.169213783804457,8.371202836617886,0.6053785364573869,0.5229557173450416,0.7999786589073203
1,2,18.900000000000002,7.229412605107856,8.423890722515324,0.5975921751768496,0.5318163486487464,0.7999656470891007
1,2,19.0,7.288732218839825,8.477566106347634,0.5878287312558115,0.5425654878621771,0.7999499521275936
1,2,19.1,7.346978351359019,8.53240382008776,0.5760884497569947,0.5549876607951987,0.7999307504892806
1,2,19.200000000000003,7.403949908791225,8.588563638506676,0.5624543210062498,0.5687748863077289,0.7999123292667587
1,2,19.3,7.459469215560268,8.646158797349305,0.5483757918785201,0.5823749639488085,0.799922876127924
1,2,19.400000000000002,7.513625067166929,8.705038631296437,0.5361128584386705,0.5937203341843684,0.7999505185992944
1,2,19.5,7.566691787248002,8.764902864186178,0.526628364174158,0.6021783888878787,0.7999726532803173
1,2,19.6,7.618950740001761,8.825474309074012,0.5199531187422579,0.6079719355969218,0.7999882000150178
1,2,19.700000000000003,7.670682410996455,8.886497251305565,0.5160857843367381,0.6112699768483054,0.7999972008642243
1,2,19.8,7.722167896869109,8.947728304443674,0.5150452193493535,0.6121501373713727,0.7999996054114116
1,2,19.900000000000002,7.773691454866325,9.00892727877984,0.5168783610060927,0.6105974520896993,0.799995305345461
1,2,20.0,7.825543569070327,9.069847794861612,0.5216627726469554,0.6065000386570532,0.7999839656247593
1,2,20.1,7.878024009395716,9.13022728651125,0.529503508736191,0.5996411337383876,0.7999646586162393
1,2,20.200000000000003,7.9314442708175665,9.189776021609292,0.5405227868268838,0.5896878013755398,0.7999353637452334
1,2,20.3,7.986128566761093,9.248164846786358,0.5548396553426329,0.5761778763805268,0.799892485507337
1,2,20.400000000000002,8.042412201886092,9.305011596885398,0.5725355896804771,0.5585088342167381,0.7998306816751353
1,2,20.5,8.100635684697187,9.359866613629706,0.5936012788982126,0.5359357566231324,0.7997434673298701
1,2,20.6,8.161132457665735,9.412198748210026,0.6178609894719784,0.5075906115037441,0.7996251816932962
1,2,20.700000000000003,8.224207882591584,9.461384735930455,0.6448759166033753,0.47254093051385127,0.7994747518376923
1,2,20.8,8.29010764098641,9.506706934312795,0.6738394822234426,0.429909608208483,0.7993008939273923
1,2,20.900000000000002,8.358975779036271,9.547366657572152,0.7034967210040932,0.37907228799136305,0.7991266708016432
1,2,21.0,8.430806985187228,9.582521391911067,0.732226028768757,0.31967314703797456,0.7989655049772969
1,2,21.1,8.505420984790021,9.611301286979746,0.758125130943867,0.25162183821522177,0.7987911264125702
1,2,21.200000000000003,8.582432011376003,9.632845759554112,0.7786139780154357,0.17810186763841074,0.7987239836247009
1,2,21.3,8.661143780393108,9.646921660507429,0.7920304830656022,0.10285598939158547,0.7986811883717139
1,2,21.400000000000002,8.740838107989124,9.653416957432428,0.7982546346755228,0.02815001806875017,0.7987508280422772
1,2,21.5,8.820794707328211,9.65255166412118,0.7977564424119947,-0.04291954161348599,0.7989101504312948
1,2,21.6,8.900389396471523,9.644833049109732,0.791821706564285,-0.10793429565776336,0.7991441842155358
1,2,21.700000000000003,8.97915904864107,9.630964804989627,0.7814732504539421,-0.16776545157021872,0.7992782293517128
1,2,21.8,9.05668404656231,9.611279958795688,0.7684794693414574,-0.2203630422923908,0.7994501643052466
1,2,21.900000000000002,9.132854942509361,9.586892196531148,0.7546401402904905,-0.26420201271358223,0.799552652962617
1,2,22.0,9.207612074620409,9.55843955625297,0.7397264469932452,-0.30363631197641894,0.7996188006368357
1,2,22.1,9.28080023190801,9.526164934135863,0.3642137728277888,-0.121289083207607,0.383878514666807
1,2,22.200000000000003,9.280454829185967,9.534181739611448,-0.34395863373470803,0.24678814301250185,0.42333429964061037
1,2,22.3,9.212008505161071,9.575522562738364,-0.7037030427951336,0.37746103568244394,0.7985454313297352
1,2,22.400000000000002,9.13971422062694,9.609673946747936,-0.7395725317328399,0.3005199303320154,0.798298038467139
1,2,22.5,9.064093998814503,9.635626548804767,-0.7685138363176236,0.21574917504980107,0.7982237926460855
1,2,22.6,8.986011453363416,9.652823781757895,-0.7881062700936496,0.12695436106400138,0.7982661854006428
1,2,22.700000000000003,8.90647274479577,9.661017421017569,-0.7975299243271863,0.04191140183179698,0.7986304187800725
1,2,22.8,8.82650546849798,9.661206062124256,-0.7982272085212188,-0.03364272095025456,0.7989358604396939
1,2,22.900000000000002,8.746827303091528,9.654288876827518,-0.7934588060749661,-0.09676111553732625,0.7993369692551061
1,2,23.0,8.667813707282987,9.641853839016791,-0.7862502320371192,-0.14552859305272392,0.799604901669774
1,2,23.1,8.589577256684107,9.625183158216974,-0.7791061666825954,-0.1808356974947074,0.7998174594563721
1,2,23.200000000000003,8.511992473946465,9.60568669951785,-0.7737358515707626,-0.20305868710486408,0.7999374965675033
1,2,23.3,8.434830086369955,9.584571420796001,-0.7709633428884786,-0.2135500346648982,0.7999925583298616
1,2,23.400000000000002,8.357799805368769,9.562976692584872,-0.7711500519419872,-0.21286274415123074,0.7999893439651068
1,2,23.5,8.280600075981559,9.541998871965754,-0.7742065877507898,-0.20123428751738004,0.7999319214716644
1,2,23.6,8.202958487818613,9.522729835081396,-0.77965215649958,-0.17846335287993043,0.7998166373960923
1,2,23.700000000000003,8.12466964468164,9.506306201389767,-0.7864693214604657,-0.14462301718545945,0.7996560577512754
1,2,23.8,8.04566462352652,9.493805231644304,-0.7929942396933285,-0.10226545040378454,0.7995611837333583
1,2,23.900000000000002,7.966070796742976,9.48585311130901,-0.797331895529716,-0.06191853106289358,0.799732490347864
1,2,24.0,7.8861982444205765,9.481421525431726,-0.7991955208761397,-0.03346948439742192,0.7998960476051331
1,2,24.1,7.806231692567749,9.479159214429528,-0.7997749104424869,-0.01809552399428327,0.7999795968410168
1,2,24.200000000000003,7.726243262332076,9.47780242063287,-0.7998417644543281,-0.01558769091042933,0.7999936401455526
1,2,24.3,7.646263339676883,9.47604167624744,-0.7995068180425449,-0.02615070015625065,0.7999343793181894
1,2,24.400000000000002,7.566341898723568,9.47257228060162,-0.7981963573070203,-0.05039829585793143,0.7997858544908005
1,2,24.5,7.486624068215479,9.465962017075855,-0.7945593151947463,-0.08908939385531056,0.7995382576589133
1,2,24.6,7.40743003568462,9.454754401830558,-0.7864588598526012,-0.14212371952333314,0.7991975287072656
1,2,24.700000000000003,7.329332296244957,9.437537273171188,-0.7713802651294301,-0.20777518923070204,0.7988729828270599
1,2,24.8,7.253153982658734,9.413199363984418,-0.7513410578018309,-0.272360399942535,0.7991830657587984
1,2,24.900000000000002,7.179064084684591,9.38306519318268,-0.7317903598400903,-0.3221469281811835,0.7995597376628351
1,2,25.0,7.106795910690717,9.348769978348182,-0.7165312048118366,-0.3554062474826054,0.7998315874099804
1,2,25.1,7.035757843722225,9.31198394368616,-0.7075029761940712,-0.3733373034171379,0.799963251309864
1,2,25.200000000000003,6.965295315451901,9.274102517664753,-0.7052537391050251,-0.377635748991608,0.7999947471315494
1,2,25.3,6.89470709590122,9.23645679388784,-0.7099332280186488,-0.368620767596866,0.7999290334452684
1,2,25.400000000000002,6.823308669848172,9.20037836414538,-0.7210439469986767,-0.3460133886148924,0.7997684906297515
1,2,25.5,6.750498306501484,9.16725411616486,-0.7378194531973605,-0.30782835963688626,0.7994597203819517
1,2,25.6,6.675744779208699,9.138812692218004,-0.7571341392953741,-0.25599739316627534,0.7992413716734611
1,2,25.700000000000003,6.599071478642406,9.116054637531604,-0.7736256687183314,-0.20120906181970355,0.7993633478326678
1,2,25.8,6.521019645465033,9.098570879854062,-0.7847873982979365,-0.15309092625776088,0.7995799473659299
1,2,25.900000000000002,6.442113998982819,9.085436452280053,-0.7914766014470658,-0.1147939202597712,0.7997579976260344
1,2,26.0,6.362724325175622,9.075612095802107,-0.7952149624584379,-0.08621344793743901,0.7998747371451584
1,2,26.1,6.283071006491132,9.068193762692564,-0.7971353685901867,-0.06711698360155083,0.7999559271267285
1,2,26.200000000000003,6.203297251457582,9.062188699081796,-0.797920573835448,-0.057550068100205465,0.7999932827769424
1,2,26.3,6.123486891724043,9.056683749072523,-0.7979512178464212,-0.05714598261874215,0.7999948808536517
1,2,26.400000000000002,6.043707007888298,9.050759502558046,-0.7972845692535628,-0.06545538104220583,0.7999669313648031
1,2,26.5,5.964029977873331,9.043592672864083,-0.7960836373577003,-0.07863569362115896,0.7999579551326103
1,2,26.6,5.88449028041676,9.035032363833814,-0.7946727805482574,-0.09187830019921961,0.7999665306697504
1,2,26.700000000000003,5.805095421763677,9.025217012824239,-0.793272318636248,-0.10335093218049707,0.799976491340281
1,2,26.8,5.725835816689511,9.014362177397715,-0.7919845663093135,-0.11284712010738218,0.7999837659532106
1,2,26.900000000000002,5.646698508501815,9.002647588802763,-0.7908523691998965,-0.12056659021073557,0.7999898577757927
1,2,27.0,5.567665342849532,8.990248859355567,-0.789949797803768,-0.1263772695144567,0.7999949357965609
1,2,27.1,5.488708548941061,8.97737213489987,-0.7893243523202997,-0.13024554789345189,0.7999980224425097
1,2,27.200000000000003,5.409800472385469,8.964199749776876,-0.7889957853313021,-0.13223159972170606,0.7999997157721492
1,2,27.3,5.330909391874802,8.950925814955529,-0.7889841310618841,-0.1323015289541658,0.7999997835193997
1,2,27.400000000000002,5.252003646173093,8.937739443986043,-0.7892938989859317,-0.13043089490687265,0.7999981733245533
1,2,27.5,5.173050612077616,8.924839635974154,-0.7899056065416374,-0.12665422564995055,0.7999951000605571
1,2,27.6,5.094022524864767,8.912408598856054,-0.7907852877998387,-0.12100954803845099,0.7999904262659296
1,2,27.700000000000003,5.014893554517646,8.900637726366464,-0.7919054682712421,-0.11340189351764707,0.7999839124202954
1,2,27.8,4.935641431210518,8.889728220152524,-0.7931927581843468,-0.1039632261552157,0.7999769396855713
1,2,27.900000000000002,4.8562550028807765,8.879845081135421,-0.7945798294698321,-0.09268655506244983,0.7999674386433813
1,2,28.0,4.776725465316552,8.871190909140033,-0.7733009813655123,-0.024722216830141974,0.773696061632642
1,2,28.1,4.701594806607674,8.874900637769393,-0.6375205642797219,0.3209064597160207,0.713732040591569
1,2,28.200000000000003,4.649221352460605,8.935372201083238,-0.5298340585551315,0.5993203111137788,0.799943101050643
1,2,28.3,4.595627994896648,8.994764699992148,-0.5427848410110379,0.5875925564442639,0.7999252440197665
1,2,28.400000000000002,4.540664384258398,9.05289071237209,-0.557204124986697,0.5739080403494157,0.7999042915748716
1,2,28.5,4.484187169899309,9.109546308062031,-0.5730118784654543,0.5580907772173447,0.799879946290422
1,2,28.6,4.4260620085653075,9.16450886781556,-0.5901024675080535,0.5399465232274565,0.7998519676193286
1,2,28.700000000000003,4.366166676397697,9.217535612707524,-0.608333305174714,0.5192716101646013,0.7998202393711535
1,2,28.8,4.304395347530366,9.268363189848479,-0.6275133372983532,0.4958657516001921,0.7997848661342251
1,2,28.900000000000002,4.240664008938027,9.316708763027563,-0.6473926323440686,0.46954969859305606,0.7997462971856839
1,2,29.0,4.174916821061553,9.36227312956709,-0.66765504040427,0.44018811730229146,0.7997054655255043
1,2,29.1,4.107133000857173,9.404746386488021,-0.6879165368705955,0.40771708988045674,0.7996639213323443
1,2,29.200000000000003,4.0373335136874315,9.443816547543182,-0.7077321885621188,0.3721741519740078,0.7996239429409918
1,2,29.3,3.9655865631447504,9.479181216882822,-0.726524348340984,0.3339510852813774,0.7996004978068117
1,2,29.400000000000002,3.892028644019235,9.510606764599457,-0.7422613821519768,0.2976747130686448,0.7997263245852689
1,2,29.5,3.8171342867143556,9.538716159496552,-0.7523795445207604,0.27162879627307746,0.7999107337559784
1,2,29.6,3.741552735115083,9.564932523854072,-0.7565818437616656,0.2599448630415111,0.7999921362935208
1,2,29.700000000000003,3.6658179179620203,9.590705132104855,-0.7555387163258693,0.2628984535082495,0.7999714674439156
1,2,29.8,3.5904449918499104,9.617512214555722,-0.7488959811686229,0.28088421393242413,0.7998381912905573
1,2,29.900000000000002,3.516038721728296,9.64688197489134,-0.7350668833351257,0.3145973277067142,0.7995591295058928
1,2,30.0,3.443431615182886,9.680431680097064,-0.7110431876144432,0.36464936880990706,0.7990942227462114
1,2,30.1,3.373830084205408,9.719811848653322,-0.6724957243799388,0.4303912357358044,0.7984279022601173
1,2,30.200000000000003,3.308932470306896,9.766509927244226,-0.6212136166210982,0.5015018771536432,0.7983799159949433
1,2,30.3,3.249587360881189,9.820112224084049,-0.5721400199000435,0.5580089301961806,0.7991984537959944
1,2,30.400000000000002,3.194504466326888,9.878111713283461,-0.5386897788778899,0.5911242588410488,0.799759068256115
1,2,30.5,3.1418494051056114,9.938337075852258,-0.5238681918456418,0.6045909554879216,0.7999800659300332
1,2,30.6,3.08973082795776,9.999029904381045,-0.527427877923504,0.6014276459382941,0.7999346096461689
1,2,30.700000000000003,3.036363829520909,10.058622605039918,-0.5479634352190939,0.5824197291406819,0.7996728501264847
1,2,30.8,2.9801381409139416,10.115513850209181,-0.5815904599702257,0.548379006838509,0.7993541131873709
1,2,30.900000000000002,2.920045737526864,10.168298406407619,-0.6151675736938405,0.5107703912149759,0.7995733463956051
1,2,31.0,2.857104626175174,10.217667928452176,-0.6364056840693237,0.4845553210111362,0.799878774462699
1,2,31.1,2.792764600713,10.265209470609845,-0.6441318809086685,0.47442724654580815,0.7999919326268085
1,2,31.200000000000003,2.7282782499934384,10.312553377761338,-0.6390417996895792,0.4811342236341076,0.7999153473352613
1,2,31.3,2.6649562407750844,10.361436315336666,-0.6190185156897545,0.5061027053045777,0.7995773077591429
1,2,31.400000000000002,2.604474546855488,10.413773918822253,-0.5784555787786871,0.5508493208309204,0.7987777105553662
1,2,31.5,2.5492651250193474,10.471606179502851,-0.5080638758151128,0.6143803168106672,0.79724028723632
1,2,31.6,2.502861771692466,10.536649982184386,-0.4001217697257786,0.6874337630561627,0.7954009109864316
1,2,31.700000000000003,2.469240771074191,10.609092932114086,-0.27326291391052315,0.7477734063350852,0.7961392386642215
1,2,31.8,2.4482091889103614,10.686204663451402,-0.16486886609248153,0.7809295787427715,0.7981433141748311
1,2,31.900000000000002,2.436266997855695,10.76527884786264,-0.09090964574828142,0.7941036672413944,0.799290434082824
1,2,32.0,2.430027259760705,10.84502539689968,-0.04785366660375523,0.7983773267026493,0.7998101832311789
1,2,32.1,2.426696264534944,10.92495431320317,-0.03057079428054088,0.7994011301441191,0.7999854625795634
1,2,32.2,2.4239131009045964,11.004905622928508,-0.036276328402012226,0.7991069290486905,0.7999299069643286
1,2,32.300000000000004,2.419440998854541,11.08477569901291,-0.0652882737007836,0.7969556053909059,0.7996254095805196
1,2,32.4,2.4108554461644403,11.164296744006684,-0.12069023729787709,0.7897611207457871,0.7989297598792147
1,2,32.5,2.395302951394966,11.242727923162064,-0.2065652442735697,0.7703863669684878,0.797599118951811
1,2,32.6,2.369542397309726,11.318374017400384,-0.32287933038884375,0.7271457013307909,0.7956079015169444
1,2,32.7,2.330727085317196,11.388157063428226,-0.45732373449496855,0.6488817743191007,0.7938466824116158
1,2,32.800000000000004,2.2780776504107307,11.448150372264205,-0.5839531112756653,0.5377452084624537,0.7938331974620721
1,2,32.9,2.213936463062066,11.495706105120716,-0.6795965363041017,0.4132837946201704,0.7953960944411151
1,2,33.0,2.1421583431499127,11.530807131188237,-0.7392149532379868,0.2984055892934663,0.7971729064715006
1,2,33.1,2.0660934724144666,11.55538722297941,-0.7725685031698681,0.2041627807166151,0.7990898154275721
1,2,33.15276121843901,2.025,11.565,-0.7788575326775234,0.18219399219714874,0.7998835584016302
1,3,0.0,1.35,1.3050000000000002,0.29306241613038964,0.7440931595597444,0.799725083920584
1,3,0.1,1.379306241613039,1.3794093159559746,0.2637429632073518,0.7543022386543949,0.7990821095985232
1,3,0.2,1.4027485926414704,1.4558604477308792,0.20357496082438153,0.7727105971647994,0.7990772375968604
1,3,0.30000000000000004,1.4200212337779157,1.5339514353889347,0.145876366474206,0.7858751803434032,0.7992995141844472
1,3,0.4,1.4319238659363116,1.6130354837995597,0.0948369995987779,0.793786265086105,0.7994314799482484
1,3,0.5,1.4389886336976712,1.6927086884061557,0.048776456135360746,0.7980672139557292,0.7995563899214266
1,3,0.6000000000000001,1.4416791571633836,1.772648926590705,0.008736342456050927,0.7996308927150633,0.7996786156099202
1,3,0.7000000000000001,1.4407359021888815,1.8526348669491686,-0.025619579300118822,0.799343157050302,0.7997536155383475
1,3,0.8,1.4365552413033598,1.9325175580007652,-0.05539160387609687,0.7979004129444842,0.7998207916508203
1,3,0.9,1.429657581413662,2.0122149495380652,-0.07993897847864329,0.7958773778183446,0.7998818917835389
1,3,1.0,1.4205674456076312,2.091693033564434,-0.10104749847672867,0.7934973578937043,0.7999054031150771
1,3,1.1,1.4094480817183161,2.170914421116806,-0.11829096850971155,0.7911553052359359,0.7999496673128457
1,3,1.2000000000000002,1.3969092519056887,2.2499240946116217,-0.13189488919536618,0.78901180043324,0.7999599258830163
1,3,1.3,1.3830691038792426,2.3287167812034535,-0.14301740995503387,0.7870905961209189,0.7999784909934952
1,3,1.4000000000000001,1.3683057699146821,2.407342213835806,-0.15077440444285006,0.7856529659477101,0.7999896898945197
1,3,1.5,1.3529142229906723,2.485847374392995,-0.1561896714700195,0.7845999191927913,0.7999951541548531
1,3,1.6,1.3370678356206784,2.5642621976743647,-0.15919120887859073,0.784000779388526,0.7999994144160627
1,3,1.7000000000000002,1.3210759812149542,2.6426475302707004,-0.15957832591790666,0.7839224858554434,0.7999998162078161
1,3,1.8,1.305152170437097,2.7210466948454526,-0.15741622971228875,0.7843564565661012,0.7999968252023019
1,3,1.9000000000000001,1.2895927352724965,2.799518821583921,-0.15284940829847837,0.7852543345992569,0.7999920697257671
1,3,2.0,1.274582288777401,2.8780975617653035,-0.14597114865023464,0.7865524391308263,0.7999826971509578
1,3,2.1,1.2603985055424498,2.9568293094100864,-0.13581159203708282,0.7883530474465914,0.7999658217386382
1,3,2.2,1.2474199703699844,3.035768171254622,-0.12316564887789827,0.7904174628735934,0.7999559629623634
1,3,2.3000000000000003,1.23576537576687,3.114912801984805,-0.10714553971038576,0.7927089618675254,0.7999172862896011
1,3,2.4000000000000004,1.2259908624279072,3.194309963628127,-0.08727046910703429,0.7951172046506123,0.7998921826781191
1,3,2.5,1.2183112819454633,3.273936242914928,-0.06418676000346402,0.7972641997995424,0.799843825031954
1,3,2.6,1.2131535104272142,3.3537628035880345,-0.03590526631123225,0.7989662574177991,0.7997726355915694
1,3,2.7,1.2111302286832168,3.4337294943984884,-0.003364950494868957,0.7997145312775231,0.7997216105797451
1,3,2.8000000000000003,1.2124805203282405,3.5137057098435394,0.03496037102457006,0.7988199842898354,0.799584638948866
1,3,2.9000000000000004,1.218122302888131,3.5934934912564556,0.0789831593507575,0.795589293540079,0.7995002585719589
1,3,3.0,1.2282771521983922,3.6728235685515553,0.12831837117673128,0.7889575700724158,0.7993244971574563
1,3,3.1,1.243785977123477,3.7512850052709377,0.18424282047894813,0.7776284678555818,0.7991567123646385
1,3,3.2,1.2651257162941818,3.828349262122672,0.243253694781715,0.7611427105794135,0.7990685739616673
1,3,3.3000000000000003,1.29243671607982,3.9035135473868205,0.3070253508544729,0.7374829164085739,0.7988401705358886
1,3,3.4000000000000004,1.3265307864650764,3.975845845404387,0.3677687119551418,0.7094631901634365,0.7991194176654854
1,3,3.5,1.3659904584708484,4.045406185419509,0.42079809062348694,0.6794354780711025,0.7991893404782623
1,3,3.6,1.4106904045897735,4.111732941018606,0.4651457300128916,0.6502916431442252,0.7995247158734007
1,3,3.7,1.459019604473427,4.175464514048354,0.5002487296508598,0.6237631647721251,0.7995806883885055
1,3,3.8000000000000003,1.5107401505199454,4.236485573973031,0.5287185595065136,0.6000795274758488,0.7997741896699848
1,3,3.9000000000000004,1.5647633163747297,4.295480419543524,0.5510649672154511,0.5796721508344334,0.7998077272352301
1,3,4.0,1.6209531439630356,4.352420004139918,0.5687751052788492,0.5624481869868561,0.7999081718733516
1,3,4.1000000000000005,1.6785183374304997,4.407970056940895,0.5817180082818627,0.5490820181066169,0.7999293117316383
1,3,4.2,1.7372967456194082,4.4622364077612415,0.5916551347075281,0.5384161765031159,0.7999673603004173
1,3,4.3,1.7968493643720047,4.5156532922415185,0.598009308834607,0.5313778266853113,0.7999859549677414
1,3,4.4,1.8568986073863298,4.568511973098304,0.6017683497505608,0.5271324690261778,0.7999961166550421
1,3,4.5,1.917203034322117,4.621079786046754,0.6029188125398885,0.5258218308141025,0.7999998076719793
1,3,4.6000000000000005,1.9774823698943074,4.6736763392611245,0.601263508211904,0.5277058344964196,0.7999945337743559
1,3,4.7,2.037455735964498,4.726620952946038,0.5969186247450029,0.5325971976633035,0.7999822620072706
1,3,4.800000000000001,2.0968660948433078,4.780195778793786,0.5899711480991368,0.5402546655995693,0.7999631612090122
1,3,4.9,2.1554499655843253,4.834671886065952,0.5792443424179226,0.5516757468487263,0.7999188320600231
1,3,5.0,2.2127149633268917,4.890530928163531,0.5653047833151525,0.5659198428583743,0.7998967224459909
1,3,5.1000000000000005,2.268510922247356,4.947855854637628,0.5464048858670711,0.5840344464951492,0.7997840545999291
1,3,5.2,2.321995940500306,5.007337817462561,0.522563872547666,0.6054124896231343,0.7997482625699759
1,3,5.300000000000001,2.3730236967568894,5.068938352562255,0.4919276596901003,0.6302798496118704,0.7995283054369877
1,3,5.4,2.420381472438326,5.133393787384936,0.4543204414298323,0.6578440683721389,0.79947850614848
1,3,5.5,2.4638877850428553,5.200507166236682,0.4065870164197918,0.6879242012279008,0.7990949308787996
1,3,5.6000000000000005,2.5016988757222847,5.270978627630516,0.34883921194454715,0.7188098351650822,0.7989845899140643
1,3,5.7,2.5336556274317648,5.344269133269699,0.28497650425978627,0.7461911020736522,0.7987570148637317
1,3,5.800000000000001,2.558694176574242,5.420216848045246,0.21649093775505435,0.7689697813356133,0.798863474404359
1,3,5.9,2.5769538149827755,5.4980630895368225,0.1520821511446684,0.7844639281028449,0.7990698562649797
1,3,6.0,2.5891106068031755,5.577109633665815,0.08890286745686105,0.7941303480025681,0.79909118970286
1,3,6.1000000000000005,2.594734388474148,5.656889159137337,0.03076580723079836,0.7987837135981763,0.7993759791263784
1,3,6.2,2.5952637682493354,5.73686637638545,-0.022120642968335602,0.7990442682063552,0.7993504021383628
1,3,6.300000000000001,2.5903102598804804,5.816698012778608,-0.07064136059399218,0.796443623380668,0.7995702889992209
1,3,6.4,2.5811354961305373,5.896155101061583,-0.11428086131400228,0.7913389244257587,0.7995482528115404
1,3,6.5,2.56745408761768,5.974965797663759,-0.15375286317190806,0.7847963405663876,0.7997157239294179
1,3,6.6000000000000005,2.5503849234961558,6.053114369174861,-0.1893975462580837,0.7769316498609804,0.7996838244483179
1,3,6.7,2.5295745783660633,6.130352127635955,-0.22236939389591015,0.768250469558712,0.7997855533321515
1,3,6.800000000000001,2.505911044716974,6.2067644630866035,-0.25072042725897603,0.7594749300980759,0.799789286057522
1,3,6.9,2.479430492914268,6.282247113655571,-0.27806059057608756,0.7499212704654106,0.7998122304191017
1,3,7.0,2.4502989266017567,6.356748717179685,-0.3022169655514375,0.7405708756539511,0.799862685799243
1,3,7.1000000000000005,2.41898709980398,6.430361288786361,-0.3245016805334675,0.7310741651320463,0.7998567219149708
1,3,7.2,2.385398590495063,6.502963550206095,-0.3459569939974294,0.7211943980790423,0.7998797419089507
1,3,7.300000000000001,2.3497957010044943,6.574600168402169,-0.3648061353467664,0.7118709765579041,0.7999023713254932
1,3,7.4,2.312437363425709,6.645337745517676,-0.3827248649609807,0.7023956653829089,0.7998987392214718
1,3,7.5,2.2732507280122984,6.71507930147875,-0.40029743091052694,0.692544314064854,0.799909782498706
1,3,7.6000000000000005,2.2323778772436036,6.783846608330647,-0.41610589811967635,0.6831803570828185,0.7999246956769055
1,3,7.7,2.190029548388363,6.851715372895314,-0.4310378619668196,0.6738564837565946,0.7999226207263603
1,3,7.800000000000001,2.1461703048502394,6.918617905081965,-0.4461652723150742,0.6639382616764848,0.7999234122951876
1,3,7.9,2.100796493925348,6.9845030252306115,-0.4602514990256559,0.6542683012199433,0.7999365301926108
1,3,8.0,2.0541200050451085,7.049471565325954,-0.47346287884296245,0.6447676702918841,0.7999327761105238
1,3,8.1,2.006103918156756,7.113456559288987,-0.4872312904084559,0.6344214177337619,0.7999280377836531
1,3,8.200000000000001,1.9566737469634168,7.176355848872706,-0.5003813330472617,0.6241174206028433,0.7999400184776988
1,3,8.3,1.9060276515473031,7.2382800434095556,-0.5131183600795612,0.6136734019636663,0.7999284316289788
1,3,8.4,1.8540500749475048,7.299090529265438,-0.5262212609348662,0.6024787636859017,0.7999309196126707
1,3,8.5,1.8007833993603302,7.358775796146736,-0.538123967742667,0.5918936305823692,0.7999471698700416
1,3,8.6,1.7464252813989718,7.417469255381912,-0.5495456679641144,0.5812989171913827,0.7999430431636985
1,3,8.700000000000001,1.6908742657675067,7.475035579585013,-0.5598616185220351,0.5714004481306532,0.7999646892319836
1,3,8.8,1.6344529576945641,7.531749345008043,-0.5687639839385836,0.5625377076275129,0.7999632128595081
1,3,8.9,1.5771214689797903,7.5875431211105155,-0.5766520757499096,0.5544694723254437,0.7999775073135091
1,3,9.0,1.5191225425445827,7.6426432394731325,-0.5830629563306688,0.5477303795383506,0.7999818621158138
1,3,9.1,1.460508877713657,7.697089197018185,-0.5882454484986726,0.542173451989612,0.799990474769379
1,3,9.200000000000001,1.4014734528448476,7.751077929871056,-0.5919449630226525,0.5381384665477711,0.7999949052501998
1,3,9.3,1.3421198851091258,7.80471689032774,-0.5943010715897294,0.5355408608099665,0.7999986108049068
1,3,9.4,1.2826132385269022,7.85818610203305,-0.5951369279483343,0.5346137162117515,0.799999867855939
1,3,9.5,1.2230924995194594,7.91163963357009,-0.5946096766147635,0.5351990677816332,0.7999991935484952
1,3,9.600000000000001,1.1636913032039489,7.965225915589378,-0.5925249313900807,0.5375007995489582,0.7999955648843243
1,3,9.700000000000001,1.1045875132414427,8.019139793479882,-0.5891013606452251,0.5412458169301502,0.7999921546230571
1,3,9.8,1.0458710310749042,8.073475078975408,-0.5841265289432238,0.5465971099453455,0.7999826263212614
1,3,9.9,0.9877622074527983,8.12845921546895,-0.5778429824667146,0.5532301810896172,0.799978840754228
1,3,10.0,0.9303024345815618,8.18412111519333,-0.5701177109577396,0.5611664548676671,0.7999637456887895
1,3,10.100000000000001,0.8737386652612497,8.240692506442484,-0.5610892802920917,0.5701891576352978,0.7999605339912388
1,3,10.200000000000001,0.818084578523143,8.29815894672039,-0.5509053465640239,0.580011844540472,0.7999440234666848
1,3,10.3,0.7635575959484453,8.356694875350577,-0.539413222175666,0.5907081355510684,0.7999392012297896
1,3,10.4,0.7102019340880101,8.416300573830602,-0.5274256923714926,0.6014306280179156,0.7999354106998718
1,3,10.5,0.6580724574741472,8.47698100095416,-0.514133419645654,0.6128130316436327,0.7999206116539279
1,3,10.600000000000001,0.6073752501588788,8.538863180159328,-0.5003432785420618,0.6241349692993907,0.7999299071072231
1,3,10.700000000000001,0.5580038017657343,8.601807994814038,-0.48525632410809294,0.6358971491538412,0.799899296404792
1,3,10.8,0.5103239853372606,8.666042609990097,-0.46859136944044355,0.6482761184259545,0.7998998670055474
1,3,10.9,0.4642855278776459,8.73146321849923,-0.4511720892807256,0.6604922316270745,0.7998788921990929
1,3,11.0,0.4200895674811158,8.798141056315512,-0.43099212630785066,0.6737933083045888,0.7998447569718795
1,3,11.100000000000001,0.3780871026160753,8.866221880160147,-0.4094922111377204,0.6870849350562196,0.7998559738875923
1,3,11.200000000000001,0.33819112525357126,8.935558043326758,-0.38444124777049926,0.701311178835546,0.7997702435993986
1,3,11.3,0.3011988530619757,9.006484115927256,-0.35656090155747777,0.715908268835733,0.7997876755157318
1,3,11.4,0.2668789449420759,9.078739697093903,-0.3250694678102093,0.7306002983625461,0.7996542720887909
1,3,11.5,0.23618495949993407,9.152604175599764,-0.2892683327617178,0.7455029594971734,0.7996566956874607
1,3,11.600000000000001,0.20902527838973212,9.227840288993338,-0.2475883558188473,0.7601524000723856,0.7994571065872692
1,3,11.700000000000001,0.18666728833616425,9.304634655614244,-0.19990609713508845,0.774021128729963,0.7994192613342446
1,3,11.8,0.16904405896271454,9.382644514739331,-0.14566101557997901,0.785769657515651,0.799156484133148
1,3,11.9,0.15753508522016854,9.461788587117374,-0.08200503927995262,0.794748644224768,0.7989682308855675
1,3,12.0,0.15264305110672408,9.541594243584283,-0.013124743222439283,0.7986599921593793,0.7987678273194752
1,3,12.100000000000001,0.1549101365756808,9.62152058554925,0.06536633000840941,0.7957669930678435,0.7984471581482431
1,3,12.200000000000001,0.1657163171084059,9.700747642197854,0.15084753265661266,0.7838879984821148,0.7982702376218744
1,3,12.3,0.18507964310700323,9.778298185245673,0.23540632731246047,0.7626345665828609,0.7981401011638053
1,3,12.4,0.21279758257089781,9.853274555514425,0.32031871858580907,0.7309509023651586,0.7980559523898649
1,3,12.5,0.24914338682416481,9.924488365718704,0.4011783060973204,0.6901014814201787,0.7982381148137694
1,3,12.600000000000001,0.29303324379036244,9.991294851798461,0.471112029630365,0.6446740984827812,0.7984680567918974
1,3,12.700000000000001,0.34336579275023815,10.05342318541526,0.5322603040618141,0.5953973177641672,0.7986231885443469
1,3,12.8,0.39948530460272486,10.110374315351294,0.5837868255172205,0.5454143512508196,0.7989267001407739
1,3,12.9,0.4601231578536818,10.162506055665425,0.6239128092989423,0.49949336870650995,0.7992251366098766
1,3,13.0,0.5242678664625129,10.210272989092594,0.6574306723755106,0.454609751590354,0.799302893289621
1,3,13.100000000000001,0.5916092923287847,10.253428005983496,0.6852760027991924,0.411818766825121,0.7994985282799476
1,3,13.200000000000001,0.6613230670223521,10.292636742457619,0.7063839719885832,0.3746475597222769,0.7995868369903449
1,3,13.3,0.7328860867265008,10.328357517927952,0.7231801327136531,0.34122352471501927,0.7996392925380033
1,3,13.4,0.8059590935650823,10.360881447400622,0.7368720425824051,0.3106970984965258,0.7996956259438498
1,3,13.5,0.8802604952429813,10.390496937627256,0.7480012150255977,0.2830011332766489,0.7997471219802158
1,3,13.600000000000001,0.9555593365702028,10.417481674055953,0.7570377271181759,0.2580028277521009,0.7997947107904214
1,3,13.700000000000001,1.0316680406666172,10.442097503177676,0.7643807834367511,0.23552939496452296,0.7998450337282439
1,3,13.8,1.1084354932575524,10.464587553048858,0.7701718205480965,0.21597887482378297,0.7998821835348733
1,3,13.9,1.185702404776236,10.485293278142432,0.7584846269861112,0.250015462378137,0.798627986488336
1,3,14.0,1.260132418654774,10.514590645524486,0.7526808140288264,0.2695158493876306,0.7994793311138397
1,3,14.100000000000001,1.3362385675820019,10.539196448019958,0.7684186130374915,0.2203415401460802,0.799385738662136
1,3,14.200000000000001,1.4138161412622732,10.558658953553701,0.7817056879721944,0.1668058878035552,0.7993046895984122
1,3,14.3,1.4925797051764402,10.572557625580668,0.7917807758236179,0.10877715810029542,0.7992179096393093
1,3,14.4,1.5721722964269962,10.58041438517376,0.7977546603100993,0.0479593734787116,0.7991949696732035
1,3,14.5,1.6521306372384594,10.58214950027641,0.7990758178154387,-0.013501953426413138,0.7991898806690066
1,3,14.600000000000001,1.7319874599900849,10.577713994488478,0.7956901051973961,-0.07497454244263935,0.7992145678874519
1,3,14.700000000000001,1.8112686582779394,10.567154591787881,0.7879724318384298,-0.13404780234520075,0.7992930417881461
1,3,14.8,1.88958194635777,10.550904434019438,0.7767770418227187,-0.18871851958205355,0.7993730370334589
1,3,14.9,1.9666240666424826,10.529410887871471,0.7630805889707162,-0.23848845146676467,0.7994802854022797
1,3,15.0,2.042198064151913,10.503206743726086,0.7478125106570808,-0.2830265648699921,0.7995796317549331
1,3,15.100000000000001,2.1161865687739,10.472805574897471,0.7320075503957995,-0.321940215386455,0.7996752816734652
1,3,15.200000000000001,2.1885995742310738,10.438818700648795,0.7166144408149542,-0.3550601466054104,0.7997524395036161
1,3,15.3,2.25950945693689,10.401793545576389,0.7020568817965493,-0.38317323375122214,0.7998159740473197
1,3,15.4,2.329010950590383,10.36218405389855,0.6887364603395856,-0.4067361931660969,0.799870141105636
1,3,15.5,2.3972567490048067,10.32044630694317,0.6770842547669442,-0.4259301208147974,0.7999122176030419
1,3,15.600000000000001,2.4644278015437724,10.27699802973559,0.6671133095843693,-0.4414366421654492,0.7999415459087729
1,3,15.700000000000001,2.5306794109216812,10.23215897851008,0.6589895169788207,-0.45351915399935905,0.7999667533918355
1,3,15.8,2.596225704939536,10.18629419893572,0.6527213513000181,-0.4625193971545585,0.7999808467626821
1,3,15.9,2.6612236811816845,10.13965509907917,0.6464836013202024,-0.47117681256701616,0.7999678965288242
1,3,16.0,2.725522425203576,10.092058836422316,0.635244541695144,-0.4860479116931842,0.7998613631216218
1,3,16.1,2.7882725895207137,10.042445516740532,0.6148541828980605,-0.5112869647457998,0.7996624453769318
1,3,16.2,2.848493261783188,9.989801443473157,0.5821310912047721,-0.5476913912742987,0.7992762147238185
1,3,16.3,2.904698807761667,9.932907238485674,0.5328072332944984,-0.5949807808736907,0.7986774552095512
1,3,16.400000000000002,2.955054708442089,9.870805287298417,0.4625007227491338,-0.650083229556401,0.7978189794019389
1,3,16.5,2.997198952311494,9.802890592574395,0.373548693616657,-0.704639104532184,0.7975304973094316
1,3,16.6,3.02976444716542,9.72987746639198,0.28308516960029095,-0.7463868091658554,0.7982671746629775
1,3,16.7,3.0538159862315526,9.653613230741223,0.20776408184199013,-0.7715295278040557,0.7990142213860741
1,3,16.8,3.0713172635338175,9.575571560831168,0.1512121589246167,-0.7850582798068473,0.7994883486955452
1,3,16.900000000000002,3.0840584180164763,9.496601574779852,0.11162077153669259,-0.7919542922512974,0.7997817187543735
1,3,17.0,3.093641417841156,9.417180702380909,0.08784139392415291,-0.7951040849692532,0.7999416331341503
1,3,17.1,3.101626696801307,9.337580757786002,0.07871462347534397,-0.7961138025359276,0.7999957365743139
1,3,17.2,3.1093843425362246,9.257957941873725,0.08325189036936642,-0.7956258499292943,0.7999696058762389
1,3,17.3,3.1182770748751802,9.178455587800144,0.10071908320259126,-0.7935201199516158,0.7998865635133504
1,3,17.400000000000002,3.129528159176743,9.099253917883399,0.12118168577705646,-0.7907000994870543,0.7999322773189033
1,3,17.5,3.1425134120305915,9.020315567902733,0.1318101734366941,-0.7890598382074074,0.7999933437806288
1,3,17.6,3.1558901938640815,8.941441950241918,0.1283351335873828,-0.7896090978761166,0.7999702706736207
1,3,17.7,3.168180438748068,8.862393748327511,0.11002045997176246,-0.7922493256118841,0.7998521710571793
1,3,17.8,3.1778942858584336,8.782992085119542,0.07686856128584907,-0.7959537458617874,0.7996568897130614
1,3,17.900000000000002,3.183554151005238,8.70320299915515,0.03616791835081479,-0.7988264305878658,0.7996447864668297
1,3,18.0,3.1851278695285967,8.62322679900197,-0.0011675891470552813,-0.7997528931647508,0.7997537454678194
1,3,18.1,3.1833206331758266,8.543252420522201,-0.031801909760531544,-0.7992084981066014,0.7998409747632503
1,3,18.2,3.178767487576491,8.46338509938065,-0.055605407097157666,-0.7979775977880479,0.799912625147287
1,3,18.3,3.172199551756395,8.383656900964592,-0.07258356968009139,-0.7966583951150241,0.7999581070873341
1,3,18.400000000000002,3.164250773640472,8.304053420357643,-0.08330151042902223,-0.7956381625323274,0.7999870169681348
1,3,18.5,3.1555392496705905,8.224529268458127,-0.0878446672308204,-0.795161443949489,0.799999004689837
1,3,18.6,3.146681840194308,8.145021131567747,-0.08625314746212354,-0.7953314669416756,0.7999948423300743
1,3,18.7,3.138288620178166,8.065462975069792,-0.0786235288562267,-0.7961019036647272,0.7999749373001686
1,3,18.8,3.1309571344230624,7.985800750834803,-0.06485788674685722,-0.7973046275490674,0.7999382567326213
1,3,18.900000000000002,3.125317042828794,7.906002049559976,-0.04464703333122522,-0.7986344708399642,0.7998814759694771
1,3,19.0,3.1220277277568176,7.8260738566668095,-0.01807137356103361,-0.7996070635269206,0.7998112468479842
1,3,19.1,3.1217027681165876,7.746080636854592,0.01533854980886673,-0.799562572347142,0.799709683703166
1,3,19.200000000000003,3.125095437718591,7.666161342197379,0.05547247188324711,-0.7976738483285075,0.7996003773411119
1,3,19.3,3.132797262493237,7.586545867188891,0.10145967988616,-0.7930176490741516,0.7994817436225147
1,3,19.400000000000002,3.145387373695823,7.507557812382549,0.19442515922628623,-0.24430408230650613,0.31222688412721744
1,3,19.5,3.1716822943384937,7.537685050727586,0.29724027370408024,0.5146379626514985,0.5943096944470633
1,3,19.6,3.204835428436639,7.61048540491285,0.3450309891913754,0.7215600227249723,0.7998095085063953
1,3,19.700000000000003,3.24068849217677,7.681997055272583,0.37011378421903274,0.7090764553413607,0.799858507980256
1,3,19.8,3.2788581852804453,7.752300695981121,0.3919433356389206,0.6972782649663571,0.7998853399995883
1,3,19.900000000000002,3.319077159304553,7.821452708265853,0.4114878299474789,0.6859418193332587,0.7998990021903429
1,3,20.0,3.361155751269941,7.889489059847771,0.4294052200662861,0.67488015129004,0.7999075331720804
1,3,20.1,3.40495820331781,7.9564287385238615,0.44631415207569347,0.6638261985614875,0.799913460469094
1,3,20.200000000000003,3.450418581685081,8.022254299560071,0.46274708492894945,0.652478919559087,0.7999147486321488
1,3,20.3,3.4975076203035997,8.086924522435678,0.47852959234922565,0.6410008871341688,0.7999204385816802
1,3,20.400000000000002,3.5461245001549258,8.150454476986905,0.4942632624708523,0.6289376519556171,0.79991170930033
1,3,20.5,3.59636027279777,8.212712052826802,0.5098600752238873,0.6163690325253199,0.7999175461030386
1,3,20.6,3.6480965151997027,8.273728283491968,0.5255390917970715,0.6030351524615511,0.7999017015303924
1,3,20.700000000000003,3.7014680911571856,8.333319083319115,0.5414113900301238,0.5888305762203174,0.7999048323058824
1,3,20.8,3.756378793205727,8.391494398736032,0.5575770262492021,0.5735157841960543,0.7998828007420328
1,3,20.900000000000002,3.8129834964070253,8.448022240158325,0.5741536179644875,0.5569183785371266,0.7998815270864384
1,3,21.0,3.8712095167986242,8.502878074443457,0.591166222647125,0.5387812800067096,0.7998517178105818
1,3,21.1,3.93121674093645,8.555778496159668,0.6087193489309684,0.5188564571545058,0.7998445279514436
1,3,21.200000000000003,3.9929533865848197,8.60664936587436,0.6268730784604593,0.4967023307832861,0.7998018891600857
1,3,21.3,4.056591356628541,8.655118962316324,0.6455933451036628,0.4720884437951156,0.7997863877355198
1,3,21.400000000000002,4.1220720556055515,8.70106705463338,0.664871239168729,0.4444148159842598,0.7997238856881072
1,3,21.5,4.1895656044622855,8.744001925513176,0.6847442718878938,0.4130577696441122,0.7996820861734057
1,3,21.6,4.259020909983129,8.783678608562203,0.7045282058855697,0.37818336686925136,0.7996140643240979
1,3,21.700000000000003,4.3304712456394014,8.819638598887028,0.7246228028683959,0.3378588500229114,0.7995166095683405
1,3,21.8,4.403945470556808,8.851250378566785,0.7441024531040235,0.29220607211116345,0.7994203207912968
1,3,21.900000000000002,4.479291736260206,8.87807981330926,0.7620172339446043,0.2412305585669401,0.7992887133039623
1,3,22.0,4.556348917345728,8.899496490280173,0.7777511429721464,0.18379568745274355,0.7991731321313966
1,3,22.1,4.634841964854634,8.914838950799808,0.7900731520591435,0.11922077927184915,0.799017634232723
1,3,22.200000000000003,4.714363547757559,8.923340646134543,0.7973954819033651,0.049012996110711526,0.7989003869993108
1,3,22.3,4.794321061235307,8.924641550021951,0.7987385050692062,-0.020708307265415726,0.7990069045195975
1,3,22.400000000000002,4.8741112487714,8.91919898468146,0.7952014408581398,-0.08132060531300311,0.7993487176391383
1,3,22.5,4.953361349406934,8.908377428959351,0.7892973061362802,-0.12819031989558027,0.7996392909236765
1,3,22.6,5.031970709998656,8.893560920702345,0.7832431549690781,-0.16204304939454062,0.7998298504450787
1,3,22.700000000000003,5.1100099804007515,8.875968819080443,0.7785928056804714,-0.183591804319434,0.7999454404336921
1,3,22.8,5.187689271134749,8.856842559838459,0.7761866595908664,-0.19370615759671495,0.7999923787247669
1,3,22.900000000000002,5.265247312318924,8.837227587561099,0.7762128525674932,-0.19360194712124468,0.7999925664780281
1,3,23.0,5.342931841648247,8.81812217041421,0.7785845017122313,-0.18364126323826468,0.7999487107747778
1,3,23.1,5.42096421266137,8.800499334913447,0.7820569265334001,-0.16820800605464825,0.7999418539117381
1,3,23.200000000000003,5.499343226954929,8.784480569203279,0.7841635543193561,-0.15835595791880053,0.7999931808029033
1,3,23.3,5.5777969235252405,8.768828143329687,0.7833303118998742,-0.16228840386197163,0.7999649389624651
1,3,23.400000000000002,5.656009289334904,8.752022888430885,0.7789837107251891,-0.18141559010118868,0.7998295055241134
1,3,23.5,5.733593665670278,8.73254502530945,0.7695221769518241,-0.21703844951821338,0.799543663216678
1,3,23.6,5.809913724725268,8.70861519852724,0.7517813798782029,-0.27073617788993687,0.7990452560087109
1,3,23.700000000000003,5.883949941645921,8.678397789731463,0.721538179272958,-0.34161322900219915,0.798321327773375
1,3,23.8,5.954221360579859,8.640292552726802,0.6764089833827818,-0.4231393244603652,0.7978571305100322
1,3,23.900000000000002,6.0192317383224765,8.59376992483939,0.6250869134821961,-0.49694426619193166,0.7985532249685903
1,3,24.0,6.0792387432762975,8.540903699488416,0.5809116782691248,-0.5490571243722755,0.7993260309619621
1,3,24.1,6.1354140739763015,8.483958499964936,0.5501604615691136,-0.580487231589224,0.7997761933891641
1,3,24.200000000000003,6.189270835590122,8.42480625317057,0.5344282936639324,-0.5952575062258774,0.799965686630866
1,3,24.3,6.242299732709087,8.36490699871976,0.5333158555426252,-0.5962739198792519,0.7999802430693715
1,3,24.400000000000002,6.295934006698647,8.30555146919472,0.5469537266462865,-0.5835577736658095,0.7998112616724379
1,3,24.5,6.3516904780383445,8.2481954439866,0.5749795635634349,-0.5554142165262661,0.7994288276232501
1,3,24.6,6.410929919411333,8.194468625889469,0.6155679592267482,-0.5091406605649595,0.7988417394372348
1,3,24.700000000000003,6.474804069883695,8.146367311873606,0.6612351399527014,-0.447896936240177,0.7986510976650604
1,3,24.8,6.543176947401873,8.104889238641432,0.70087275865842,-0.3835088915234266,0.7989378534698373
1,3,24.900000000000002,6.6149786216153785,8.069665533568921,0.7300918002909427,-0.32518511238619396,0.7992367572688904
1,3,25.0,6.689195307460062,8.039852216164192,0.7505258097805765,-0.27546184477795066,0.7994799679011738
1,3,25.1,6.7650837835714945,8.014573164613331,0.764549100841684,-0.2344165099229798,0.7996789529069138
1,3,25.200000000000003,6.8421051276284,7.992968914179596,0.7738945183609545,-0.20199027845261242,0.799820478694124
1,3,25.3,6.919862687243684,7.974175108922809,0.7797592254160151,-0.17843729576640044,0.7999151943436315
1,3,25.400000000000002,6.998056972711602,7.957281455026316,0.7831607188351697,-0.16312038548019814,0.7999681066677772
1,3,25.5,7.076494831010718,7.94155103182677,0.7847683639215361,-0.1553438531092013,0.7999956860576798
1,3,25.6,7.155010645495907,7.926212684404477,0.7848331054785334,-0.15502198461378924,0.7999967619738699
1,3,25.700000000000003,7.233461452106427,7.910546634904011,0.7833552853020862,-0.16220328141060492,0.7999721292089373
1,3,25.8,7.311681702556324,7.893772028122356,0.7801165284043634,-0.17689539065892035,0.7999211068136957
1,3,25.900000000000002,7.389484757787299,7.875167556772227,0.7746958794647654,-0.1989910341858021,0.7998444457180542
1,3,26.0,7.466620878449277,7.853973821285196,0.7660017165906723,-0.2297365104749005,0.7997108815472256
1,3,26.1,7.542685101105433,7.829220254677247,0.7529861605442463,-0.2688639000147717,0.7995473436278295
1,3,26.200000000000003,7.617218110558128,7.800201041282242,0.7344296919345794,-0.3155052821938895,0.7993313177196094
1,3,26.3,7.68957103949235,7.766119198238468,0.7081476635885338,-0.3701937847814989,0.7990723069514736
1,3,26.400000000000002,7.7588476432758355,7.726162284325943,0.6725083024817451,-0.4310674500929821,0.7988032069518398
1,3,26.5,7.824072699988699,7.679905708219872,0.6274979226935002,-0.4939514605586055,0.7985873079210798
1,3,26.6,7.884347227814535,7.627371992214222,0.5736298601498291,-0.5554414030412076,0.7984775317239038
1,3,26.700000000000003,7.938798672018667,7.568817427611628,0.5364866134216726,-0.580078943839915,0.7901325632241
1,3,26.8,7.991644550498869,7.511356203446239,0.6506310858783948,-0.39017709501157327,0.7586560323249064
1,3,26.900000000000002,8.068924889194346,7.490782008609314,0.7805111843046006,-0.1703546785479091,0.7988857398450242
1,3,27.0,8.147746787359788,7.477285267736658,0.7929048697496839,-0.09622474262176439,0.798722313176105
1,3,27.1,8.227505863144282,7.471537060084961,0.7984640378153571,-0.017623274375296205,0.7986584999135181
1,3,27.200000000000003,8.307439594922862,7.473760612861599,0.7964363712736642,0.06062274308207094,0.7987402647083447
1,3,27.3,8.386793137399014,7.483661608701376,0.7876169631384258,0.13400515895339282,0.7989354562475748
1,3,27.400000000000002,8.464962987550546,7.500561644652278,0.7742169759489315,0.19835333953211887,0.7992221050190318
1,3,27.5,8.5416365325888,7.5233322766078,0.7591675896670722,0.25072850230473165,0.7994999756528364
1,3,27.6,8.61679650548396,7.550707345113224,0.7450672645265541,0.290571858129276,0.7997232230001716
1,3,27.700000000000003,8.690649985494113,7.581446648233656,0.7339564660648534,0.3179987963118549,0.7998845720066096
1,3,27.8,8.76358779869693,7.6143071043755945,0.7270362447804857,0.33372445902350734,0.7999710718363776
1,3,27.900000000000002,8.83605723445021,7.648191540038357,0.7247762041018859,0.3386685323930223,0.7999980755386741
1,3,28.0,8.908543039517308,7.682040810854198,0.7271991555682291,0.333370013678298,0.7999713606617515
1,3,28.1,8.981497065563856,7.7148655427740165,0.7338373654772639,0.31831332707156434,0.7999004020263898
1,3,28.200000000000003,9.055310512612763,7.745703476268512,0.7439657591830766,0.2935581171153814,0.7997883588557535
1,3,28.3,9.130290217400471,7.773577166197092,0.7550675209779882,0.2637072045975586,0.7997927550262651
1,3,28.400000000000002,9.20632401680836,7.798444917188024,0.7618229525604789,0.24408719092986786,0.7999704793453315
1,3,28.5,9.282654807912566,7.8223946043830646,0.7607680128397689,0.24723178528874712,0.7999322002627672
1,3,28.6,9.358477619376313,7.8478912742457725,0.7504757911425841,0.27585264642498686,0.7995677554971538
1,3,28.700000000000003,9.432749966141085,7.877565133668062,0.7259821348789472,0.33285753896370096,0.7986514893295859
1,3,28.8,9.503674046352103,7.9144627820385125,0.6784801090451111,0.4183874156808258,0.7971093325071198
1,3,28.900000000000002,9.568445987950106,7.961242616804227,0.6042552249411486,0.5186227062785917,0.7963001245362257
1,3,29.0,9.624525091340331,8.01818732329423,0.5240701874083484,0.6017180179329316,0.797943691268599
1,3,29.1,9.673260025431775,8.081586220390813,0.46317080720014303,0.6513322921783384,0.799225219494931
1,3,29.200000000000003,9.71715925278036,8.148453781729899,0.4276348638752694,0.6759154397834948,0.7998332692126123
1,3,29.3,9.75878699820683,8.21676930834751,0.417342252535974,0.6824988921351718,0.7999870583437819
1,3,29.400000000000002,9.800627703287555,8.284953560156932,0.43125629805233245,0.673555258750639,0.7997866473006676
1,3,29.5,9.845038257817295,8.351480360097638,0.4681608666364383,0.6477714527679623,0.7992386702799718
1,3,29.6,9.894259876614843,8.414507850710523,0.5196211764014294,0.6068359518460653,0.7989092810937456
1,3,29.700000000000003,9.948962493097582,8.472847550466852,0.569896493944043,0.5601775574798538,0.7991125763706936
1,3,29.8,10.00823917540365,8.526543362206494,0.6103774860895896,0.5161715945588199,0.7993708717200309
1,3,29.900000000000002,10.071037990315501,8.576081869378616,0.6413311748922084,0.47750745612390233,0.7995742908213976
1,3,30.0,10.136505410382092,8.622044853431275,0.6644651501724326,0.4450473036738529,0.7997381060703811
1,3,30.1,10.203931020349987,8.665091330113386,0.6810257416012959,0.41949834358189264,0.7998593132492405
1,3,30.200000000000003,10.272710558702354,8.705944522147655,0.6924797491984691,0.4004392976749642,0.7999248928320666
1,3,30.3,10.342426970189681,8.745179189648377,0.7008985245525992,0.38556387679093973,0.7999489013718748
1,3,30.400000000000002,10.412890263612873,8.783057297505843,0.707590455071248,0.3731778703903146,0.7999662336980145
1,3,30.5,10.483945061203931,8.81981476372644,0.7127095565997905,0.36333782020185623,0.7999808020557159
1,3,30.6,10.55543217493283,8.855724861546214,0.7163066469373263,0.35621682521023956,0.7999910243305595
1,3,30.700000000000003,10.627206390591398,8.891058128768488,0.7184903162845728,0.3518060683160016,0.7999974026824517
1,3,30.8,10.699130238189744,8.926086075209415,0.7192992384514554,0.35015474488452725,0.7999998373762285
1,3,30.900000000000002,10.771066238281689,8.961089077745394,0.7187430555127676,0.3512911975013395,0.7999981783040224
1,3,31.0,10.842878849292298,8.996344314709683,0.7168207968572204,0.3551846101042955,0.7999926012545122
1,3,31.1,10.914430397653133,9.032125999766253,0.7134640335890339,0.3618582085217952,0.7999826812498737
1,3,31.200000000000003,10.985571656010107,9.068715956414042,0.7086316742273624,0.3712036577456743,0.7999693776901978
1,3,31.3,11.056156732498604,9.106366731315386,0.7022748065829418,0.3830591213150427,0.7999526200868156
1,3,31.400000000000002,11.126026617326694,9.145327780677052,0.694411374884794,0.3971697057134804,0.7999693323533862
1,3,31.449072684823566,11.16,9.165,0.6923073965782391,0.4008792140409038,0.7999960472446048
2,1,0.0,6.614999999999998,3.5549999999999993,0.6159522790429239,-0.510492693328537,0.7999999999999973
2,1,0.1,6.676595227904291,3.5039507306671456,0.6115998035906784,-0.5156054917232922,0.7999395869985273
2,1,0.2,6.737319960718135,3.4518789016553404,0.6023347401875583,-0.5263374441056037,0.7998988963015469
2,1,0.30000000000000004,6.797062175941803,3.3986832418460247,0.5918625824892132,-0.5381063569760975,0.7999123501789981
2,1,0.4,6.855692477215976,3.344257630260121,0.5787260096315947,-0.5522123364732998,0.7999139071033892
2,1,0.5,6.912807377868122,3.288240774551365,0.5635852993936368,-0.5676446865647193,0.7999055443474397
2,1,0.6000000000000001,6.968409537094703,3.2307286929471766,0.5480701331538,-0.5825712696320853,0.7998563340100295
2,1,0.7000000000000001,7.022421404498882,3.171726520624948,0.5311165917837499,-0.5979997644138955,0.7998053215045903
2,1,0.8,7.074632855451453,3.1111287400643977,0.5119212169960718,-0.6144591958577603,0.7997646127360879
2,1,0.9,7.124805647898096,3.048834681453396,0.4901924397443409,-0.6318799779217485,0.7997255369693397
2,1,1.0,7.172671343400322,2.984752744480048,0.46562117826707095,-0.6501449557696208,0.7996821525853242
2,1,1.1,7.21792988355151,2.9188056902994717,0.4378893508798285,-0.6690784386612894,0.7996330662843967
2,1,1.2000000000000002,7.260249213576288,2.85093705674779,0.40668272863212707,-0.6884352059976457,0.7995835632532058
2,1,1.3,7.2992664292779335,2.781118649099942,0.37170885002034737,-0.7078907522187485,0.7995478636456199
2,1,1.4000000000000001,7.334590983580358,2.709358906304041,0.3311781449126414,-0.7276328305665007,0.7994551268120035
2,1,1.5,7.365502058260461,2.6355920829866415,0.2836339015710152,-0.7473096969525503,0.7993246982795597
2,1,1.6,7.391317763894563,2.5598969669135316,0.23239223592418057,-0.764743309234742,0.7992737205345514
2,1,1.7000000000000002,7.411980505445296,2.482643421139693,0.17750014588531116,-0.7791572237576201,0.799119691362307
2,1,1.8,7.426817793071624,2.404065522162007,0.11308958331171937,-0.7908277705918554,0.7988728413163778
2,1,1.9000000000000001,7.4345984221076415,2.324477867021322,0.04618910035354418,-0.7977066416282614,0.7990427517281595
2,1,2.0,7.436055613142331,2.2445241938363547,-0.02572528947377606,-0.7982232226435322,0.7986376548134552
2,1,2.1,7.429453364212888,2.164833222492616,-0.09936681297794081,-0.7927246719940015,0.7989281376377918
2,1,2.2,7.416182250546743,2.085979259437554,-0.1726082164219278,-0.7797274879590361,0.7986041271213591
2,1,2.3000000000000003,7.394931720928502,2.008887724900809,-0.24477818153205533,-0.7604746186066684,0.798897993300207
2,1,2.4000000000000004,7.367226614240332,1.9338843357162205,-0.3111829036426812,-0.7356673328527243,0.7987748269356837
2,1,2.5,7.332695140199967,1.8617542583302644,-0.3739702092045647,-0.7060752038990739,0.7989968153463596
2,1,2.6,7.292432572399418,1.7926692949364054,-0.4294795337702695,-0.6738168057339475,0.7990505350833753
2,1,2.7,7.2467992334459135,1.7269908971834746,-0.47969128353842905,-0.6392259899543404,0.799195591664426
2,1,2.8000000000000003,7.196494315691733,1.6648240969455375,-0.5235194212292029,-0.6039924401125667,0.7992993507549546
2,1,2.9000000000000004,7.142095349200073,1.6061924091609612,-0.561769398828865,-0.5687389951031321,0.7994053427463848
2,1,3.0,7.0841404359259625,1.5510762979249113,-0.5953585722763819,-0.533571045985922,0.7994685051316798
2,1,3.1,7.023023634744796,1.4994781999637767,-0.6239697769918067,-0.5000109524465444,0.7995931685336646
2,1,3.2,6.959346480527601,1.4510741074356024,-0.6494689969745338,-0.4663890901785548,0.7995803658599222
2,1,3.3000000000000003,6.89312983534989,1.4062003819280657,-0.6715583393782083,-0.4342152477160619,0.7997083746826326
2,1,3.4000000000000004,6.825034812651959,1.36423105789239,-0.6903297331484097,-0.40365103051510953,0.7996807456133131
2,1,3.5,6.75506388872021,1.3254701758250442,-0.7075320015937763,-0.37277736892472646,0.7997277662190659
2,1,3.6,6.683528412333204,1.2896755841074445,-0.7217842440454092,-0.3444924829308542,0.7997796982595068
2,1,3.7,6.610707039911128,1.2565716792388733,-0.7347280627944315,-0.3158877803608746,0.7997564729584739
2,1,3.8000000000000003,6.536582799774316,1.2264980280352695,-0.7464525670828763,-0.28719372378011343,0.7997947673517901
2,1,3.9000000000000004,6.461416526494553,1.1991329344828505,-0.7560699682415617,-0.2608927865337405,0.7998167558523239
2,1,4.0,6.385368806126005,1.1743194707285216,-0.7647814139361842,-0.2340704632865238,0.7997997204834452
2,1,4.1000000000000005,6.308460243707315,1.152318841825546,-0.7727030039447058,-0.2064704695361126,0.7998124699550732
2,1,4.2,6.230828205337064,1.133025376821299,-0.7792286445648173,-0.18036745072692284,0.7998310432785485
2,1,4.3,6.152614514794352,1.1162453516801616,-0.784750801687796,-0.15454170587629878,0.79982308019011
2,1,4.4,6.073878044999504,1.102117035646039,-0.7896927672685159,-0.12679078543621358,0.7998065828359618
2,1,4.5,5.994675961340649,1.0908871945929188,-0.7936339192342601,-0.09936209972247134,0.7998297472714992
2,1,4.6000000000000005,5.915151261152652,1.0822446157015448,-0.7964664217733812,-0.0732655305924732,0.799829106112981
2,1,4.7,5.835382676985972,1.0762340884744241,-0.7985690476131602,-0.044054516037867586,0.799783298268425
2,1,4.800000000000001,5.75543745163002,1.0734337124939712,-0.7996860041172837,-0.014036369122027104,0.7998091802668922
2,1,4.9,5.6754454761625155,1.0734268146500185,-0.7996706197933179,0.014266363307566365,0.7997978677657579
2,1,5.0,5.5955033276713575,1.0762869851554846,-0.7983911978777947,0.046274602200324644,0.7997311070963403
2,1,5.1000000000000005,5.515767236586957,1.0826817350900835,-0.7957621730003694,0.07978808825093608,0.7997521959988663
2,1,5.2,5.436350893071284,1.0922446028056718,-0.7917880670556983,0.11235767344782488,0.7997203198083734
2,1,5.300000000000001,5.357409623175816,1.1051532697796485,-0.7855775136588647,0.1492593252366694,0.7996314001691964
2,1,5.4,5.279235390339511,1.1220964678530059,-0.777424969157078,0.18731056383296352,0.7996717013827027
2,1,5.5,5.2019246293444015,1.142615382546241,-0.7666564317903415,0.2269005100885595,0.7995285647704821
2,1,5.6000000000000005,5.125904103981442,1.167476569870718,-0.7526387657366094,0.26973368536519526,0.7995132098409737
2,1,5.7,5.05139687619708,1.1965621196192802,-0.7352574059592847,0.31375753521696215,0.7994043056697904
2,1,5.800000000000001,4.978852622789585,1.2302280769141103,-0.7132744786238341,0.3607510257121538,0.7993133205498789
2,1,5.9,4.908741980472312,1.268712324761711,-0.6864915428975138,0.4092498802486224,0.7992221862244071
2,1,6.0,4.841554314210083,1.3120780529638345,-0.6543795660527998,0.4586864926084715,0.7991282218573638
2,1,6.1000000000000005,4.777866067261752,1.3604496232834054,-0.618270640199519,0.5064042305078837,0.7991894826691635
2,1,6.2,4.717900186170179,1.4133588990654113,-0.5814855962159875,0.548447872139282,0.799325069706167
2,1,6.300000000000001,4.661568948018554,1.470139197711262,-0.54547573583244,0.5844452615720863,0.7994498371730439
2,1,6.4,4.608805039003691,1.5302479513798288,-0.512060218797572,0.614127762977879,0.7995990100889515
2,1,6.5,4.55915690425904,1.5929647503068372,-0.48185010152161567,0.6382192374218141,0.799689511842986
2,1,6.6000000000000005,4.512435018699368,1.6578917988641917,-0.45522059474856746,0.6576024019448168,0.7997916659523477
2,1,6.7,4.4681127853093265,1.7244852306958005,-0.43287872089046076,0.6725969517914212,0.7998566412544643
2,1,6.800000000000001,4.425859274521276,1.792411189222476,-0.4141766587937674,0.6843317983103141,0.7999076914670824
2,1,6.9,4.385277453550573,1.8613515903578632,-0.3997609565347169,0.6929030550803557,0.7999521648881526
2,1,7.0,4.345907083214333,1.9309918002385469,-0.3889239950632408,0.699066660297893,0.7999725429513199
2,1,7.1000000000000005,4.307492654537925,2.001164922417442,-0.3817290041906425,0.7030440813119725,0.7999925080325284
2,1,7.2,4.269561282376204,2.0716006165009415,-0.37836443313744894,0.7048673056136536,0.7999984767400965
2,1,7.300000000000001,4.2318197679104355,2.142138383540173,-0.378226725950249,0.7049416517828675,0.7999988679000755
2,1,7.4,4.193915937186154,2.212588946857515,-0.38145233682070057,0.7031940659926477,0.7999923622843191
2,1,7.5,4.155529300546296,2.282777196738702,-0.38826869104758543,0.6994353877767789,0.7999765234819447
2,1,7.6000000000000005,4.116262198976637,2.352476024412871,-0.3979695003190322,0.6939465659078969,0.7999634738658655
2,1,7.7,4.075935400482489,2.421566509920282,-0.41114172347297995,0.6861776188973678,0.799923272230527
2,1,7.800000000000001,4.034033854282041,2.4897115481923446,-0.427725215954041,0.6759324823867523,0.7998959814303659
2,1,7.9,3.990390357291681,2.5567530063976323,-0.4464875907625512,0.6636407897642638,0.7998564037024916
2,1,8.0,3.9447363361295302,2.622439706145197,-0.4693218371823278,0.647595526430429,0.799776814310655
2,1,8.1,3.8965259898552156,2.6862721116837176,-0.4941765453663578,0.6288264127677259,0.7997706642435407
2,1,8.200000000000001,3.8459010270562577,2.7482049886987427,-0.5214654343927272,0.6062103474489984,0.799635657421948
2,1,8.3,3.7922329029766693,2.8075141811735183,-0.5512329806768115,0.5792336657377195,0.799605801948559
2,1,8.4,3.735654430920896,2.864051721846286,-0.5805266383093795,0.5497937753900111,0.7995526081780929
2,1,8.5,3.676127575314794,2.91747293625152,-0.6110718631498102,0.5154882150988858,0.7994603941654743
2,1,8.6,3.6134400582909345,2.967149364866063,-0.63985714877915,0.4794274484947554,0.7995422748135177
2,1,8.700000000000001,3.5481561455589627,3.0133584259504715,-0.6672661368967994,0.4401700905910513,0.7993708814437216
2,1,8.8,3.479986830911574,3.055183382984274,-0.6944336948134762,0.39589492937641424,0.7993565860104315
2,1,8.9,3.4092694065962683,3.092537411825754,-0.7192385945079955,0.3485592194363498,0.7992482000504688
2,1,9.0,3.3361391120099753,3.1248952268715438,-0.743327412480749,0.293080988795273,0.7990194666830968
2,1,9.1,3.260603924100119,3.1511536095848083,-0.7645410133834574,0.2321924262502062,0.7990220797658607
2,1,9.200000000000001,3.183230909333283,3.171333712121585,-0.7820219056410096,0.16164286700259645,0.7985528644712353
2,1,9.3,3.1041995429719162,3.183482182985328,-0.7940989596959174,0.08701788585365655,0.7988524708909513
2,1,9.4,3.0244111173941,3.188737289292316,-0.7987210048013047,0.016781281978452967,0.7988972743323426
2,1,9.5,2.944455342011656,3.1868384393810185,-0.7982909413817332,-0.04300653580217784,0.7994485532001654
2,1,9.600000000000001,2.8647529291177527,3.18013598213188,-0.7946155118428173,-0.08896652861063181,0.7995804242690343
2,1,9.700000000000001,2.7855322396430915,3.169045133658892,-0.7902853310773459,-0.12331805928570638,0.7998488908925381
2,1,9.8,2.706695862902284,3.155472370274739,-0.7867493387877929,-0.14459509529633863,0.799926411407191
2,1,9.9,2.6281823718855333,3.1401261145996244,-0.7846105192356276,-0.1561174455704748,0.7999914522709923
2,1,10.0,2.5497737590551592,3.124248881160644,-0.7844760617264637,-0.15680254728152754,0.7999935813841497
2,1,10.100000000000001,2.4712871595402395,3.108765605143319,-0.7861118301075454,-0.1481706636400677,0.7999539705499138
2,1,10.200000000000001,2.3925513930336493,3.0946147484326305,-0.7890192076386757,-0.13149417114279238,0.799901260823668
2,1,10.3,2.313483318012505,3.0824667709147606,-0.7928880899451656,-0.10455719475944747,0.7997522929963115
2,1,10.4,2.2339737750446167,3.073703309480741,-0.7965626380114994,-0.07115107920489905,0.7997340260035588
2,1,10.5,2.1541707904102054,3.068236555073781,-0.7988059998967589,-0.03904899694611963,0.7997598699819584
2,1,10.600000000000001,2.0742125750652645,3.065893510091517,-0.7997506922398063,-0.008084098667179518,0.7997915493360193
2,1,10.700000000000001,1.9942206519622432,3.066619735340345,-0.7996558396928322,0.018629408351051424,0.7998728128961246
2,1,10.8,1.9142814071266987,3.0696193917617274,-0.7988800584780709,0.04029153330701973,0.7998954653516649
2,1,10.9,1.8344446402666297,3.0746780420017488,-0.7976546606355583,0.06013226940683403,0.7999180254611368
2,1,11.0,1.7547504749995875,3.081645845643094,-0.796290158793175,0.07647554533960665,0.7999540774481059
2,1,11.100000000000001,1.675186608507994,3.08997315106967,-0.7949994588011657,0.08901052332806714,0.7999668822878124
2,1,11.200000000000001,1.5957505832393535,3.099447950308708,-0.7937675952457939,0.09949869316879223,0.799979365486753
2,1,11.3,1.5164330894588358,3.1098728897034285,-0.7928078792943003,0.10697582021442287,0.7999925997043187
2,1,11.4,1.437189007380494,3.1208431143515925,-0.792230235605186,0.11120803233276177,0.7999974829100234
2,1,11.5,1.357987042337799,3.1321144961699807,-0.7920335654090227,0.112615642746972,0.7999996573285779
2,1,11.600000000000001,1.2787822942986886,3.1433662429009868,-0.7922761366567794,0.11087928351018306,0.7999973076376716
2,1,11.700000000000001,1.1995318150064425,3.1542903528720174,-0.7930636989171305,0.10499631730047732,0.7999839105799462
2,1,11.8,1.120169554515263,3.164365506361082,-0.7942917902275894,0.09513989340375417,0.7999694040023198
2,1,11.9,1.040673456960925,3.1733183315527684,-0.7959453993008454,0.07957415647400268,0.7999131984451384
2,1,12.0,0.9609804746550946,3.1802803376558826,-0.7977874694427385,0.057428344327364655,0.7998517744757654
2,1,12.100000000000001,0.8811159630723766,3.1848040004182416,-0.7992521622237208,0.026911886377524397,0.7997051134310007
2,1,12.200000000000001,0.8011300422103496,3.1856627149313876,-0.7992471617263135,-0.016957639872352104,0.7994270367441974
2,1,12.3,0.7212665307271144,3.181412472443771,-0.7951558105820906,-0.07700084639626681,0.7988753929419801
2,1,12.4,0.642098880093932,3.1702625456521343,-0.7817625602442884,-0.1591489456358932,0.797797648214584
2,1,12.5,0.5649140186782573,3.1495826833165927,-0.7491402028182907,-0.26927770235233695,0.7960662814507242
2,1,12.600000000000001,0.49227083953027306,3.1164070051816664,-0.6803981200320104,-0.40782247296647967,0.7932595862639096
2,1,12.700000000000001,0.42883439467185436,3.068018188723297,-0.566717932964601,-0.5529650663985208,0.791795163031949
2,1,12.8,0.37892725293735324,3.0058139919019626,-0.42388076077398207,-0.6698932613381245,0.7927369557050804
2,1,12.9,0.34405824251705824,2.9340395364556726,-0.28175729548208217,-0.7435077422628158,0.7951043556427843
2,1,13.0,0.322575793840937,2.8571124434494,-0.16391707623669394,-0.7803796309597786,0.797409039514167
2,1,13.100000000000001,0.3112748272697195,2.7779636102637157,-0.0694983300821499,-0.7953889022832339,0.7984193908964983
2,1,13.200000000000001,0.30867612782450676,2.6980346629927525,0.0014510506316913752,-0.7992626713941249,0.7992639885744939
2,1,13.3,0.3115650373960578,2.618111075984891,0.051480881440953086,-0.7978412974191933,0.7995004796880857
2,1,13.4,0.31897230411269734,2.5384664035089144,0.0937930063434842,-0.7941513890593139,0.7996709053002907
2,1,13.5,0.33032363866475456,2.459280798173029,0.12791023998360984,-0.7895280571973053,0.7998222193677894
2,1,13.600000000000001,0.34455435210941954,2.3805607920694527,0.15403457185240543,-0.7849069807860936,0.7998785019066926
2,1,13.700000000000001,0.3611305530352358,2.3022994020158096,0.1757128210529002,-0.7803856747693896,0.7999229943361074
2,1,13.8,0.37969691631999947,2.2244836571155755,0.195147141731288,-0.7757694019122052,0.7999378550044447
2,1,13.9,0.4001599813814932,2.1471455216333695,0.21174929592452552,-0.7714133388650986,0.7999476881043732
2,1,14.0,0.42204677550490444,2.070200989342556,0.224812476051516,-0.767700079368856,0.7999400360348026
2,1,14.100000000000001,0.44512247659179666,1.9936055057595974,0.23574498201251304,-0.7644258120664986,0.7999515727202529
2,1,14.200000000000001,0.4691957719074073,1.9173158269292554,0.246157325420699,-0.7611544151040341,0.7999684196833249
2,1,14.3,0.49435394167593627,1.8413746227387908,0.25660704362009845,-0.7577011142832735,0.7999738454609384
2,1,14.4,0.5205171806314268,1.7657756040726011,0.26459162383577306,-0.754951959397614,0.7999757423836974
2,1,14.5,0.5472722664430907,1.6903842308592687,0.27144870754577743,-0.7525178709520439,0.7999797165744079
2,1,14.600000000000001,0.5748069221405826,1.6152720298821914,0.279059211449161,-0.7497322451341777,0.7999828016204862
2,1,14.700000000000001,0.6030841087329232,1.5404377818324324,0.2862203816329205,-0.7469182760481692,0.7998806273168915
2,1,14.8,0.6320509984671665,1.4658883746725582,0.32338452765023185,-0.7306853954321308,0.7990486216879251
2,1,14.9,0.6677610142629693,1.3943007027460068,0.3571001579580293,-0.7158767192655153,0.8000000000000043
2,1,15.0,0.7034710300587721,1.3227130308194557,0.3604610785786644,-0.714109281199069,0.7999276558944222
2,1,15.100000000000001,0.7398532299787026,1.2514788465061921,0.37563047813354045,-0.7061320103127002,0.7998254010039239
2,1,15.200000000000001,0.7785971256854806,1.1814866287569148,0.38743895706778053,-0.6999221774927742,0.7999999999999975
2,1,15.3,0.8173410213922584,1.1114944110076377,0.39958694332813005,-0.6927820684338526,0.7997604138876876
2,1,15.4,0.8585145143511064,1.0429302150701447,0.41738587704642427,-0.682320554471171,0.7998576807230515
2,1,15.5,0.900818196801543,0.975030300113404,0.43177384910754757,-0.6731687544748226,0.7997404758884793
2,1,15.600000000000001,0.9448692841726164,0.9082964641751795,0.45258118408061776,-0.6592835945689384,0.7996778015248106
2,1,15.700000000000001,0.9913344336176669,0.8431735811996155,0.47456657961726023,-0.6435692167959566,0.799621645090343
2,1,15.8,1.0397826000960682,0.7795826208159886,0.4986377308891008,-0.6249737434202354,0.799519709970263
2,1,15.9,1.0910619797954868,0.7181788325155689,0.5300903209957326,-0.5981807169356661,0.799259606465275
2,1,16.0,1.1458006642952143,0.6599464774288558,0.5591882671296275,-0.571119361183344,0.7992927141003517
2,1,16.1,1.202899633221413,0.6039549602788996,0.5987528053243194,-0.5286932889816556,0.7987624901671226
2,1,16.2,1.2655512253600776,0.5542078196325249,0.6464890497266573,-0.4685960337160875,0.7984549669398551
2,1,16.3,1.3321974431667443,0.5102357535356826,0.6876045814601621,-0.40299655226838516,0.7969982945936647
2,1,16.400000000000002,1.403072141652112,0.4736085091788466,0.7298552560304081,-0.3179520465586836,0.7961043893020989
2,1,16.5,1.478168494372825,0.4466453442239458,0.7672377040797445,-0.21124147837636897,0.7957868161437405
2,1,16.6,1.5565196824680603,0.43136021350357345,0.7908867042516547,-0.09003257610666449,0.7959947510646328
2,1,16.7,1.6363458352231555,0.4286388290026125,0.7960562386727066,0.03262118845902018,0.7967243419566243
2,1,16.8,1.715730930202601,0.43788445119537783,0.78468342618382,0.14387367502064796,0.7977641967972275
2,1,16.900000000000002,1.7932825204599216,0.45741356400674255,0.7622767680037441,0.23812921408340593,0.7986059063381729
2,1,17.0,1.8681862838033494,0.4855102940120586,0.7346400726175819,0.31439494620102915,0.799087115709116
2,1,17.1,1.9402105349834373,0.5202925532469485,0.7081601112406943,0.3707015507226128,0.7993186991811104
2,1,17.2,2.009818306051488,0.5596506041565807,0.6860812827938165,0.4103397169636369,0.7994286771925351
2,1,17.3,2.0774267915422002,0.6023604966396756,0.6680526007610954,0.4394525167740606,0.7996329107051057
2,1,17.400000000000002,2.1434288262037087,0.647541107511394,0.6536080532714976,0.46102132176194344,0.7998400755279059
2,1,17.5,2.208148402196499,0.6945647609920639,0.6407398568888762,0.478882428986132,0.7999224618659206
2,1,17.6,2.271576797581483,0.7433175933086201,0.631590630700881,0.49097437555209034,0.7999766010564944
2,1,17.7,2.334466528336675,0.7927596361024816,0.6272098024718407,0.49656822934014677,0.7999825890022695
2,1,17.8,2.3970187580758506,0.8426312391766492,0.6245012697499419,0.49999340178942386,0.7999970235896193
2,1,17.900000000000002,2.459366782286665,0.8927583164603677,0.6243317071422876,0.500207375754818,0.7999984370626763
2,1,18.0,2.521885099504308,0.9426727143276123,0.6266293965341632,0.497308861029512,0.7999878148192259
2,1,18.1,2.5846926615934973,0.9922200886662699,0.6300472516518152,0.49296744292932715,0.7999852743033994
2,1,18.2,2.6478945498346707,1.0412662029134776,0.6369869519269038,0.483909848607019,0.7999506975457898
2,1,18.3,2.7120900519788775,1.0890020583876732,0.6455587387300508,0.4723635010584859,0.7999208475111548
2,1,18.400000000000002,2.777006297580683,1.1357389031251761,0.6532831192633992,0.4616207646058008,0.7999203486783925
2,1,18.5,2.842746675831557,1.181326211308833,0.6658811690907882,0.44310110786646373,0.7998351849863835
2,1,18.6,2.91018253139884,1.2243591246984684,0.679486036740391,0.4218679724170604,0.7997961366976247
2,1,18.7,2.9786438831796347,1.2656998057922448,0.6903451207593587,0.403856388395905,0.7997977045506179
2,1,18.8,3.0482515555507113,1.305130402377649,0.7067119682408176,0.37414206362900604,0.7996399751334232
2,1,18.900000000000002,3.1199862768278,1.340528218518047,0.7230800056303952,0.3413481387332027,0.7996019299370619
2,1,19.0,3.1928675566767897,1.3734000301242895,0.7350782701383842,0.31469988458331155,0.7996099552821919
2,1,19.1,3.2670019308554767,1.403468195434709,0.7515751362552532,0.2722693504529401,0.7993721189991356
2,1,19.200000000000003,3.343182583927842,1.4278539002148782,0.7660635118284027,0.22869121737148213,0.7994704353868977
2,1,19.3,3.4202146332211565,1.4492064389090054,0.7749992586240708,0.19634809741608983,0.7994851006909245
2,1,19.400000000000002,3.498182435652656,1.4671235196980958,0.7846900513730759,0.15308471133103918,0.7994832115605606
2,1,19.5,3.577152643495771,1.4798233811752133,0.7913003317269762,0.11521971921993046,0.7996447953237376
2,1,19.6,3.656442501998051,1.4901674635420818,0.7948324973778256,0.08764842430862085,0.7996505143946667
2,1,19.700000000000003,3.7361191429713383,1.4973530660369376,0.7978852641041776,0.053831074964729275,0.7996991179852905
2,1,19.8,3.8160195548188858,1.5009336785350278,0.7993108410368208,0.027377867731112282,0.7997795747832599
2,1,19.900000000000002,3.8959813111787014,1.50282863958316,0.7997670260899845,0.0036952876367646326,0.7997755629997307
2,1,20.0,3.975972960036882,1.501672736062381,0.7995671230015198,-0.02145704519061642,0.799854979964018
2,1,20.1,4.055894735779004,1.4985372305450366,0.7989792764297192,-0.038111551427340906,0.7998877261943432
2,1,20.200000000000003,4.135768815322828,1.4940504257769127,0.797746302632337,-0.058316810776024575,0.7998749988483519
2,1,20.3,4.2154439963054715,1.486873868389832,0.7963355330089712,-0.07587177584794258,0.7999417525688997
2,1,20.400000000000002,4.2950359219246215,1.478876070607324,0.7950281131292627,-0.08832756763778438,0.7999196583849425
2,1,20.5,4.374449618931324,1.4692083548622752,0.7933416542589349,-0.1026085213686585,0.7999496790672309
2,1,20.6,4.453704252776408,1.4583543663335923,0.7920500394480037,-0.11224121998672576,0.7999633469439039
2,1,20.700000000000003,4.532859626820927,1.4467601108649297,0.7904439754969026,-0.12304057014822867,0.7999629118288855
2,1,20.8,4.611793047875788,1.4337462523039468,0.7890107046153894,-0.13205375343479187,0.7999850534815572
2,1,20.900000000000002,4.690661767744005,1.4203493601779715,0.7879306830684705,-0.1383231424439293,0.7999800329110158
2,1,21.0,4.769379184489481,1.406081623815161,0.7867691742320595,-0.14485003346764458,0.7999920410337683
2,1,21.1,4.848015602590416,1.3913793534844427,0.786038754225558,-0.14876852254175166,0.7999931227477665
2,1,21.200000000000003,4.926586935334595,1.3763279193068103,0.7853508692038993,-0.1523790995064731,0.7999971110733611
2,1,21.3,5.005085776431195,1.3609035335831483,0.7849241108378422,-0.15457353908199067,0.7999992742239889
2,1,21.400000000000002,5.083571757502162,1.3454132114904123,0.7848109519063584,-0.1551504798706933,0.7999999385226668
2,1,21.5,5.162047966812466,1.3298734376090098,0.7849393332961974,-0.15449318794283773,0.7999986887965628
2,1,21.6,5.240559624161401,1.314514573901845,0.7852467768835432,-0.15292413997553922,0.7999989332450709
2,1,21.700000000000003,5.319097322189177,1.2992886096139016,0.7860333796795587,-0.14878917590937135,0.7999916829806789
2,1,21.8,5.397766300097312,1.2847567387199708,0.7871180837557716,-0.14290430586711267,0.7999853238720815
2,1,21.900000000000002,5.476520938940331,1.2707077484404792,0.7881668105593036,-0.1369808142220128,0.7999816652474923
2,1,22.0,5.555399662209172,1.2573605758755682,0.7899302354064801,-0.12625578951335203,0.7999564370607796
2,1,22.1,5.634506986021626,1.245456590537809,0.7918292106004259,-0.11357280041336804,0.7999326720129816
2,1,22.200000000000003,5.71376550432926,1.2346460157928942,0.7934989444337326,-0.101245174149458,0.7999319721738855
2,1,22.3,5.793206774908372,1.2252075557079174,0.7958297495990578,-0.08024092012832718,0.7998647358209635
2,1,22.400000000000002,5.872931454249071,1.218597831767229,0.7979528398477349,-0.05430401774155591,0.7997985127292624
2,1,22.5,5.952797342877918,1.214346752159606,0.7991269364460187,-0.027894888492000725,0.7996136475558558
2,1,22.6,6.032756841538274,1.213018854068829,0.7995486958893494,0.005244324272284828,0.799565894742536
2,1,22.700000000000003,6.112707082055791,1.215395617014063,0.7978345749426126,0.050994282051991746,0.7994625856010131
2,1,22.8,6.192323756526796,1.223217710479227,0.79147974389684,0.11071200754687816,0.7991854187947046
2,1,22.900000000000002,6.271003030835159,1.2375380185234388,0.777777953991734,0.1808786097092856,0.7985334164366148
2,1,23.0,6.347879347325142,1.2593934324210836,0.7526017662488407,0.26387997286368137,0.7975224502416292
2,1,23.1,6.421523384084926,1.2903140130961752,0.710122373410762,0.36055376409962747,0.7964124572261182
2,1,23.200000000000003,6.489903822007297,1.33150418524101,0.6456139555636042,0.4647436739921851,0.7954898252864319
2,1,23.3,6.550646175197646,1.3832627478946116,0.5591687542680006,0.5652994576118155,0.7951309153377452
2,1,23.400000000000002,6.601737572860896,1.4445640767633732,0.46041631775062086,0.6489732746233416,0.7957069164123081
2,1,23.5,6.642729438747771,1.5130574028192791,0.3666167254970034,0.7076009672267016,0.7969359775002687
2,1,23.6,6.675060917960296,1.5860842702087132,0.2893940810313964,0.7436898173507256,0.7980122045226891
2,1,23.700000000000003,6.7006082549540515,1.6617953662894265,0.22941812726477906,0.7651728404092806,0.7988254833301731
2,1,23.8,6.7209445434132515,1.7391188382905687,0.18261620839226111,0.7783437487478313,0.7994796249951546
2,1,23.900000000000002,6.737131496632504,1.8174641160389922,0.13953837085441734,0.7873953352372105,0.799663911211469
2,1,24.0,6.748852217584136,1.8965979053380102,0.10636315797778906,0.7927122251502414,0.7998160996614504
2,1,24.1,6.7584041282280625,1.97600656106904,0.0865458601259661,0.7951328515806946,0.7998290052053565
2,1,24.200000000000003,6.766161389609329,2.0556244756541515,0.06614253320598351,0.7971530226207584,0.7998923528652565
2,1,24.3,6.771632634869259,2.135437165593191,0.04877108163848476,0.7984628039759993,0.7999509158300919
2,1,24.400000000000002,6.7759156059370245,2.215317036449351,0.038801061810978865,0.799018222060706,0.7999597749779117
2,1,24.5,6.779392847231456,2.295240810005332,0.02875224347539529,0.7994573516741479,0.799974217491233
2,1,24.6,6.781666054632105,2.37520850678418,0.021009331736365766,0.7997180901974161,0.7999940098582059
2,1,24.700000000000003,6.783594713578729,2.4551844280448174,0.017367877569959944,0.7998050128729552,0.7999935635916037
2,1,24.8,6.785139630146095,2.5351695093587705,0.014551201220186272,0.7998669870016499,0.7999993339697528
2,1,24.900000000000002,6.786504953822767,2.615157825445147,0.013871943528528163,0.7998790157009097,0.7999992941096353
2,1,25.0,6.7879140188518,2.6951453124989517,0.015223527773677858,0.7998538227824241,0.7999986835098752
2,1,25.1,6.789549659377504,2.775128590001631,0.01893319120382131,0.7997668759722636,0.7999909509685684
2,1,25.200000000000003,6.791700657092563,2.8550986876934066,0.02326378563975595,0.7996528981400584,0.7999912257181869
2,1,25.3,6.794202416505455,2.935059169629642,0.03166911145294904,0.7993432490862808,0.7999703510006051
2,1,25.400000000000002,6.798034479383151,3.014967337510662,0.04302617817031518,0.7987968680784778,0.7999548040107821
2,1,25.5,6.802807652139519,3.0948185432453372,0.05303455162803772,0.7981910956320686,0.7999510540106245
2,1,25.6,6.808641389708758,3.174605556637075,0.07127528970268315,0.7967013853551244,0.7998832817036343
2,1,25.700000000000003,6.817062710080056,3.254158820316364,0.09356459311458565,0.7943396351489511,0.7998311003288548
2,1,25.8,6.8273543083316754,3.333473483666865,0.1140550362895354,0.7915930006019352,0.7997674849010696
2,1,25.900000000000002,6.839873717337964,3.412477420436751,0.14646073725289455,0.7861294908435603,0.7996563786593694
2,1,26.0,6.856646455782254,3.4906993818355763,0.18978614873220323,0.77660698242234,0.7994605602515579
2,1,26.1,6.877830947084404,3.567798816921219,0.23741554789923214,0.7627661076067866,0.7988606119329583
2,1,26.200000000000003,6.904129565362101,3.643252603356936,0.2954838721102959,0.7414046104325394,0.7981174819836483
2,1,26.3,6.936927721506463,3.716079739007726,0.36745095047070464,0.7078133085295306,0.7975085458685347
2,1,26.400000000000002,6.977619755456241,3.784815265062841,0.4492924981208972,0.6585520100696698,0.7972167201172582
2,1,26.5,7.026786221130641,3.847790141021659,0.5322088141048056,0.5934854531073519,0.7971644779221427
2,1,26.6,7.0840615182772035,3.903512355684311,0.6079574621492725,0.5158532653925434,0.7973185481343914
2,1,26.700000000000003,7.148377713560498,3.950960794100169,0.6709598191022579,0.4314669643004905,0.7977160021789806
2,1,26.8,7.218253482097653,3.9898057485444087,0.7189126015635523,0.34705192789013495,0.798298421230516
2,1,26.900000000000002,7.292160233873208,4.020371179678195,0.7530025391212121,0.26663266774369987,0.7988152498739084
2,1,27.0,7.368853989921896,4.043132282093149,0.7756895558279027,0.19196547226345828,0.7990901260570183
2,1,27.1,7.447298145038789,4.058764274130887,0.7889160189695232,0.12792986154651942,0.7992212049627017
2,1,27.200000000000003,7.526637193715803,4.068718254402453,0.7956111745939438,0.07587461334920675,0.7992209319641513
2,1,27.3,7.606420379957576,4.073939196800728,0.7986904874760086,0.032512699184742644,0.7993519690305028
2,1,27.400000000000002,7.686375291211005,4.075220794239402,0.7996041434016021,-0.0036746548363701947,0.799612586965198
2,1,27.5,7.766341208637894,4.073204265833454,0.7987915180053591,-0.038881560685936734,0.7997372474748692
2,1,27.6,7.846133594812077,4.067444482102215,0.7967275726709815,-0.07028981646432442,0.7998221573279791
2,1,27.700000000000003,7.925686723172093,4.059146302540589,0.7944682602190625,-0.0922812447957817,0.7998097552771928
2,1,27.8,8.005027246855889,4.048988233143059,0.7920167382808927,-0.11183743240380295,0.7998738181762042
2,1,27.900000000000002,8.084090070828271,4.036778816059829,0.7888537384205065,-0.1324884744072179,0.7999021293075553
2,1,28.0,8.16279799453999,4.022490538261616,0.7860764110159053,-0.14819034419090116,0.7999228100679867
2,1,28.1,8.241305353031452,4.007140747221649,0.7835894796747027,-0.16087859218970735,0.7999339935781036
2,1,28.200000000000003,8.319515890474932,3.9903148198236744,0.7806459707197178,-0.1746859297397414,0.7999520645951034
2,1,28.3,8.397434547175395,3.972203561273701,0.7784441221283629,-0.18431016540658618,0.7999659294922508
2,1,28.400000000000002,8.475204714900604,3.953452786742358,0.7760334632887407,-0.19420094906665497,0.7999637146535502
2,1,28.5,8.552641239833143,3.93336337146037,0.7736502097255524,-0.20356276579643406,0.7999827789565754
2,1,28.6,8.629934756845714,3.912740233583072,0.7720020880160234,-0.20971375237383327,0.7999794258828246
2,1,28.700000000000003,8.70704165743635,3.8914206209856026,0.770028484388078,-0.21686611448383175,0.7999842363323886
2,1,28.8,8.783940453723329,3.869367010686305,0.7686064734042688,-0.2218816416774807,0.7999921086313545
2,1,28.900000000000002,8.860762952117202,3.8470442926501067,0.7670449484019457,-0.22721069358818013,0.7999891575201288
2,1,29.0,8.937349443403717,3.82392487196867,0.7656407577352766,-0.23192641878829434,0.7999972710187279
2,1,29.1,9.013891103664257,3.800659008892448,0.7647006655596726,-0.2349962174615534,0.7999939563075735
2,1,29.200000000000003,9.090289576515653,3.776925628476359,0.7636735058041637,-0.2383255753921567,0.7999976895924291
2,1,29.3,9.16662580482509,3.7529938938140175,0.7629854961896072,-0.2405180508160143,0.7999973750982161
2,1,29.400000000000002,9.242886675753574,3.7288220183131564,0.762323423245121,-0.24261321946907088,0.7999988599300049
2,1,29.5,9.319090489474114,3.704471249920204,0.761885590206731,-0.24398596835245812,0.7999992533231175
2,1,29.6,9.39526379379492,3.6800248246426652,0.7615755061343776,-0.24495383719497354,0.7999997711877017
2,1,29.700000000000003,9.471405590700991,3.655480482481209,0.7613889170028898,-0.24553371447315797,0.7999999299236342
2,1,29.8,9.547541577195497,3.630918081748034,0.7614201266193419,-0.24543706048973135,0.7999999749267838
2,1,29.900000000000002,9.62368961602486,3.6063930703832625,0.76154187692741,-0.24505836460846098,0.7999997702366519
2,1,30.0,9.699849952580978,3.5819064088263426,0.7618513554434259,-0.2440932722903888,0.7999993833550219
2,1,30.1,9.776059887113544,3.5575744159251848,0.7623114319077473,-0.24265034234565874,0.7999986924099972
2,1,30.200000000000003,9.85231223896253,3.5333763403572105,0.7628671924118962,-0.24089572958632388,0.7999981911175401
2,1,30.3,9.928633325595923,3.50939527000792,0.7636693752693233,-0.23833409163068708,0.7999962837149078
2,1,30.400000000000002,10.005046114016393,3.4857095220310734,0.7644688419596051,-0.23575943733874993,0.7999969516325319
2,1,30.5,10.081527093987843,3.46224338254017,0.7656198201459574,-0.23197843468050294,0.7999923144362979
2,1,30.6,10.158170078045584,3.439313835094973,0.7666649792752338,-0.2285158793524822,0.7999966859702189
2,1,30.700000000000003,10.234860089842892,3.416540206669673,0.7681661129730202,-0.22338324521765074,0.7999870319974243
2,1,30.8,10.311803300640188,3.3946371860514435,0.7698118515429613,-0.21765988046311335,0.7999913189149112
2,1,30.900000000000002,10.388822460151482,3.373008230577051,0.771306005035683,-0.21226814477271105,0.7999816989715163
2,1,31.0,10.466064501647322,3.352183557096901,0.7733250245043592,-0.20477534939165665,0.7999778354699227
2,1,31.1,10.543487465052355,3.3320531606987194,0.7750237493359222,-0.19825659373403326,0.7999796803630277
2,1,31.200000000000003,10.621069251514509,3.312532238350094,0.7774018148789565,-0.18863691416014206,0.7999609160208743
2,1,31.3,10.698967828028145,3.2943257778666912,0.7796682897432916,-0.17906192508422691,0.7999661336869821
2,1,31.400000000000002,10.777002909463167,3.2767198533332493,0.7819691547734067,-0.16863768270391688,0.7999465151150937
2,1,31.5,10.855361658982826,3.260598241325908,0.7848060723668411,-0.15484897819854382,0.7999367332939528
2,1,31.6,10.933964123936535,3.2457500576935407,0.7869337082241117,-0.14368089998959022,0.7999430368227289
2,1,31.700000000000003,11.01274840062765,3.2318620613279894,0.7898363806749273,-0.1264602850258747,0.7998960632022727
2,1,31.8,11.09193140007152,3.220458000688366,0.7927839737310407,-0.10640220600234329,0.7998924042938178
2,1,31.900000000000002,11.171305195373858,3.210581620127521,0.7947216588756731,-0.09059277807346433,0.7998684682653578
2,1,32.0,11.250875731846655,3.2023394450736733,0.7970909792693064,-0.0658843890877101,0.7998092159746364
2,1,32.1,11.330723391227718,3.197404742309979,0.7989522392683881,-0.03624610135791251,0.799774005888926
2,1,32.2,11.410666179700334,3.1950902248020907,0.7995613027391073,-0.009009166703958016,0.7996120571393094
2,1,32.300000000000004,11.490635651775541,3.1956029089691875,0.7993822627930527,0.021847138076317663,0.7996807484929638
2,1,32.4,11.57054263225894,3.199459652417354,0.796825501465527,0.06572068380079621,0.7995311676632956
2,1,32.5,11.650000752068644,3.2087470457293468,0.7908807022468523,0.11643660221696983,0.7994058840928725
2,1,32.6,11.728718772708312,3.2227469728607487,0.7811590137019735,0.16730015241543938,0.7988734228187024
2,1,32.7,11.806232554809041,3.242207076212435,0.7658310203406486,0.2258116712087137,0.7984284955899753
2,1,32.800000000000004,11.881884976776444,3.267909307102492,0.7429514227465575,0.29159162899483704,0.7981243603981755
2,1,32.9,11.95482283935835,3.3005254020114005,0.7111253070140933,0.3622391422097557,0.7980704219708609
2,1,33.0,12.024110038179261,3.340357135544442,0.67070574141853,0.432938250915484,0.7982992676168121
2,1,33.1,12.088963987642057,3.3871130521944983,0.6235457091269438,0.4990666860008446,0.7986719028778269
2,1,33.2,12.14881918000465,3.440170472744612,0.5701367717798647,0.5596243610514264,0.7988963412219277
2,1,33.300000000000004,12.202991341998032,3.499037924404785,0.5131607095248043,0.6124597942047991,0.7990249766542881
2,1,33.4,12.25145132190961,3.562662431585569,0.4577396908320779,0.6548587387235756,0.7989778421493793
2,1,33.5,12.294539280164447,3.630009672149497,0.4054962997030387,0.6883494637178984,0.7989068990023649
2,1,33.6,12.332550581850219,3.7003323243291506,0.35662761428613265,0.7149547321905345,0.7989640319520382
2,1,33.7,12.365864803021674,3.7730006185876057,0.3117102781705654,0.7358645099652783,0.7991619826691022
2,1,33.800000000000004,12.394892637484332,3.847505226322208,0.2708760833898367,0.7522217209214404,0.7995069543028572
2,1,33.9,12.42004001969964,3.923444962771891,0.22783196811913342,0.7664500226824167,0.7995955496167515
2,1,34.0,12.440459031108158,4.000795230858688,0.18779708167996745,0.7773265390996578,0.7996901226576231
2,1,34.1,12.457599436035634,4.078910270591825,0.15739506918659885,0.783964864183627,0.7996087268650255
2,1,34.2,12.471938044945478,4.157588203695416,0.13047701615118257,0.7890466440772741,0.7997617509441949
2,1,34.300000000000004,12.48369483926587,4.236719599407282,0.09873285097185658,0.7936495859094315,0.7997673668481622
2,1,34.4,12.49168461513985,4.316318120877298,0.06999308770363655,0.7967649592353823,0.7998333780179777
2,1,34.5,12.497693456806598,4.396072591254355,0.05108061534991748,0.7982008490315131,0.7998336231111784
2,1,34.6,12.501900738209834,4.475958290683604,0.026651097056024753,0.799389089274694,0.799833230758584
2,1,34.7,12.503023676217804,4.555950409109296,0.003230385426917337,0.7998816606355916,0.7998881836926698
2,1,34.800000000000004,12.502546815295217,4.635934622810724,-0.011951093457824413,0.79980664783103,0.799895932324666
2,1,34.9,12.50063345752624,4.715911738675499,-0.03264494131782669,0.799208390079265,0.7998748295619353
2,1,35.0,12.49601782703165,4.7957763008265735,-0.051330758127562603,0.7982739684911628,0.7999226059442127
2,1,35.1,12.490367305900728,4.875566532373734,-0.06522820745713176,0.7972384973178244,0.7999024569618806
2,1,35.2,12.482972185540223,4.955224000290141,-0.08257000087989042,0.7956379741137738,0.7999109893589257
2,1,35.300000000000004,12.473853305724749,5.034694127196491,-0.09509098560627649,0.7942757293298328,0.7999476418778987
2,1,35.4,12.463953988418968,5.1140791461561035,-0.1107460998195009,0.7922079013071261,0.7999112810297603
2,1,35.5,12.451704085760849,5.1931357074579125,-0.12567972032940133,0.790026325234308,0.7999606156963612
2,1,35.6,12.438818044353088,5.272084411202967,-0.1368988611476567,0.788124115821315,0.799925571614419
2,1,35.7,12.424324313531317,5.3507605306221775,-0.1506450830099908,0.7856288454130507,0.799941637733735
2,1,35.800000000000004,12.40868902775109,5.42921018028558,-0.16136896686658275,0.7835013653996405,0.7999464563648553
2,1,35.9,12.392050520158001,5.507460803702102,-0.17414384061158472,0.7807490625703899,0.7999344822718268
2,1,36.0,12.373860259628774,5.5853599927996544,-0.18444884841130715,0.7784152288048496,0.7999697782513809
2,1,36.1,12.35516075047574,5.663143849463075,-0.1964356453384184,0.7754404051854245,0.7999342377681156
2,1,36.2,12.33457313056109,5.740448073836742,-0.20756401377157374,0.7725815616080212,0.7999781804209753
2,1,36.300000000000004,12.313647947721424,5.817660161784681,-0.21774582013431143,0.7697320270132622,0.7999378948367862
2,1,36.4,12.291023966534228,5.894394479239391,-0.228834921429673,0.7665430974227618,0.7999710878976855
2,1,36.5,12.267880963435491,5.97096878126923,-0.23827149680915483,0.7636337836054352,0.7999436615507544
2,1,36.6,12.243369667172395,6.04712123596048,-0.24892894758221473,0.7602446807640284,0.7999609962831866
2,1,36.7,12.218095173919048,6.123017717422037,-0.2581868570637056,0.757139614810594,0.7999505293928925
2,1,36.800000000000004,12.191732295759653,6.198549158922601,-0.2685201962463708,0.7535402706078216,0.7999537706767177
2,1,36.9,12.164391134669776,6.273725771543599,-0.2776475676805745,0.750229720174584,0.7999580019427106
2,1,37.0,12.13620278222354,6.348595102957514,-0.287752930514543,0.7464017929099427,0.7999483642578965
2,1,37.1,12.106840548566867,6.423006130125589,-0.29679451003437407,0.7428717983532707,0.7999659305090228
2,1,37.2,12.076843880216664,6.49716946262817,-0.3067592315655645,0.7387891014569163,0.7999440996608534
2,1,37.300000000000004,12.045488702253753,6.570763950416975,-0.3157568961048156,0.7350215359854744,0.7999744219662234
2,1,37.4,12.013692500995703,6.644173769825262,-0.32566167668181123,0.7306499730878357,0.7999405670626185
2,1,37.5,11.980356366917391,6.716893945034539,-0.3346548461468686,0.7266224680754547,0.7999837980619666
2,1,37.6,11.946761531766327,6.789498263440354,-0.34457553323404966,0.7219195361988469,0.7999375693446882
2,1,37.7,11.91144126027058,6.86127785227431,-0.3541176781359141,0.7173423318145424,0.7999870942593361
2,1,37.800000000000004,11.875937996139145,6.932966729803265,-0.36361049944740387,0.7125191772307815,0.7999351056367138
2,1,37.9,11.838719160381102,7.003781687720464,-0.37367635985539494,0.7073425101938895,0.7999796551426612
2,1,38.0,11.801202724168068,7.07443523184204,-0.3828719936456437,0.7023549433793406,0.7999333909817657
2,1,38.1,11.762144761651971,7.144252676396333,-0.393133186309953,0.6967004183035002,0.7999657336676917
2,1,38.2,11.722576086906075,7.213775315502742,-0.40246195948059693,0.6913154422008816,0.799932915596278
2,1,38.300000000000004,11.68165236975585,7.282515764836512,-0.4129877610109389,0.6851002972698339,0.7999508160281126
2,1,38.400000000000006,11.639978534703886,7.350795374956712,-0.42247911366317226,0.6792692306044188,0.7999345530276453
2,1,38.5,11.597156547023218,7.418369610957393,-0.43333766728841994,0.672394507892669,0.7999349399389889
2,1,38.6,11.553311001246204,7.485274276535241,-0.44301851274673254,0.6660616892572548,0.7999397330627819
2,1,38.7,11.50855284447387,7.551581948808846,-0.45427617495052885,0.6584093668463211,0.7999185817810817
2,1,38.800000000000004,11.462455766256097,7.6169561499045075,-0.46417025433014913,0.6515113983623451,0.799950702981736
2,1,38.900000000000006,11.415718793607839,7.681884228481318,-0.47589011351652033,0.6429411155153133,0.7999029179611998
2,1,39.0,11.367277743552796,7.745544373007569,-0.48627578390729553,0.6352002350874812,0.7999646721386178
2,1,39.1,11.318463636826381,7.808924275498811,-0.4982563448123045,0.6257515375339793,0.7998902248883013
2,1,39.2,11.267626474590333,7.870694680514367,-0.5108082991976275,0.6156262504960921,0.79995049773661
2,1,39.300000000000004,11.216301976986854,7.932049525598031,-0.5214364051179743,0.6065634669027915,0.7998844691350684
2,1,39.400000000000006,11.163339193566737,7.992007373894927,-0.5345890159465725,0.5950304246338618,0.7999041331376396
2,1,39.5,11.10938417379754,8.0510556105248,-0.5454687902110109,0.5850566219057498,0.7998921501865307
2,1,39.6,11.054245435524537,8.109018698276074,-0.559241637384055,0.5718612940768608,0.7998603307123442
2,1,39.7,10.997535846320726,8.165427869340174,-0.5703582823244346,0.560864489899302,0.7999234627425825
2,1,39.800000000000004,10.940173779059648,8.221191596255936,-0.5847389492422934,0.5457149700281434,0.7998277735073963
2,1,39.900000000000006,10.880588056472266,8.274570863345804,-0.5993094275127007,0.529777213180985,0.799897296852172
2,1,40.0,10.820311893557111,8.32714703889213,-0.6109917844982391,0.5161417063327178,0.7998207435046882
2,1,40.1,10.758389699572621,8.377799204612344,-0.6262703750661274,0.49747947456988584,0.799812734522149
2,1,40.2,10.695057818543884,8.426642933806109,-0.637827209747293,0.4826536293209003,0.7998612850930181
2,1,40.300000000000004,10.63082425762316,8.474329930476525,-0.6534337949785538,0.4611116172063703,0.7997497408206825
2,1,40.400000000000006,10.564371059548172,8.518865257247384,-0.6688303510065481,0.43859875484677247,0.7998142948089147
2,1,40.5,10.497058187421853,8.562049681445878,-0.6806208753661238,0.41994445964378,0.799748788789114
2,1,40.6,10.42824688447495,8.602854149176139,-0.6962825268903075,0.3933327945034719,0.7996999715422417
2,1,40.7,10.35780168204379,8.640716240346572,-0.7090202391021734,0.3699144511328356,0.7997164501330519
2,1,40.800000000000004,10.286442836654512,8.676837039402708,-0.7222913922984802,0.34312113935967403,0.7996480298631129
2,1,40.900000000000006,10.213343403584092,8.709340468218508,-0.7368352821406745,0.31068521393903126,0.7996571360074698
2,1,41.0,10.13907578022638,8.738974082190513,-0.7470025003246263,0.28539397132757927,0.799663963400484
2,1,41.1,10.06394290351917,8.766419262484023,-0.7592154676749985,0.25075372121156647,0.7995533472248206
2,1,41.2,9.987232686691378,8.789124826432827,-0.7708769442846801,0.21243822049603978,0.7996131944616783
2,1,41.300000000000004,9.909767514662231,8.808906906583232,-0.7779706595716931,0.18483771746152655,0.799626993635659
2,1,41.400000000000006,9.831638554777037,8.826092369925133,-0.7864592942270434,0.1436411426559019,0.7994691984933456
2,1,41.5,9.752475655816827,8.837635135114413,-0.7932163585664043,0.10068209510389892,0.7995805624024742
2,1,41.6,9.67299528306376,8.846228788945911,-0.7964310445447609,0.07081989184829496,0.7995735524616
2,1,41.7,9.593189446907873,8.851799113484072,-0.7989865678121575,0.02609617085493454,0.7994126254179009
2,1,41.800000000000004,9.513197969501325,8.851448023116898,-0.7993455815695256,-0.017702022082673352,0.7995415688759019
2,1,41.900000000000006,9.433320330593965,8.848258709067537,-0.7979601356202082,-0.04971649445439397,0.7995074157628901
2,1,42.0,9.353605942377287,8.84150472422602,-0.7938590299787691,-0.09404705950250047,0.7994104132921331
2,1,42.1,9.274548524598215,8.829449297167036,-0.7884084807313414,-0.1328778107536266,0.7995276387216258
2,1,42.2,9.195924246231018,8.814929162075295,-0.7817708114993351,-0.16721372210310648,0.7994535824998872
2,1,42.300000000000004,9.118194362298345,8.796006552746414,-0.7720907251754809,-0.20758851200341155,0.7995105241444859
2,1,42.400000000000006,9.04150610119592,8.773411459674612,-0.7638902999355253,-0.23650101997107953,0.799663130813812
2,1,42.5,8.965416302311244,8.748706348752199,-0.7513592652172818,-0.27315114903926485,0.7994700092244388
2,1,42.6,8.891234248152465,8.71878122986676,-0.7389062067379015,-0.30598168680909765,0.7997544467011954
2,1,42.7,8.817635060963662,8.687510011390378,-0.7269678130846629,-0.3328190953658705,0.7995315825539687
2,1,42.800000000000004,8.74584068553553,8.652217410793584,-0.712839305714148,-0.3624890400495744,0.7997113103658661
2,1,42.900000000000006,8.67506719982083,8.615012203380463,-0.7002564599013752,-0.3860626311571025,0.7996270785869818
2,1,43.0,8.605789393555257,8.575004884562166,-0.6858248772982449,-0.4112790378644604,0.7996913212658175
2,1,43.1,8.537902224361185,8.53275639580757,-0.6724774802796887,-0.4327898874877931,0.7997081018690605
2,1,43.2,8.471293897499317,8.488446907064606,-0.6584931467540613,-0.45379843230544736,0.7997163506424935
2,1,43.300000000000004,8.406203595010371,8.44199670934648,-0.6446964422406154,-0.473254463253582,0.7997520175824149
2,1,43.400000000000006,8.342354609051192,8.393796014413889,-0.6317193578765412,-0.4904723238074098,0.7997702467190125
2,1,43.5,8.279859723435065,8.343902244585,-0.6177448868150748,-0.5079450511903687,0.7997605392959544
2,1,43.6,8.218805631688179,8.292207004175818,-0.6061456753840488,-0.5218762887375021,0.7998546371267803
2,1,43.7,8.158630588358253,8.239526986837497,-0.5922160798106262,-0.5374812816915622,0.799753720438405
2,1,43.800000000000004,8.100362415726051,8.184710747837505,-0.582199881810439,-0.54865017510825,0.7999835729728471
2,1,43.900000000000006,8.042190611996164,8.129796951815846,-0.5684894008689909,-0.5625296907419042,0.7997623721247247
2,1,44.0,7.986664535552255,8.072204809689126,-0.5552607644391188,-0.5759214212672461,0.7999999999999995
2,1,44.1,7.931138459108342,8.0146126675624,-0.5467690627636372,-0.583744288084219,0.7998211061646086
2,1,44.2,7.877310722999526,7.955455952072279,-0.5334077004402857,-0.5960532647703332,0.7998770338823128
2,1,44.300000000000004,7.8244569190202835,7.89540201460833,-0.5271262445670857,-0.6017299288238576,0.7999631147457761
2,1,44.400000000000006,7.7718854740861065,7.835109966307507,-0.5142058500428206,-0.6126255810322334,0.7998235797682769
2,1,44.5,7.721615749011722,7.772876898401887,-0.5026972507438714,-0.6223306790562333,0.8000000000000245
2,1,44.6,7.671346023937335,7.710643830496264,-0.49711885758355123,-0.6266583918833248,0.7998924294447158
2,1,44.7,7.622191977495009,7.64754522002522,-0.4846998150798214,-0.6362930748465203,0.7998767329007967
2,1,44.800000000000004,7.574406060921368,7.583385215526958,-0.47785916573640463,-0.6416000449826171,0.799999999999993
2,1,44.900000000000006,7.526620144347727,7.519225211028695,-0.47015441509196876,-0.6471224918727856,0.7998829248822072
2,1,45.0,7.480375177902976,7.453960717152404,-0.45827210394387663,-0.6556392415089434,0.799922581416208
2,1,45.1,7.434965723558953,7.388097362726909,-0.4540945434402275,-0.6586335442549398,0.8000000000000077
2,1,45.2,7.38955626921493,7.322234008301414,-0.44615936663306854,-0.6639076528771426,0.7998947130611986
2,1,45.300000000000004,7.345733850232339,7.255315832151478,-0.4348299314369086,-0.6714377524961961,0.7999410757990677
2,1,45.400000000000006,7.302590282927547,7.187946457802172,-0.43143567304790764,-0.6736937434930539,0.799999999999991
2,1,45.5,7.259446715622758,7.120577083452871,-0.42498397084794703,-0.6776828021814651,0.7999158429798797
2,1,45.6,7.217593488757959,7.052409897365882,-0.4142092103947661,-0.6843447885021661,0.7999356596164031
2,1,45.7,7.176604873543804,6.983708125752436,-0.4098861521415458,-0.6870177161344486,0.7999999999999976
2,1,45.800000000000004,7.135616258329648,6.91500635413899,-0.40643478646759235,-0.6890083780840328,0.7999511114567858
2,1,45.900000000000006,7.095317916250283,6.845906450135627,-0.39620613932953574,-0.6949080075574088,0.7999227736536967
2,1,46.0,7.056375030463743,6.776024752627511,-0.38942885786542547,-0.6988169750811934,0.7999999999999995
2,1,46.1,7.0174321446771994,6.706143055119391,-0.3894288578654326,-0.6988169750811934,0.8000000000000029
2,1,46.2,6.978489258890656,6.63626135761127,0.08144496195048134,-0.5961413284658619,0.6016791215690951
2,1,46.300000000000004,7.033721137067296,6.586914789426217,0.5986610267218992,-0.4833605968656016,0.7694364765969892
2,1,46.400000000000006,7.098221464235037,6.539589238238149,0.6481864829695496,-0.46883529007451585,0.7999701531455343
2,1,46.5,7.163358433661204,6.493147731411315,0.6523396860697162,-0.4630681331930546,0.7999869761442597
2,1,46.6,7.228689401448977,6.44697561159954,0.6562027944748579,-0.4575462867314428,0.7999691943933492
2,1,46.7,7.294598992556177,6.401638474065026,0.6604128400845752,-0.4514709811698516,0.7999819786639217
2,1,46.800000000000004,7.360771969465895,6.356681415365569,0.6645894929537803,-0.44527301375412875,0.7999670311470638
2,1,46.900000000000006,7.427516891146936,6.312583871314199,0.6688498219390482,-0.4388706208097197,0.7999796910658453
2,1,47.0,7.494541933853702,6.268907291203627,0.6733362001416197,-0.431925247786495,0.799963160462143
2,1,47.1,7.562184131175258,6.226198821756901,0.6776387990556358,-0.42517589877227024,0.7999805540651423
2,1,47.2,7.630069693664831,6.183872111449172,0.6824260541593645,-0.4174055526421583,0.7999579456271595
2,1,47.300000000000004,7.698669342007132,6.142717711228468,0.6867612462881354,-0.410288495999243,0.7999860369734924
2,1,47.400000000000006,7.767421942922461,6.101814412249322,0.6918343248499781,-0.40160920630389185,0.7999529283830812
2,1,47.5,7.837036206977124,6.062395869967691,0.6971153976024098,-0.39242468640281913,0.7999793822797666
2,1,47.6,7.90684502244294,6.02332947496876,0.7015268251064342,-0.3844243136001779,0.7999512105315433
2,1,47.7,7.977341571998413,5.985511007247655,0.7071033935867135,-0.3740842964063624,0.7999589177199601
2,1,47.800000000000004,8.048265701160284,5.948512615687486,0.7114581105166238,-0.36573216854901247,0.7999579127250681
2,1,47.900000000000006,8.11963319410174,5.912364573537851,0.7172423774070609,-0.35421746093056683,0.7999416463571767
2,1,48.0,8.191714176641694,5.877669123501374,0.7224717389065702,-0.34344843479746956,0.7999513990759158
2,1,48.1,8.26412754188305,5.843674886578358,0.7275090491966694,-0.3326118365327808,0.7999375291013362
2,1,48.2,8.33721598648103,5.811146756194816,0.7336115016116267,-0.31892725770065766,0.7999377669552348
2,1,48.300000000000004,8.410849842205378,5.779889435038226,0.7383743167751788,-0.3077253661827264,0.7999322050433432
2,1,48.400000000000006,8.484890849836068,5.74960168295827,0.7439504471762817,-0.2939672460942049,0.7999243774445184
2,1,48.5,8.55963993164063,5.721095985819386,0.7501563609632314,-0.27775173988676727,0.7999253683336491
2,1,48.6,8.63492212202871,5.694051334980918,0.755086891852919,-0.26397494825371837,0.7998993608908905
2,1,48.7,8.710657310011216,5.668300996168642,0.7601780831552531,-0.24898527797712688,0.7999152372338848
2,1,48.800000000000004,8.786957738659762,5.644254279385492,0.7661613537988714,-0.2298736358175404,0.7999031869538304
2,1,48.900000000000006,8.863889580770993,5.622326269005133,0.7715755852818944,-0.21090063138473525,0.7998799660708961
2,1,49.0,8.941272855716138,5.602074153108545,0.776115914663059,-0.19339124374262084,0.7998475393158339
2,1,49.1,9.019112763703601,5.58364802025661,0.7806587455703777,-0.17432983544506797,0.7998868473489361
2,1,49.2,9.097404604830215,5.567208186019531,0.7855328714231788,-0.15079906863971715,0.7998763974445993
2,1,49.300000000000004,9.17621933798824,5.553488206528666,0.7899482964871325,-0.1256070337678885,0.799872138566465
2,1,49.400000000000006,9.255394264127645,5.542086779265953,0.7932969561236902,-0.1017541343050361,0.799796201818488
2,1,49.5,9.334878729212974,5.533137379667658,0.7960970916591066,-0.07633027320941821,0.7997480165379045
2,1,49.6,9.414613682459464,5.52682072462407,0.7982150281509064,-0.04908737848030498,0.799722953210686
2,1,49.7,9.494521734843158,5.523319903971597,0.7994598225569831,-0.02001729059995938,0.7997103849555827
2,1,49.800000000000004,9.574505646970863,5.522817266504077,0.7996276228933681,0.010854112135529448,0.7997012861339846
2,1,49.900000000000006,9.654447259421834,5.525490726398703,0.7985069105332698,0.04346149084153694,0.799688806571379
2,1,50.0,9.734207029077513,5.531509564672384,0.795885335091576,0.07769566423893792,0.7996687331985414
2,1,50.1,9.813624326440147,5.541029859246491,0.7915579583550212,0.1134008649404521,0.7996397673980529
2,1,50.2,9.89251862074852,5.554189737660475,0.7853365183263179,0.1503742052066066,0.7996035571509307
2,1,50.300000000000004,9.970691630105414,5.571104700287813,0.777059118608463,0.18836780983716395,0.7995644474308568
2,1,50.400000000000006,10.047930444470214,5.591863299627908,0.7665995791663676,0.22709386761063044,0.7995289484968049
2,1,50.5,10.124011545938684,5.616523473809937,0.7538755918240554,0.2662325681963651,0.7995049645352442
2,1,50.6,10.198705562835023,5.64510981326718,0.7388548405694166,0.30544256366941624,0.7995008662495642
2,1,50.7,10.27178251405257,5.677611986543821,0.721558388390676,0.34437327411559693,0.7995245210636417
2,1,50.800000000000004,10.343017240513161,5.713984468090301,0.7017600118688065,0.3831635343432147,0.7995507540541072
2,1,50.900000000000006,10.412134516426333,5.754244693412465,0.6786253254708683,0.4227376700741061,0.7995245274975157
2,1,51.0,10.478742305607332,5.79853200210512,0.6536603441001034,0.4604478721085741,0.7995524300371923
2,1,51.1,10.542866585246351,5.8463342678341785,0.6280716617044462,0.4947280825825864,0.7995185350772218
2,1,51.2,10.604356637948223,5.897477618621639,0.6011004912803628,0.5271852725757569,0.7995286813106011
2,1,51.300000000000004,10.663086683502426,5.951771322349332,0.5729980249442335,0.557676281039555,0.799580872097439
2,1,51.400000000000006,10.718956242937072,6.009012874829551,0.5424699476059303,0.5874091251765137,0.7995768408328356
2,1,51.5,10.77158067302361,6.069253147384632,0.510745939926565,0.6152522292853071,0.7996228615991482
2,1,51.6,10.821105430922382,6.13206332068661,0.48015086804497287,0.6394242782824762,0.7996300793125571
2,1,51.7,10.867610846632607,6.19713800304113,0.44992647321964085,0.6610499903087721,0.799637993714088
2,1,51.800000000000004,10.91109072556631,6.264273318748367,0.4197147741055076,0.6806769130551693,0.7996759040816172
2,1,51.900000000000006,10.95155380145371,6.3332733856521655,0.3889721149821668,0.698734062721023,0.7997053186270093
2,1,52.0,10.988885148562742,6.404020131292569,0.35730709738355415,0.7154615053981743,0.7997209060336502
2,1,52.1,11.023015220930418,6.476365686731797,0.3267450027325225,0.7299562980563721,0.799749019307207
2,1,52.2,11.054234149109249,6.550011390903846,0.2978518067046849,0.7422075418935847,0.7997422922422962
2,1,52.300000000000004,11.082585582271356,6.624807195110516,0.26940699430619475,0.7530110249539348,0.7997535447144161
2,1,52.400000000000006,11.108115547970488,6.700613595894635,0.2414266961259557,0.7624694114652968,0.7997790026141788
2,1,52.5,11.130870921496546,6.777301077403572,0.21385894126577654,0.770691957389765,0.7998135657417835
2,1,52.6,11.150887336223644,6.854751987372585,0.18535240801961095,0.7780395303597416,0.7998131193979476
2,1,52.7,11.16794140310047,6.932908983475523,0.1574003238662769,0.7841947629074824,0.799835163095954
2,1,52.800000000000004,11.182367400996899,7.0115909399540834,0.13130861558739326,0.7889682831991465,0.7998205451360239
2,1,52.900000000000006,11.194203126217948,7.090702640115354,0.10557572425616968,0.7928172311632053,0.7998158510441676
2,1,53.0,11.203482545848132,7.170154386186721,0.08016136087606185,0.795792443120753,0.7998196398598869
2,1,53.1,11.21023539839316,7.249861128739502,0.05502169796483969,0.7979361154923197,0.7998308769070538
2,1,53.2,11.2144868854411,7.329741609285187,0.030110200640535822,0.7992819451211446,0.799848893216246
2,1,53.300000000000004,11.216257438521266,7.409717517763733,0.004849591543077736,0.799842444118255,0.7998571459649519
2,1,53.400000000000006,11.215456803749715,7.48971009810884,-0.02098658783868501,0.799581734935245,0.7998571045575373
2,1,53.5,11.212060120953529,7.569633864750779,-0.04622240415620382,0.798518432632072,0.7998551105663827
2,1,53.6,11.206212322918475,7.649413784635251,-0.07074292777048186,0.7967039608457966,0.7998385856264502
2,1,53.7,11.197911535399433,7.728974656919941,-0.09530799003987056,0.7941301107658703,0.7998288853188871
2,1,53.800000000000004,11.1871507249105,7.808239806788427,-0.11996889588308335,0.790777927816741,0.7998263981024538
2,1,53.900000000000006,11.173917756222815,7.887130242483292,-0.14477613866738892,0.7866199117780113,0.7998318672902982
2,1,54.0,11.158195497177022,7.965563789144025,-0.16977888347548742,0.7816197580228064,0.7998464323892516
2,1,54.1,11.139961979527719,8.04345419408785,-0.19636830798324212,0.7753488420872472,0.7998289437787535
2,1,54.2,11.118921835580373,8.120633557561476,-0.2234435286251042,0.7679849570018291,0.7998299223369547
2,1,54.300000000000004,11.095273273802698,8.197051185488219,-0.24958207033986213,0.7598634012103105,0.7998022245118059
2,1,54.400000000000006,11.0690054215124,8.27260623780354,-0.27597235524044805,0.7506586957416346,0.7997807314192384
2,1,54.5,11.04007880275461,8.347182924636542,-0.3027689157861815,0.740248438713941,0.799772947394926
2,1,54.6,11.008451638355165,8.420655925546324,-0.32998983317268227,0.7285321258667707,0.7997826882455578
2,1,54.7,10.974080836120073,8.492889349809898,-0.35944230989582593,0.714413611561568,0.7997409471370651
2,1,54.800000000000004,10.936563176375998,8.563538647858639,-0.389582400752964,0.6984340190550711,0.7997402865617453
2,1,54.900000000000006,10.896164355969479,8.632576153620915,-0.4184106784569295,0.6815057401944955,0.7996984242605679
2,1,55.0,10.852881040684615,8.699839795897535,-0.4474073733341939,0.6628027933977307,0.7996754970921878
2,1,55.1,10.806682881302642,8.765136712300459,-0.4770645747851958,0.6417708615489701,0.799662708426676
2,1,55.2,10.757468125727573,8.828193968207332,-0.5088201839695969,0.6168106200398071,0.7995957232306498
2,1,55.300000000000004,10.704918844508722,8.888498836308422,-0.5401797218985038,0.5895526990994142,0.7996039750812582
2,1,55.400000000000006,10.649432181347871,8.946104508027217,-0.5693778279060737,0.5613340073391768,0.7995542375014327
2,1,55.5,10.59104327892751,9.000765637776256,-0.5983133700705636,0.5303684820107151,0.7995433793832236
2,1,55.6,10.52976950733376,9.052178204429357,-0.6284616455074143,0.4941240375457454,0.7994514396474599
2,1,55.7,10.465350949826025,9.099590445285406,-0.6566030868802315,0.4562110052488606,0.7995349241970765
2,1,55.800000000000004,10.398448889957713,9.14342040547913,-0.6799367199370181,0.4206787967613437,0.7995527457042987
2,1,55.900000000000006,10.32936360583862,9.183726204637676,-0.7004774910664011,0.3856341745113454,0.7996139268682899
2,1,56.0,10.258353391744436,9.220547240381396,-0.7192075043136938,0.34949857813392526,0.7996303460842188
2,1,56.1,10.185522104975883,9.253625920264458,-0.7349383361598001,0.31531353917154803,0.7997230682819039
2,1,56.2,10.111365724512472,9.283609948215707,-0.747160675904567,0.28519366899897847,0.7997402731232611
2,1,56.300000000000004,10.036089969794967,9.310664654064254,-0.7574504167901779,0.25675637448526345,0.7997843270122459
2,1,56.400000000000006,9.959875641154435,9.33496122311276,-0.7663444431125441,0.2289301397206387,0.7998079859328653
2,1,56.5,9.88282108117246,9.356450682008381,-0.7738140766915649,0.20239974843534014,0.7998461623666816
2,1,56.6,9.805112825816126,9.375441172799826,-0.7796055432669817,0.1789013171630245,0.7998690420157982
2,1,56.7,9.726899972519062,9.392230945440987,-0.784185666673423,0.15768667550082682,0.7998826460466211
2,1,56.800000000000004,9.64827569248144,9.406978507899991,-0.7879057901130082,0.13802450201426808,0.79990393001278
2,1,56.900000000000006,9.569318814496457,9.41983584584384,-0.7909404686158936,0.11953560734927748,0.7999222376698187
2,1,57.0,9.490087598758263,9.430885629369847,-0.7934246114640828,0.10184465155885647,0.7999343392604644
2,1,57.1,9.410633892203643,9.44020477615561,-0.7953165342797419,0.08596243462996256,0.7999487045218903
2,1,57.2,9.331024291902313,9.44807811629584,-0.7966951353496725,0.07212159095387705,0.7999529127214622
2,1,57.300000000000004,9.251294865133707,9.454629094346387,-0.7977452967349379,0.05949029230593794,0.7999604073586142
2,1,57.400000000000006,9.171475232555323,9.459976174757028,-0.7985269484149313,0.048022615551026604,0.799969661267991
2,1,57.5,9.091589475450723,9.464233617456593,-0.7991078328587449,0.03722560542725972,0.7999744209883375
2,1,57.6,9.011653665983578,9.46742129584248,-0.7995229604585319,0.026972177442452505,0.799977788851892
2,1,57.7,8.931684883359015,9.469628052945083,-0.7997876178631032,0.01745863820944038,0.7999781482861049
2,1,57.800000000000004,8.851696142410956,9.470913023484368,-0.799934828136756,0.008318678934344348,0.7999780807530879
2,1,57.900000000000006,8.771697917731661,9.471291788731952,-0.799979962303091,-0.0006556318758583757,0.7999802309679981
2,1,58.0,8.691700149950341,9.470781897109196,-0.7999179193620094,-0.00993158030782837,0.7999795709915704
2,1,58.1,8.611714333859263,9.469305472670385,-0.7997528959742723,-0.019140514556994503,0.7999819084933995
2,1,58.2,8.531749570755485,9.466953794197797,-0.7995058446893637,-0.027613055679559295,0.7999825476448942
2,1,58.300000000000004,8.451813164921388,9.463782861534472,-0.799187535878076,-0.03567857841031241,0.7999835488685076
2,1,58.400000000000006,8.371912063579867,9.459818078515735,-0.7987918188162766,-0.04366916313071556,0.7999846033620599
2,1,58.5,8.292054801158136,9.455049028908329,-0.7983093472136602,-0.05175472936355874,0.7999852285262494
2,1,58.6,8.21225019413714,9.449467132643022,-0.7977849769210081,-0.05932388603702776,0.7999876204388339
2,1,58.7,8.132497805773932,9.443184251700924,-0.797246199795957,-0.06617792538693834,0.7999881379730666
2,1,58.800000000000004,8.052800954177947,9.436231547565635,-0.7966765324934642,-0.07273451362134153,0.7999898792469456
2,1,58.900000000000006,7.9731624992752375,9.428637348976656,-0.7960400088525432,-0.07939882380873087,0.7999899180090753
2,1,59.0,7.893592952407441,9.42035178280389,-0.7953984377892027,-0.08561280316935438,0.7999926417811721
2,1,59.1,7.8140828117174,9.411514788342785,-0.7948259836172511,-0.09078399272974735,0.7999937984566415
2,1,59.2,7.734627755683989,9.40219498425794,-0.7943079047351276,-0.09522635591584105,0.7999956914794722
2,1,59.300000000000004,7.655221230770373,9.392469517159617,-0.7938428243394426,-0.099039891989392,0.799997081219984
2,1,59.400000000000006,7.575859190816098,9.382387005860062,-0.7934623807149279,-0.10205472950800498,0.7999985733891988
2,1,59.5,7.49652875462739,9.372058571258016,-0.7932018793524165,-0.10406614319800411,0.7999993647299434
2,1,59.6,7.417218814945618,9.361573777220462,-0.7930456411014504,-0.10525347061439305,0.7999998012164662
2,1,59.7,7.337919626407098,9.351007877135137,-0.7929900816984841,-0.10567258860270101,0.7999999785338523
2,1,59.800000000000004,7.258620798605919,9.340439259499922,-0.793047634568758,-0.1052383244623698,0.7999997847691894
2,1,59.900000000000006,7.179310099493343,9.329960212242662,-0.7932134802336108,-0.10397693580916467,0.7999992677525275
2,1,60.0,7.0999781025592,9.319643872338089,-0.793472030532925,-0.10197897423699942,0.7999984840138596
2,1,60.1,7.020615693386762,9.309564417395263,-0.7938184268485173,-0.09923976665397305,0.7999976413026415
2,1,60.2,6.941214417189494,9.299795919007295,-0.7942771317947788,-0.09548301366336887,0.7999957299825915
2,1,60.300000000000004,6.861760267027805,9.29046781466259,-0.7948215385265911,-0.09082510703691327,0.7999940488366424
2,1,60.400000000000006,6.782250109484173,9.281630897599912,-0.7953981042825262,-0.08560844918918065,0.7999918442514354
2,1,60.5,6.702680646171303,9.273346124824753,-0.7960078951329308,-0.07971836323885384,0.7999897415288778
2,1,60.6,6.623048530457591,9.265687224952144,-0.79665263333073,-0.07297095405824194,0.7999876113596739
2,1,60.7,6.543350119505155,9.258751934013105,-0.7973410460658954,-0.06496359785224115,0.7999831328142888
2,1,60.800000000000004,6.46358032124441,9.252694505381696,-0.7980009887084343,-0.05625121524337118,0.799981110524489
2,1,60.900000000000006,6.383749921763466,9.24750169096443,-0.7985803463502066,-0.047243391126215784,0.7999765668955063
2,1,61.0,6.303864251974372,9.243245827156453,-0.7990940686731562,-0.03751568265139582,0.7999742227305947
2,1,61.1,6.223931108028839,9.239998554434152,-0.799524393506033,-0.02668922438783028,0.7999697309958758
2,1,61.2,6.143959373273163,9.237907982278887,-0.7998276059445502,-0.014967723847775005,0.7999676443383031
2,1,61.300000000000004,6.0639655868399265,9.237005009664598,-0.7999599176699199,-0.0033617253193725105,0.7999669812408434
2,1,61.400000000000006,5.983967389739177,9.237235637215013,-0.7999233561279517,0.008093489794042341,0.7999642993634479
2,1,61.5,5.90398091561434,9.238623707623406,-0.7997202903016358,0.019791658246781196,0.7999651570264108
2,1,61.6,5.824023331678853,9.24119396886437,-0.7993055270535692,0.03237307009045054,0.7999608373198436
2,1,61.7,5.744119810203624,9.245098321641496,-0.7986646212148081,0.04551548577619968,0.7999605219169482
2,1,61.800000000000004,5.664290407435889,9.250297066019609,-0.797828239062575,0.05833205906622396,0.7999578289888754
2,1,61.900000000000006,5.584554162391107,9.256764733454741,-0.7967833835078224,0.07116313823994602,0.7999549690315895
2,1,62.0,5.504933730734328,9.2645296936676,-0.7955044391716335,0.08428130671535428,0.7999566559529477
2,1,62.1,5.425453274556784,9.273620994797811,-0.793850983022768,0.09858742756963323,0.7999492884683459
2,1,62.2,5.346163534129771,9.284247179181527,-0.7918777613293813,0.11336142791629555,0.7999507498760495
2,1,62.300000000000004,5.267077722290905,9.296293280381072,-0.7897046716969562,0.1275882521038696,0.7999451422284644
2,1,62.400000000000006,5.188222599790378,9.309764829602301,-0.7872386734107195,0.1419980839667474,0.7999426134190484
2,1,62.5,5.1096299876087645,9.32469289717442,-0.784404471596595,0.1569005125888978,0.7999425891346155
2,1,62.6,5.031341705471062,9.34114493212008,-0.7809789627885451,0.17310631987545122,0.7999337086903475
2,1,62.7,4.953434195051053,9.359314161149513,-0.7771698886787206,0.18948637925976897,0.799936324837091
2,1,62.800000000000004,4.875907727735316,9.379042207972036,-0.7731541370119892,0.20522698135155792,0.7999283927036385
2,1,62.900000000000006,4.798803367648653,9.400359557419824,-0.7687164226090495,0.2212691038112382,0.7999280934498321
2,1,63.0,4.72216444321351,9.423296028734283,-0.7635792268471597,0.2383658203028105,0.799919683443993
2,1,63.1,4.646087522279225,9.448032721480386,-0.7577426312643745,0.25630675417277615,0.7999169003528065
2,1,63.2,4.570615916960633,9.47455737956884,-0.7515986093283082,0.2737930522265444,0.7999144360441147
2,1,63.300000000000004,4.495767800413561,9.502791331925696,-0.7450978291230541,0.29100541228197585,0.7999093229493519
2,1,63.400000000000006,4.42159635113602,9.532758462025235,-0.7379751824754806,0.3086235044667447,0.7999098933374018
2,1,63.5,4.348172763918468,9.564516032819043,-0.7297062048871794,0.32766128547410034,0.7998956578513163
2,1,63.6,4.275655110158588,9.598290719120055,-0.720853820392584,0.3467176133810099,0.7999020776340109
2,1,63.7,4.204001999839949,9.633859555495246,-0.7119029567544182,0.3647192934713033,0.7998912318971184
2,1,63.800000000000004,4.133274518807702,9.671234577814317,-0.7023350198616463,0.38282357197542183,0.7998927224222508
2,1,63.900000000000006,4.063534995867618,9.71042426989033,-0.6915694796957368,0.4019206175029453,0.7998803210609579
2,1,64.0,3.994960622868557,9.751618701314905,-0.6798157627728614,0.4214974989154001,0.799880999215749
2,1,64.10000000000001,3.927571843313044,9.794723769673412,-0.6679134803852875,0.4401086044469267,0.7998774912376327
2,1,64.2,3.861377926791497,9.839640422204292,-0.6556483217008982,0.458172120925191,0.7998727487183772
2,1,64.3,3.796442178972872,9.886358193858445,-0.642754490345876,0.47610679430602687,0.7998818753066906
2,1,64.4,3.73282702872232,9.9348617810655,-0.6282161479005239,0.4951040874471815,0.7998647297448983
2,1,64.5,3.6707989493927653,9.985379011347883,-0.4257824827054755,0.5243759623713089,0.6754708524367835
2,1,64.60000000000001,3.6476705321812295,10.039736973539764,0.15827987797554854,0.563192235322596,0.5850111227144462
2,1,64.7,3.702454924987864,10.098017458412404,0.5635893191946018,0.5671141702896279,0.7995319898875389
2,1,64.8,3.7603883960201436,10.153159807597683,0.5991262316497341,0.5288951149479004,0.7991760031848827
2,1,64.9,3.8222801713178134,10.203796481401984,0.6428162487938529,0.473760221741621,0.7985370858125943
2,1,65.0,3.8889516457789157,10.247911851946009,0.6960773394983626,0.38803204493413546,0.7969269291841541
2,1,65.10000000000001,3.961495639217489,10.28140289038881,0.7524528682260367,0.25232837594647606,0.7936340014196567
2,1,65.2,4.039442219424125,10.298377527135306,0.7873530199623175,0.06013518333030987,0.7896461348717865
2,1,65.3,4.118966243209943,10.293429927054872,0.7725176254407415,-0.16089808724550636,0.7890954797081684
2,1,65.4,4.193945744512274,10.266197909686202,0.7103555276532667,-0.35296889138395926,0.7932162466518018
2,1,65.5,4.2610373487406,10.22283614877808,0.6361966515658146,-0.4801706202042837,0.7970633625822485
2,1,65.60000000000001,4.321185074825438,10.170163785645341,0.5758324453560206,-0.5536341887874912,0.7988077491606337
2,1,65.7,4.376203837811806,10.112109311020582,0.5341852329090706,-0.5949871496855863,0.7996021331569196
2,1,65.8,4.428022121407246,10.051166355708231,0.5095939576372892,-0.6165555140041619,0.7998916823604129
2,1,65.9,4.478122629339265,9.988798208219748,0.49846506479297403,-0.6257109593907586,0.7999885158680513
2,1,66.0,4.527715134365843,9.926024163830078,0.4985867833504045,-0.6256123636366624,0.7999872561902188
2,1,66.10000000000001,4.577839986009347,9.863675735492414,0.5084486128976451,-0.6175370977775358,0.7999200329339434
2,1,66.2,4.6294048569453725,9.80251674427457,0.5271552939552961,-0.6014842667083116,0.7997974912705903
2,1,66.3,4.6832710448004,9.74337888215076,0.5549551498265046,-0.5756225014936831,0.7995726874680021
2,1,66.4,4.740395886910676,9.68739224397583,0.5909329220654236,-0.5381444905037753,0.7992504057179751
2,1,66.5,4.801457629213486,9.635749984050001,0.6332273172860141,-0.4868805028657519,0.79876746267487
2,1,66.60000000000001,4.867041350367881,9.59001614340268,0.6789605125439451,-0.41990980275721057,0.7983179943140052
2,1,66.7,4.937249731722276,9.551768023498557,0.7210343128824732,-0.34276017392649294,0.7983577000217509
2,1,66.8,5.011248212944367,9.521464108617385,0.7537385731473236,-0.2637922311072103,0.7985663265143874
2,1,66.9,5.087997446351744,9.499009577277116,0.7763844082636702,-0.18775255234847776,0.7987639014804669
2,1,67.0,5.1665250945971035,9.483913598147687,0.7904237840084889,-0.11601690733168368,0.7988927844918283
2,1,67.10000000000001,5.246082203153444,9.47580619581078,0.7976034751317975,-0.04785807158999944,0.7990379831764154
2,1,67.2,5.326045789623465,9.474341983829687,0.7989004939339139,0.018169867134076867,0.799107091245924
2,1,67.3,5.405862301940218,9.479440169237595,0.7949851957387253,0.08172968742680098,0.7991753269781431
2,1,67.4,5.4850428287712125,9.490687921315047,0.7863695108700028,0.14248896548405554,0.799174644812161
2,1,67.5,5.563136204114221,9.507937962334406,0.7731299770877449,0.202384564729158,0.7991805012087744
2,1,67.60000000000001,5.639668824188764,9.53116483426088,0.7546080809177766,0.2629913068679812,0.7991231339878344
2,1,67.7,5.7140578202977785,9.560536223708002,0.7303620375939097,0.3241072800102458,0.7990458277933548
2,1,67.8,5.785741231707537,9.595986290262925,0.6995879632688364,0.3857169624376411,0.7988747670710094
2,1,67.9,5.853975412951548,9.637679616195532,0.6604454236944441,0.44907700876647283,0.7986603267231799
2,1,68.0,5.9178303164464285,9.68580169201622,0.6111263824131576,0.5137972599559646,0.7984128503597936
2,1,68.10000000000001,5.97620068943418,9.740439068186728,0.5532005966486118,0.5757345339230682,0.798436693598179
2,1,68.2,6.028470435776153,9.800948598800835,0.4929436422659563,0.6284936888740447,0.7987476143344227
2,1,68.3,6.074789417887366,9.866137805961529,0.4361898322272708,0.6695375166709212,0.79908826544276
2,1,68.4,6.115708402221608,9.934856102135022,0.38611633400882184,0.699955236587499,0.7993892397416128
2,1,68.5,6.152012684689131,10.00612885327903,0.3443975942909354,0.721657943457835,0.7996248434792252
2,1,68.60000000000001,6.184587921079795,10.079187690826592,0.3116114156921306,0.7365924782521205,0.7997938193104861
2,1,68.7,6.214334967827559,10.153447348929456,0.2877151198398913,0.746370222377557,0.799905306293443
2,1,68.8,6.24213094504777,10.228461735302094,0.2724311751476236,0.7521524464350193,0.7999700293576628
2,1,68.9,6.268821202857084,10.303877838216462,0.2656036190063382,0.7546194869217686,0.7999974077903862
2,1,69.0,6.295251668849039,10.37938563268645,0.2672064688492455,0.7540462685410674,0.7999906700053384
2,1,69.10000000000001,6.3222624966269345,10.454687091924677,0.27726554544947746,0.7503604364095438,0.7999481028305007
2,1,69.2,6.350704777938935,10.529457719968361,0.2945846109695651,0.743676825384675,0.7998970643991129
2,1,69.3,6.381179418820844,10.603422457001603,0.3148691091610907,0.7353141919360056,0.7998934408822213
2,1,69.4,6.4136785997711545,10.676520558355563,0.3344593913751268,0.7266250881366716,0.7999044337848403
2,1,69.5,6.44807129709587,10.748747474628939,0.35262649723153316,0.717998789895482,0.7999173137525885
2,1,69.60000000000001,6.484203899217461,10.82012031633466,0.3691738663866104,0.7096480636322156,0.7999310706803381
2,1,69.7,6.521906070373193,10.890677087355384,0.3839709898768149,0.7017675605438924,0.7999446418963669
2,1,69.8,6.560998097192821,10.960473828443432,0.3975304067690928,0.6941804970879701,0.7999481150945364
2,1,69.9,6.601412151727013,11.029513186772979,0.41180935135270147,0.6857842606426132,0.7999293681361301
2,1,70.0,6.643359967463361,11.097630680571957,0.4284620267889494,0.6754713052966537,0.799900739266604
2,1,70.10000000000001,6.687104557084804,11.16460744783231,0.44775122459246575,0.662800142080421,0.7998657308985546
2,1,70.2,6.732910212381855,11.230190708988044,0.46968483099816183,0.6473894572408057,0.7998230740709578
2,1,70.3,6.78104152328443,11.294085339280464,0.4942432297333639,0.6287745561597973,0.7997711001350428
2,1,70.4,6.831758858328529,11.355945620220004,0.5213390402593134,0.6064142485380941,0.7997078439833658
2,1,70.5,6.885309331336294,11.415368188988085,0.5507672514233235,0.5797119631336471,0.7996314935272807
2,1,70.60000000000001,6.941912308613196,11.471888012846735,0.5821483661658959,0.5480598801419347,0.7995413388004488
2,1,70.7,7.001739004569473,11.524980165016474,0.6148732368657406,0.5109148323170416,0.799439218011791
2,1,70.8,7.064886955986336,11.574070979310138,0.6480665841634377,0.4679102205628922,0.7993311404020742
2,1,70.9,7.131352321402164,11.618562209129053,0.6805939055866048,0.4189963828244885,0.7992283986080785
2,1,71.0,7.2010057371036575,11.657870255875038,0.7111372870328978,0.364582436418722,0.7991474169097473
2,1,71.10000000000001,7.273579778808746,11.691478696412798,0.7383769717970239,0.3055524237933298,0.799101267779073
2,1,71.2,7.348681131463065,11.718980740633704,0.7612297189646,0.24299830281422885,0.7990737514181777
2,1,71.3,7.425825722601658,11.74007835697564,0.7787739871856161,0.17903615917014548,0.7990887744220787
2,1,71.4,7.5044359289001905,11.754787972467733,0.4017313863963281,0.12258735800195808,0.42001877000655113
2,1,71.5,7.506171999880936,11.764595828576033,-0.3894172064016814,0.08746497503415895,0.39911888266457124
2,1,71.60000000000001,7.426552487619843,11.772280967474565,-0.7975120171938386,0.058881672135250085,0.7996827301386648
2,1,71.7,7.346669596442165,11.776372163003083,-0.799328906371926,0.01822137746542296,0.7995365652416884
2,1,71.8,7.2666867063454665,11.775925242967649,-0.7990390396046863,-0.027223558497006195,0.799502663503768
2,1,71.9,7.186861788521227,11.770927451303681,-0.7948565414744948,-0.08232129975008462,0.7991080764936234
2,1,72.0,7.107715398050565,11.759460983017632,-0.7851140772612837,-0.14776200002742712,0.798897817599937
2,1,72.10000000000001,7.029838973068968,11.741375051298194,-0.7674734349555976,-0.22020059158852945,0.7984383344369697
2,1,72.2,6.954220711059444,11.715420864699926,-0.7381382374130965,-0.30343129609026676,0.7980718069060778
2,1,72.3,6.882211325586358,11.680688792080144,-0.6945342220621242,-0.392477215346851,0.7977569493159296
2,1,72.4,6.815313866647018,11.636925421630554,-0.636969633058321,-0.48004466191842,0.7976046582579758
2,1,72.5,6.75481739897469,11.58467985969646,-0.5692854637574456,-0.5588170223257194,0.7977232625958162
2,1,72.60000000000001,6.701456773895528,11.525162017165409,-0.49765558968127976,-0.6239216979615207,0.7980848144954328
2,1,72.7,6.655286281038432,11.459895520104155,-0.4283214935210822,-0.6739636053348335,0.7985525925873997
2,1,72.8,6.6157924751913155,11.390369296098449,-0.3658097825635309,-0.7103335175928791,0.7989934312840442
2,1,72.9,6.582124324525726,11.317828816585576,-0.31241623799483165,-0.7357604646649705,0.7993418337149987
2,1,73.0,6.553309227592346,11.243217203165454,-0.2686464816173384,-0.7531108889981724,0.7995917353330964
2,1,73.10000000000001,6.528395028202257,11.16720663878594,-0.23395017396392603,-0.7647794261609064,0.7997626238933379
2,1,73.2,6.50651919279956,11.09026131793327,-0.20732937991422062,-0.7725381450867417,0.7998754011655057
2,1,73.3,6.486929152219415,11.0126990097686,-0.1873798670627167,-0.7776819531094432,0.7999377693124382
2,1,73.4,6.469043219387018,10.934724927311379,-0.17385291272078263,-0.780857197988297,0.7999767489818904
2,1,73.5,6.452158569675258,10.856527570170938,-0.16637915633024392,-0.7825004678456224,0.7999931286203538
2,1,73.60000000000001,6.435767388120969,10.778224833742252,-0.16371554666497445,-0.7830686447982629,0.799999551678624
2,1,73.7,6.419415460342262,10.699913841211284,-0.16589841884606926,-0.7826042204979657,0.7999947820560172
2,1,73.8,6.402587704351759,10.621703989642667,-0.1727033332291512,-0.7811154880009568,0.7999799040622408
2,1,73.9,6.38487479369643,10.54369074361109,-0.1835207270014223,-0.7786231283296274,0.7999586446866775
2,1,74.0,6.365883558951474,10.46597936397674,-0.1991793689897463,-0.7747279217053205,0.7999223547951381
2,1,74.10000000000001,6.345038919898481,10.388745159270025,-0.2196236046242035,-0.7691338749375873,0.7998758936764107
2,1,74.2,6.321958838026633,10.31215258898922,-0.24379702777391543,-0.7617555773393363,0.7998178232316288
2,1,74.3,6.2962795143437,10.236394043802166,-0.2725760754880433,-0.7518672970871734,0.7997513046926746
2,1,74.4,6.267443622929023,10.161779129571784,-0.3069056936275203,-0.7384113856680941,0.7996514736216424
2,1,74.5,6.2348983756181955,10.088711766668544,-0.34494741778566507,-0.7213105672466398,0.7995484072016324
2,1,74.60000000000001,6.198454139371888,10.017517016122454,-0.3855367540552095,-0.7003540686517624,0.7994588233326997
2,1,74.7,6.157791024807153,9.94864095293819,-0.43002161388014315,-0.6738450756238876,0.7993658576313137
2,1,74.8,6.1124498165958645,9.882748000997685,-0.47381161483496115,-0.6438729656888711,0.7994184400534528
2,1,74.9,6.0630287018401585,9.819866359800413,-0.512722019922002,-0.6133584650186492,0.7994325964851141
2,1,75.0,6.009905412611463,9.760076307993954,-0.548978775275728,-0.5811858416732534,0.7994714993448399
2,1,75.10000000000001,5.953232946785011,9.703629191465762,-0.58346488475879,-0.5465749970394,0.7994845208853066
2,1,75.2,5.893212435659704,9.650761308586072,-0.6147998940481116,-0.5110938167867616,0.7994972165550228
2,1,75.3,5.830272967975396,9.601410428108416,-0.6430561010587219,-0.4750682315444337,0.7995067064956997
2,1,75.4,5.764601215447957,9.555747662277184,-0.6703849534300375,-0.4356068350109439,0.7994806442270164
2,1,75.5,5.696195977289387,9.514289061106226,-0.6959427866353565,-0.3934736949237774,0.7994735210541717
2,1,75.60000000000001,5.625412658120884,9.477052923292428,-0.7186975711040766,-0.3500215654433205,0.7994005848048223
2,1,75.7,5.5524564630685695,9.444284748017559,-0.7395013382762272,-0.3035144420915259,0.799364276078473
2,1,75.8,5.477512390465646,9.416350034874126,-0.7584717546416542,-0.2522405286631937,0.7993151361568709
2,1,75.9,5.400762112140236,9.39383664228492,-0.7749394248330894,-0.19550835799276456,0.7992212648607809
2,1,76.0,5.322524505499026,9.377248363275573,-0.7876940551926133,-0.13445533857098724,0.7990870807715655
2,1,76.10000000000001,5.243223301101711,9.366945574570725,-0.795881970866791,-0.07048240132572658,0.798996796268576
2,1,76.2,5.163348111325665,9.363151883010426,-0.7989824397630088,-0.00555983923167247,0.7990017840167392
2,1,76.3,5.083426813149118,9.36583360672439,-0.7969336183616669,0.0582333322685642,0.7990583915222466
2,1,76.4,5.00396138765333,9.37479854946414,-0.7901690434163733,0.11947559473755831,0.7991505082970539
2,1,76.5,4.925393004465842,9.389728725671901,-0.7793989822137561,0.17710178787835673,0.7992670497058849
2,1,76.60000000000001,4.848081591210577,9.410218907039813,-0.76544889851656,0.23048542208722722,0.7993969890079285
2,1,76.7,4.772303224762527,9.435825810089346,-0.7487530070798911,0.2802167521797756,0.7994701331590576
2,1,76.80000000000001,4.698330989794597,9.466262257475769,-0.7303975537982161,0.32526199335849526,0.7995473412612664
2,1,76.9,4.626223714002881,9.500878208761046,-0.7114645257738736,0.36489165563083503,0.7995796969556286
2,1,77.0,4.55603808463983,9.539240588601933,-0.6921842142112489,0.40037828243172413,0.7996385154844792
2,1,77.10000000000001,4.48778687116063,9.580953865247391,-0.6726750191012592,0.43247727550759407,0.7997051176235843
2,1,77.2,4.421503080819576,9.625736043703451,-0.6527333484441513,0.46208997664752616,0.7997424402201155
2,1,77.30000000000001,4.3572402014717975,9.673371860576898,-0.6334186510134607,0.48829643868526773,0.7997828452051393
2,1,77.4,4.294819350616882,9.723395331440507,-0.6152171173854022,0.5110870892525199,0.7998137997838103
2,1,77.5,4.2341967779947245,9.775589278427397,-0.5965500109139441,0.5327748260712468,0.7998255627426983
2,1,77.60000000000001,4.175509348434091,9.829950296654758,-0.5785623355793881,0.5523083514257792,0.7998617950657092
2,1,77.7,4.118484310878845,9.886050948712555,-0.5617279869099647,0.5694286038409686,0.7998670302932833
2,1,77.80000000000001,4.063163751052097,9.943836017422955,-0.5446965871937692,0.5857576728856202,0.7998790055032803
2,1,77.9,4.009544993440089,10.00320248328968,-0.5287085194091468,0.6002616718197729,0.7999042274870666
2,1,78.0,3.957422047170274,10.063888351786902,-0.5126517962110597,0.6140223122804827,0.7998970334591174
2,1,78.10000000000001,3.907014634197876,10.126006945745779,-0.49700182717303676,0.626789227871555,0.799922216461799
2,1,78.2,3.858021681735665,10.189246197361214,-0.48207886580217973,0.6383270060221449,0.7999133699784692
2,1,78.30000000000001,3.810598861037439,10.253672346950209,-0.46709205979317403,0.6493897958808574,0.7999263086785006
2,1,78.4,3.764603269777028,10.319124156537388,-0.4526338033236996,0.6595487474235213,0.7999261904321007
2,1,78.5,3.7200721003727044,10.385582096434906,-0.4380934949282249,0.6693001712957667,0.7999303904684265
2,1,78.60000000000001,3.6769845707913826,10.452984190796544,-0.4239239347418966,0.6783698205878324,0.7999356948726689
2,1,78.7,3.6352873134243238,10.521256060552474,-0.4095954734027316,0.6871132275390792,0.7999331467636394
2,1,78.80000000000001,3.595065476110835,10.590406836304362,-0.39553642455508253,0.6953127931885632,0.7999430876765548
2,1,78.9,3.556180028513306,10.660318619190189,-0.38194489967133904,0.7028748778346312,0.7999468734084765
2,1,79.0,3.5186764961765715,10.730981811871281,-0.3704562133193008,0.7090278556300689,0.7999739408544813
2,1,79.10000000000001,3.482088785849445,10.802124190316205,-0.36224462484099007,0.7132712604663709,0.7999856618924337
2,1,79.2,3.446227571208373,10.873636063964558,-0.3571511485384775,0.7158483546718131,0.7999973811136482
2,1,79.30000000000001,3.4106585561417493,10.945293861250569,-0.35584835455192376,0.716499353832404,0.7999996096746324
2,1,79.4,3.3750579002979872,11.01693593473104,-0.35828761303352863,0.715275769523565,0.7999934000482701
2,1,79.5,3.3390010335350477,11.088349015155273,-0.36471348714100316,0.712003962518402,0.799978481175873
2,1,79.60000000000001,3.302115202869785,11.159336727234722,-0.3758938327047012,0.7061276253791249,0.7999452461193776
2,1,79.7,3.263822266994107,11.2295745402311,-0.39267207406032156,0.6968692160205521,0.7998862806574029
2,1,79.80000000000001,3.223580788057719,11.298710570438834,-0.4150512716575978,0.6836594947386985,0.7997861356956381
2,1,79.9,3.1808120126625865,11.366306439178842,-0.444011468628295,0.6650288569572353,0.799630892887026
2,1,80.0,3.1347784943320653,11.431716341830274,-0.48079296243145464,0.6386585977415109,0.7994039511991213
2,1,80.10000000000001,3.0846534201762936,11.494038158727147,-0.5258969893201577,0.6016036749686222,0.7990585867830705
2,1,80.2,3.029599096468033,11.552037076824002,-0.5785913714352322,0.5503728103644718,0.7985475599410404
2,1,80.30000000000001,2.968935145889245,11.604112720800043,-0.6359968887355105,0.4818042874141639,0.7978893493786715
2,1,80.4,2.90239971872093,11.648397934306837,-0.6925520216583791,0.39496801757111655,0.7972628409797899
2,1,80.5,2.830424741557577,11.683106324314261,-0.740144025928668,0.29635415280290545,0.7972696927648916
2,1,80.60000000000001,2.7543709135351935,11.707668764867417,-0.7723050457293308,0.2008647799412202,0.7979985861389847
2,1,80.7,2.675963732411709,11.723279280302508,-0.7897304727221339,0.11929520656898518,0.798689905943641
2,1,80.80000000000001,2.596424818990764,11.731527806181212,-0.7974190931557992,0.053156538102342665,0.7991888560737336
2,1,80.9,2.5164799137805467,11.733910587922978,-0.7995254894095378,0.0006874550381184008,0.7995257849563018
2,1,81.0,2.436519721108865,11.731665297188835,-0.7986282176524089,-0.041474564967536764,0.7997044263788402
2,1,81.10000000000001,2.356754270250063,11.72561567492947,-0.796397628902815,-0.0740246319225335,0.7998305004519972
2,1,81.2,2.2772401953282997,11.716860370804328,-0.7938848937026268,-0.09786371200717525,0.7998940745980397
2,1,81.30000000000001,2.197977291509535,11.706042932528035,-0.791410452976848,-0.11650009021613528,0.7999392327554559
2,1,81.4,2.118958104732928,11.6935603527611,-0.7893442560610158,-0.12998122395896416,0.7999746703229977
2,1,81.5,2.040108440297341,11.680046687736244,-0.7879360043842443,-0.1383459653681598,0.7999892206390382
2,1,81.60000000000001,1.9613709038560767,11.665891159687467,-0.7871510687775629,-0.14279527816976412,0.7999983103389906
2,1,81.7,1.882678226541826,11.65148763210229,-0.7870605682756064,-0.14329771151311377,0.7999991076615124
2,1,81.80000000000001,1.803958790200953,11.637231617384845,-0.7877005799394254,-0.13969800205948957,0.7999923345984762
2,1,81.9,1.7251381105539387,11.623548031690392,-0.7890262093129881,-0.13190436027126395,0.7999756991567897
2,1,82.0,1.6461535483383642,11.610850745330595,-0.7908824686853313,-0.12013859798042859,0.7999552249960663
2,1,82.10000000000001,1.56696161681687,11.599520312094306,-0.7933004955033063,-0.10256856261797509,0.7999037355852945
2,1,82.2,1.487493449237701,11.590337032807,-0.7959431267552803,-0.07884559060719454,0.799838788873839
2,1,82.30000000000001,1.4077729914658117,11.583751193972867,-0.798218133656527,-0.04905175022280872,0.7997238667802969
2,1,82.4,1.3278498225063933,11.580526682762438,-0.7995132769817594,-0.010499715334034931,0.7995822184692499
2,1,82.5,1.247870336069469,11.581651250906061,-0.7983426657978097,0.039863049751943436,0.79933727222536
2,1,82.60000000000001,1.168181289346829,11.588499292712827,-0.7922103477643496,0.10368991858488386,0.7989673549783193
2,1,82.7,1.0894282665165966,11.602389234623038,-0.7774263042073128,0.18175325341091764,0.7983895688189411
2,1,82.80000000000001,1.0126960285053646,11.624849943395013,-0.7506706233904215,0.27347610130789235,0.798934016554514
2,1,82.85078866477798,0.975,11.639999999999999,-0.7422134184893289,0.2982960207994622,0.7999132919325749
2,2,0.0,1.8450000000000006,11.520000000000001,0.7065851177067728,0.3751499319409568,0.799999999999999
2,2,0.1,1.915658511770678,11.557514993194097,0.7081329678448114,0.37210521388802675,0.7999466171885189
2,2,0.2,1.9866265935689629,11.594421042777606,0.7145729163362464,0.35943743233089265,0.7998810664854578
2,2,0.30000000000000004,2.0585730950379277,11.629402479660277,0.7236458727194268,0.34075386284894904,0.7998603279012789
2,2,0.4,2.131355768112848,11.662571815347397,0.7312764964299401,0.3239857695842119,0.7998325406758106
2,2,0.5,2.2048283943239158,11.694199633577119,0.740886152634106,0.30124937152940845,0.7997896442264248
2,2,0.6000000000000001,2.2795329986396693,11.722821689653278,0.752299323136274,0.2713445363446212,0.7997387879772829
2,2,0.7000000000000001,2.355288258951171,11.748468540846044,0.7626045342803618,0.24017197659809142,0.7995300207296795
2,2,0.8,2.4320539054957417,11.770856084972896,0.7730819582168547,0.2031203377543065,0.7993207026781116
2,2,0.9,2.509904650594542,11.789092608396905,0.7837136382939889,0.15607573803004726,0.7991036871705856
2,2,1.0,2.5887966331545393,11.802071232578907,0.792856041687644,0.09694951120385298,0.7987614854030364
2,2,1.1,2.6684758589320707,11.808482510637676,0.7978668844299506,0.024114437682442258,0.7982312142322526
2,2,1.2000000000000002,2.7483700100405297,11.806894120115395,0.7951281757045638,-0.06277027303389815,0.7976019828059718
2,2,1.3,2.827501494072983,11.795928456030895,0.7805930258740226,-0.16178985962203996,0.7971834360545142
2,2,1.4000000000000001,2.904488615215335,11.77453614819099,0.7453857836437905,-0.27912267924703826,0.7959330603312772
2,2,1.5,2.9765786508017404,11.740103920181486,0.6917683185086627,-0.3951883117832651,0.7966914134484002
2,2,1.6,3.042842278917068,11.695498485834339,0.6258027377400275,-0.49289901196861763,0.7966043576095684
2,2,1.7000000000000002,3.101739198349746,11.641524117787762,0.5512644896756118,-0.5761367823254844,0.797387063806327
2,2,1.8,3.1530951768521898,11.580271129369239,0.4826780532134993,-0.6360907634696176,0.7984920553301295
2,2,1.9000000000000001,3.198274808992447,11.514305965093842,0.4226630706060348,-0.6779258073484158,0.7988914015829206
2,2,2.0,3.2376277909733964,11.444685967899554,0.37053864591221597,-0.708293081163923,0.7993609803706597
2,2,2.1,3.2723825381748908,11.372647348861058,0.33065939233384256,-0.7280763826955337,0.7996442038666942
2,2,2.2,3.3037596694401654,11.299070691360447,0.30060189234128387,-0.7411354217827011,0.7997769758502573
2,2,2.3000000000000003,3.332502916643148,11.224420264504518,0.27758260494801235,-0.7501697032881367,0.7998791698132508
2,2,2.4000000000000004,3.359276190429768,11.14903675070282,0.2608337824049727,-0.7562264336463187,0.7999454237565927
2,2,2.5,3.3846696731241432,11.073174977775256,0.24959572616185,-0.760047194696007,0.7999811027040146
2,2,2.6,3.409195335662137,10.997027311763617,0.24358440902598133,-0.7620120058042303,0.799997288314356
2,2,2.7,3.4333865549293394,10.92077257661441,0.2425068724924273,-0.7623572474602156,0.799998847474904
2,2,2.8000000000000003,3.4576967101606226,10.844555862271573,0.24575682881550875,-0.7613068751132417,0.799990360569516
2,2,2.9000000000000004,3.482537920692441,10.768511201591762,0.25308813925135354,-0.7588811641318429,0.7999713916783611
2,2,3.0,3.5083143380108943,10.692779629445205,0.2644623667399486,-0.7549599602035357,0.7999405508737629
2,2,3.1,3.5354303940404304,10.617519209551054,0.2799141214896359,-0.7493209712729509,0.7998961391322958
2,2,3.2,3.5642971623088218,10.542915435190615,0.2995291269354361,-0.7416336335617757,0.799836323451709
2,2,3.3000000000000003,3.5953362194275176,10.469192482838698,0.32341425342686136,-0.7314498462151633,0.7997597494546973
2,2,3.4000000000000004,3.628980012994194,10.396625465947581,0.35165539864659934,-0.7181958870360035,0.799666712795231
2,2,3.5,3.6656672991568375,10.3255533054315,0.3842590732184199,-0.7011723908701413,0.7995609777054087
2,2,3.6,3.7058318276378768,10.256390987773552,0.4210468303051904,-0.6795922213543619,0.79945357628533
2,2,3.7,3.7498766652178754,10.189634861160627,0.4605959098881165,-0.6533859287314314,0.7994133874722746
2,2,3.8000000000000003,3.7979510096155,10.125713802027265,0.49995113624478194,-0.623866742094549,0.7994753595478193
2,2,3.9000000000000004,3.849866892466832,10.064861512741718,0.5373832473102915,-0.5919855952091098,0.7995171664353666
2,2,4.0,3.9054276590775587,10.007316682985445,0.570735139884917,-0.5599973600255268,0.7995846691470612
2,2,4.1000000000000005,3.9640139204438154,9.952862040736612,0.5992988069320475,-0.5293187775241393,0.7995857854100614
2,2,4.2,4.025287420463968,9.901452927480618,0.6245955116671915,-0.4992525639370484,0.7996078262451647
2,2,4.3,4.088933022777253,9.853011527949203,0.6468761052657506,-0.470085885836923,0.7996433177529035
2,2,4.4,4.154662641517119,9.807435750313232,0.6664189277410308,-0.44202236833993425,0.7996861642946874
2,2,4.5,4.222216808325459,9.764607054281218,0.6835093384020112,-0.4151938759503082,0.7997318114901989
2,2,4.6000000000000005,4.29136450919752,9.72439697512317,0.6984252514777047,-0.3896737618746471,0.7997771393302225
2,2,4.7,4.3619018586210005,9.686672301906288,0.7114278167603558,-0.36548987254268894,0.7998202206694186
2,2,4.800000000000001,4.433650072549591,9.651299000614634,0.7227561480252334,-0.34263629998731204,0.7998600399927904
2,2,4.9,4.506453088226047,9.618145041908827,0.7327693415040137,-0.32072769353954556,0.79988571761935
2,2,5.0,4.580203940850394,9.587153461906725,0.7416231983719577,-0.29973259741156255,0.7999028680499488
2,2,5.1000000000000005,4.654777727900439,9.558198522426514,0.7491966188806423,-0.2802909551360102,0.7999116159134353
2,2,5.2,4.730043264626523,9.531095270879522,0.7557822532705245,-0.2620006309361571,0.7999069601957566
2,2,5.300000000000001,4.805934178554544,9.505798396239284,0.7617986567566781,-0.24393780202397153,0.799901771902379
2,2,5.4,4.882402995977858,9.482307710474728,0.7673412948999392,-0.22589349068953624,0.7999003262873563
2,2,5.5,4.959402437534531,9.460619698101377,0.7724094425704102,-0.207914937734472,0.7999030993220749
2,2,5.6000000000000005,5.036884884491941,9.440724722927834,0.7770022096731175,-0.1900625506824838,0.799910124332002
2,2,5.7,5.114802879469155,9.42260718796488,0.7811235843846056,-0.17239477026058125,0.7999212529337202
2,2,5.800000000000001,5.193109601368862,9.406245768875717,0.7848631277269575,-0.15450446111731964,0.7999260951928596
2,2,5.9,5.2717755050145465,9.391706295741416,0.7881949298696007,-0.13651773645595,0.7999302093552918
2,2,6.0,5.350748587342781,9.378942221584527,0.7909750601128707,-0.11937176728582699,0.7999319749488084
2,2,6.1000000000000005,5.429970517037121,9.367831942284251,0.7932645290633573,-0.10304485708616085,0.7999292816505827
2,2,6.2,5.509401493155453,9.358333250167295,0.7951682957457216,-0.08715795350871502,0.7999307016354495
2,2,6.300000000000001,5.589004176186265,9.350400351582508,0.7967117889859168,-0.07174458280157126,0.7999355973267546
2,2,6.4,5.668743850952636,9.343984333606981,0.7979218103261303,-0.056833622614988144,0.7999432955239215
2,2,6.5,5.74858853825149,9.339033627059509,0.7988260381565055,-0.04244937896248757,0.7999531167581759
2,2,6.6000000000000005,5.828509058583938,9.335494457814482,0.7994623633830962,-0.02811257873585049,0.799956491035147
2,2,6.7,5.90848101092811,9.333411111312339,0.7998351866268685,-0.014257842607079851,0.7999622565110468
2,2,6.800000000000001,5.988476095909312,9.332642889293066,0.7999612200741915,-0.0015391093235379572,0.7999627006805372
2,2,6.9,6.0684732549429485,9.333103289447632,0.7998947178094014,0.010454627935068572,0.7999630359114367
2,2,7.0,6.148455039471192,9.33473381488008,0.7996662867716466,0.021862470260792577,0.7999650853662661
2,2,7.1000000000000005,6.228406512297278,9.337475783499789,0.7993003884157872,0.03268390094944351,0.7999683420629227
2,2,7.2,6.30831511715435,9.34127059506997,0.7988201203984424,0.04292090950033156,0.7999723677888616
2,2,7.300000000000001,6.3881705363769665,9.346059965399855,0.7982471168587111,0.05257766854980872,0.7999767939155349
2,2,7.4,6.467964540526093,9.351786128779933,0.7976014848605821,0.0616602241378672,0.7999813197147402
2,2,7.5,6.5476908333490815,9.358392010227428,0.7968976728749766,0.07021786478489389,0.7999852808449058
2,2,7.6000000000000005,6.627344075101088,9.365829701736912,0.7961347495769431,0.0784165425749066,0.7999873084201673
2,2,7.7,6.706917783264471,9.37407531874241,0.7953555044871763,0.08598119036709306,0.7999894646900001
2,2,7.800000000000001,6.786415175998522,9.38302593981033,0.7945928149725461,0.09276867222186524,0.7999898550305514
2,2,7.9,6.865836346258981,9.392629053186782,0.7938366838714401,0.09903695197018436,0.7999906240172752
2,2,8.0,6.94518251277281,9.402833330204366,0.7930977036647135,0.10479800814098894,0.7999916187489471
2,2,8.1,7.024455886991924,9.41358865481498,0.7923851722895634,0.11006404646384738,0.7999927222096193
2,2,8.200000000000001,7.103659547230723,9.424846139497136,0.791707166360716,0.11484737339510076,0.7999938477530113
2,2,8.3,7.182797320264068,9.436558129494001,0.7910706162713055,0.11916028847861782,0.7999949339078157
2,2,8.4,7.261873670484984,9.44867819719286,0.7904813886600834,0.12301494974035165,0.7999959397881936
2,2,8.5,7.340893597996084,9.461161119442071,0.7899480728586781,0.12640063138759672,0.7999969233867856
2,2,8.6,7.419863285056719,9.473958323470379,0.7894921131644708,0.12922468144839172,0.7999980094002358
2,2,8.700000000000001,7.498792020628979,9.487006055731749,0.7891405799952906,0.13136027953809304,0.7999989862716262
2,2,8.8,7.577691401055778,9.500230379377998,0.7889071616269732,0.13275880125826944,0.799999630611077
2,2,8.9,7.656573452954373,9.513557815983402,0.7887942281634537,0.13343003471468506,0.7999999428424609
2,2,9.0,7.735450246688467,9.526916386320934,0.7888015859210142,0.13338655830154522,0.7999999474293975
2,2,9.1,7.8143337701385756,9.540235127643712,0.7889278174579886,0.13263619787705494,0.799999663841371
2,2,9.200000000000001,7.893235810180066,9.553443625896344,0.7891703311402196,0.1311821602915444,0.7999991067062014
2,2,9.3,7.97216783636662,9.566471559702022,0.7895253569626064,0.12902313626153017,0.7999982868592235
2,2,9.4,8.051140881572588,9.57924825314865,0.7899878904214859,0.12615337489152978,0.7999972131258412
2,2,9.5,8.130165414450916,9.591702234680328,0.7905515847705828,0.12256273321879974,0.7999958948378064
2,2,9.600000000000001,8.209251198526706,9.60376079979241,0.7912085906556783,0.11823670531174457,0.7999943452364654
2,2,9.700000000000001,8.288407132582051,9.615349575742677,0.7919493409126019,0.11315643679246534,0.7999925860653158
2,2,9.8,8.367641066709226,9.626392087150903,0.792762277253594,0.10729873226953401,0.7999906538097514
2,2,9.9,8.44695958803277,9.636809322196584,0.7936335146945268,0.1006360651571967,0.7999886082043364
2,2,10.0,8.52636776964813,9.646519300182343,0.7945464389624064,0.09313660181845052,0.7999865438031628
2,2,10.100000000000001,8.605868875825253,9.655436642560273,0.7954812318716762,0.08476425499568307,0.7999846055925405
2,2,10.200000000000001,8.685464016022467,9.663472151181479,0.7964242584376748,0.07535734603516175,0.7999814554284764
2,2,10.3,8.765153727512788,9.670508111767306,0.7973463410300283,0.0648173765544513,0.7999765495671581
2,2,10.4,8.844933284228471,9.676435626492369,0.79819133169498,0.053311733432437336,0.7999697137483248
2,2,10.5,8.924791993851784,9.681170458453794,0.7989170718530616,0.04083109612024316,0.7999597903073944
2,2,10.600000000000001,9.004716698599085,9.684601845716417,0.7994851159967737,0.027214497373314828,0.7999481730510152
2,2,10.700000000000001,9.08468901705114,9.686613357928456,0.7998388747571141,0.012404747923469017,0.7999350619542634
2,2,10.8,9.164684473550507,9.68708279530111,0.799912559210938,-0.0036556430624017366,0.7999209124092156
2,2,10.9,9.244671528893328,9.685882229315975,0.7996302229793883,-0.021022848936858907,0.7999065280890564
2,2,11.0,9.324610518146384,9.682878225513738,0.7989049027099071,-0.03974967278885799,0.7998931679047817
2,2,11.100000000000001,9.40445250943531,9.677932294758204,0.7976379502995528,-0.0598830052885404,0.7998826626952601
2,2,11.200000000000001,9.484138108206295,9.670901624456029,0.7957186779164473,-0.08146075223552884,0.7998775334636403
2,2,11.3,9.5635962450186,9.661640144311098,0.7929259029045284,-0.1051106310230594,0.7998623208096673
2,2,11.4,9.6427232887872,9.649879498251417,0.7890085606854953,-0.13116327921395055,0.7998364299337419
2,2,11.5,9.721397957155698,9.635407488468308,0.7839947364799897,-0.15827032843588285,0.799810754923645
2,2,11.600000000000001,9.799522236083199,9.618225432564241,0.7778253977629603,-0.18605849013069076,0.7997687860593334
2,2,11.700000000000001,9.876963036708291,9.598195790442169,0.7702492652519481,-0.21517001515071144,0.7997387486180243
2,2,11.8,9.953572089133587,9.5751914295341,0.76111891622093,-0.2454811949668212,0.7997268419352082
2,2,11.9,10.029186819952477,9.549099551448805,0.750158929813928,-0.27716225473137257,0.7997232867857207
2,2,12.0,10.103603875096372,9.519758978587825,0.7365343390453347,-0.3114490601218449,0.7996770283331445
2,2,12.100000000000001,10.176493687761544,9.486809739424436,0.7209522780124615,-0.3459870238113538,0.7996744386418737
2,2,12.200000000000001,10.247794330698865,9.450561573825555,0.7041042914276829,-0.37899031047469833,0.7996227289419603
2,2,12.3,10.317314546047081,9.411011677329496,0.6853711677725869,-0.4118580560103027,0.7996003351140775
2,2,12.4,10.384868564253381,9.368189962623495,0.664838555854864,-0.4442567002997464,0.799608855073779
2,2,12.5,10.450282257218053,9.322160337269546,0.6428165535246606,-0.4756415034996806,0.7996549014023234
2,2,12.600000000000001,10.513431874958314,9.273061661923558,0.6192263215598643,-0.5060207393215705,0.7996863297169143
2,2,12.700000000000001,10.574127521530027,9.220956189405232,0.5951927308370699,-0.5341513088663774,0.799732460017069
2,2,12.8,10.632470421125728,9.166231400150282,0.5720310016548638,-0.5588981435473954,0.79974158433521
2,2,12.9,10.688533721860999,9.109176560695754,0.5492763337612772,-0.581273109438392,0.7997392816327124
2,2,13.0,10.742325687877983,9.049976778262604,0.5266019745408457,-0.6018983481031484,0.7997444973487571
2,2,13.100000000000001,10.793854116769168,8.988796891075124,0.5039924776834894,-0.6209656485990251,0.7997541836724272
2,2,13.200000000000001,10.843124183414682,8.925783648542799,0.48141292552943327,-0.6386452671920679,0.799766329732401
2,2,13.3,10.890136701875054,8.86106783763671,0.45881258393845314,-0.6550866759492493,0.7997796822791368
2,2,13.4,10.934886700202371,8.79476631335295,0.43612758483268266,-0.6704196000577127,0.7997935423554833
2,2,13.5,10.977362218841591,8.726983917625168,0.41328279091899134,-0.6847551176129869,0.7998076245991697
2,2,13.600000000000001,11.017543258386171,8.657815289830353,0.39019298616225484,-0.6981866611009337,0.7998219678087666
2,2,13.700000000000001,11.055400816074043,8.58734658540498,0.366763520198937,-0.710790804706825,0.7998368882494055
2,2,13.8,11.090895962425959,8.51565712888899,0.3428905201058967,-0.7226277501979084,0.7998529703230357
2,2,13.9,11.123978920095222,8.442821035365398,0.31781249315946525,-0.7339975279810389,0.7998482055305939
2,2,14.0,11.154458461057851,8.368857623292781,0.2918436852711821,-0.7446989409914693,0.7998432654879833
2,2,14.100000000000001,11.182347657149458,8.293881247167104,0.26559088833137423,-0.754433454330595,0.7998177023408788
2,2,14.200000000000001,11.207576638724127,8.217970932426661,0.2384440444107483,-0.7634156074739025,0.7997868166265949
2,2,14.3,11.230036466031608,8.141198125672323,0.21012430064284615,-0.7716585298732497,0.7997556554640861
2,2,14.4,11.249601498852696,8.063639226452013,0.18045902158787896,-0.7790991440670112,0.7997255371428401
2,2,14.5,11.266128270349183,7.985378296858922,0.14926496301792724,-0.7856450741452008,0.7996988256295999
2,2,14.600000000000001,11.279454491456281,7.9065102116229715,0.11635023261150224,-0.7911698392850681,0.7996793677612992
2,2,14.700000000000001,11.289398316871484,7.827144329001908,0.08151783789190148,-0.795507306140621,0.7996730782123893
2,2,14.8,11.295758059034663,7.747408750394848,0.04360795447894361,-0.7984514334191459,0.7996413853865535
2,2,14.9,11.298119907767273,7.66745404231808,0.001519970122743075,-0.7995704405785915,0.7995718852962609
2,2,15.0,11.296062053059211,7.587494662279131,-0.0425289127965911,-0.7983841128551745,0.7995160411669074
2,2,15.100000000000001,11.289614125207954,7.507777219747044,-0.08776974136608828,-0.7945810513205913,0.7994138944359213
2,2,15.200000000000001,11.278508104785994,7.428578452015011,-0.1356809627383555,-0.7877596925815737,0.7993589036883386
2,2,15.3,11.262477932660284,7.35022528123073,-0.18838246612795473,-0.776708324153887,0.7992269855018596
2,2,15.4,11.240831611560402,7.273236787184234,-0.24598089888705488,-0.7603044076136882,0.7991053715587731
2,2,15.5,11.213281752882873,7.198164399707993,-0.3035724698868023,-0.739143496565454,0.7990552878169187
2,2,15.600000000000001,11.180117117583041,7.1254080878711425,-0.3600407472387914,-0.7132603826010708,0.798980420949408
2,2,15.700000000000001,11.141273603435115,7.055512323187777,-0.4197739039233639,-0.6795781101058367,0.7987718936906094
2,2,15.8,11.096162336798368,6.989492465849976,-0.4798051253722164,-0.6386030397331268,0.7987657983976516
2,2,15.9,11.045312578360672,6.927791715241153,-0.5339323949635499,-0.5941117504199482,0.7987819316800845
2,2,16.0,10.989375857805658,6.870670115765987,-0.5826883569403449,-0.546421119000243,0.7988127193549917
2,2,16.1,10.928774906972603,6.818507491441102,-0.6275377111587375,-0.4943919406320063,0.7988910876259844
2,2,16.2,10.86386831557391,6.771791727639586,-0.6679897153439995,-0.43834391375838067,0.798971618103154
2,2,16.3,10.795176963903803,6.730838708689427,-0.7012124220383811,-0.3832859512769744,0.7991288890205559
2,2,16.400000000000002,10.723625831166231,6.69513453738419,-0.7271290600892257,-0.33154127939359057,0.7991472267161914
2,2,16.5,10.649751151885958,6.664530452810709,-0.7479179074148092,-0.28171669942123145,0.799215549751467
2,2,16.6,10.57404224968327,6.638791197499944,-0.7641156921993826,-0.23455887927345032,0.7993063611102809
2,2,16.7,10.496928013446082,6.6176186769560195,-0.7763570441004575,-0.19057997822105222,0.7994066474724465
2,2,16.8,10.418770840863179,6.600675201855733,-0.7853066069183541,-0.1500731707893337,0.7995176192307352
2,2,16.900000000000002,10.339866692062408,6.5876040427981515,-0.7916068229167763,-0.11314565566726742,0.7996519877326438
2,2,17.0,10.260449476279824,6.578046070722279,-0.7959218509346329,-0.0782862036987666,0.7997626663484466
2,2,17.1,10.180682321875482,6.571946802058398,-0.7985750758481132,-0.04404045123987288,0.7997885427481637
2,2,17.2,10.100734461110202,6.569237980474305,-0.7996558766612907,-0.014011651120213742,0.7997786240242059
2,2,17.3,10.020751146543224,6.569144471834355,-0.7996865788098333,0.01062510151349727,0.7997571613375825
2,2,17.400000000000002,9.940797145348233,6.571363000777005,-0.7991901828853969,0.03262221221537942,0.7998557102066719
2,2,17.5,9.860913109966145,6.575668914277433,-0.7977455388879946,0.05804235200695018,0.7998542738788083
2,2,17.6,9.781248037570634,6.5829714711783955,-0.7957796080105553,0.08100060821841737,0.7998914195421692
2,2,17.7,9.701757188364034,6.591869035921117,-0.7941277201169612,0.09591335099091225,0.7998988728311027
2,2,17.8,9.622422493547242,6.602154141376577,-0.7914699672530432,0.11573516093658043,0.7998870773681429
2,2,17.900000000000002,9.543463194913423,6.615016068108433,-0.7885943734413345,0.13419375969796477,0.7999306538476982
2,2,18.0,9.464703618858977,6.62899289331617,-0.7863677897684198,0.1466230741560679,0.7999203877013296
2,2,18.1,9.38618963695974,6.644340682939647,-0.7832058405761089,0.1626470577357182,0.7999159043940903
2,2,18.2,9.308062450743755,6.661522304863313,-0.7806183842856598,0.17483183294898907,0.7999570186560383
2,2,18.3,9.230065960102609,6.679307049529445,-0.7774881011718549,0.1881173359997419,0.7999224209680937
2,2,18.400000000000002,9.152564830509382,6.699145772063262,-0.7743663821093136,0.20077566837464644,0.7999713512072502
2,2,18.5,9.075192683680747,6.7194621832043735,-0.7716290312103311,0.21091346734944239,0.7999349051741388
2,2,18.6,8.998239024267315,6.741328465533151,-0.7685920437142073,0.221837117885741,0.7999658971060167
2,2,18.7,8.921474274937907,6.763829606781522,-0.7657703686831354,0.23131975387610026,0.7999456769596325
2,2,18.8,8.845084950530689,6.787592416308371,-0.7628925873217725,0.24071734963449387,0.7999687132666898
2,2,18.900000000000002,8.768895757473551,6.811973076708422,-0.7600171243211307,0.24959455615464066,0.7999521683972067
2,2,19.0,8.693081525666463,6.837511327539299,-0.7573498251702944,0.25765220460268523,0.7999771348120516
2,2,19.1,8.617425792439493,6.863503517628958,-0.7544453987860678,0.26597046940376146,0.799955092704788
2,2,19.200000000000003,8.542192445909247,6.890705421420051,-0.6709123180978196,0.2688359935000477,0.7227697627713459
2,2,19.3,8.483243328819928,6.917270716328968,0.09089107573346666,0.239054368969164,0.255750227705142
2,2,19.400000000000002,8.560370661055945,6.9385162952138835,0.7713242913037845,0.21226504756451448,0.7999985079816406
2,2,19.5,8.637508187080684,6.9597237258418705,0.7729105021152662,0.20632896440386617,0.7999764282977623
2,2,19.6,8.714952761478997,6.979782088094656,0.7745103856548283,0.20032528262656513,0.7999978477137323
2,2,19.700000000000003,8.792410264211652,6.999788782367184,0.776112148338207,0.1939238514337447,0.799972828884234
2,2,19.8,8.87017519114664,7.018566858381405,0.7778570200166044,0.18688570096691848,0.7999923804730946
2,2,19.900000000000002,8.947981668214972,7.037165922560567,0.7794608083005841,0.1799760460353994,0.7999690799169278
2,2,20.0,9.026067352806756,7.054562067588485,0.7813295663493207,0.1717399210399293,0.7999815571189243
2,2,20.1,9.104247581484836,7.071513906768553,0.7829179414950147,0.16427542068371537,0.7999668224092815
2,2,20.200000000000003,9.182650941105761,7.087417151725227,0.7848748152617446,0.154654887963261,0.7999666305559793
2,2,20.3,9.261222544537183,7.102444884361204,0.7864255483801159,0.14658513522035577,0.7999702150783715
2,2,20.400000000000002,9.339936050781784,7.1167341787693,0.7884150423761795,0.13536917468756116,0.7999519313687694
2,2,20.5,9.418905553012419,7.1295187192987175,0.7902513014073165,0.12424338818640734,0.7999584607240526
2,2,20.6,9.497986311063245,7.141582856406582,0.7918406023110265,0.11359219805929399,0.7999467025547584
2,2,20.700000000000003,9.577273673474625,7.152237158910577,0.7937609075691938,0.09922780138271747,0.7999390820258242
2,2,20.8,9.656738492577084,7.161428416683126,0.795256268802369,0.08629420138886701,0.7999245103525758
2,2,20.900000000000002,9.7363249272351,7.16949599918835,0.796651156913228,0.07232497394982573,0.7999274765052313
2,2,21.0,9.816068723959729,7.175893411473091,0.7980924747805318,0.05392947994325681,0.7999124871561037
2,2,21.1,9.895943422191204,7.180281895177001,0.7990898117596359,0.03554633740015589,0.7998800343555377
2,2,21.200000000000003,9.975886686311659,7.183002678953121,0.7996542622162082,0.017725137527165202,0.79985068580386
2,2,21.3,10.055874274634446,7.183826922682434,0.7998795279589075,-0.002714533826129184,0.7998841340729655
2,2,21.400000000000002,10.13586259190344,7.1824597721878956,0.7993518460171174,-0.028486224705623897,0.7998592618260745
2,2,21.5,10.21574464383787,7.1781296777413095,0.7978308285779221,-0.056607106231375326,0.7998364804791189
2,2,21.6,10.295428757619023,7.17113835094162,0.7952213173305438,-0.08481357572180315,0.7997313837555979
2,2,21.700000000000003,10.37478890730398,7.1611669625969485,0.7911412920451681,-0.11630284621400477,0.7996442309029538
2,2,21.8,10.453657016028057,7.14787778169882,0.7851345667717453,-0.15121806675738725,0.79956437617849
2,2,21.900000000000002,10.531815820658327,7.130923349245472,0.7766813794691387,-0.1895893270958453,0.7994861338151773
2,2,22.0,10.608993291921884,7.109959916279651,0.7652219259757089,-0.23129026365028693,0.7994121478019912
2,2,22.1,10.684860205853468,7.084665296515415,0.7501970349572673,-0.275997094354004,0.7993559828702906
2,2,22.200000000000003,10.75903269891334,7.05476049740885,0.7311064786129577,-0.32315935766154524,0.7993426383685921
2,2,22.3,10.83108150157606,7.020033424983107,0.705762261919979,-0.37494942546700116,0.7991792302158756
2,2,22.400000000000002,10.900185151297334,6.979770612315449,0.6748878139711394,-0.42797944456410875,0.7991495269448304
2,2,22.5,10.966059064370288,6.934437536070286,0.6407147610486845,-0.47746999231403464,0.799057569006162
2,2,22.6,11.028328103507071,6.884276613852642,0.6029299760607714,-0.5243814898039787,0.799062264708879
2,2,22.700000000000003,11.086645059582445,6.8295612381094895,0.5604044204501122,-0.5695795313045835,0.7990456538528791
2,2,22.8,11.140408987597093,6.770360707591726,0.5139937751017669,-0.6118832423224063,0.7991187039973138
2,2,22.900000000000002,11.189443814602798,6.707184589645008,0.46864772927384735,-0.6474544048701603,0.7992671021250072
2,2,23.0,11.234138533451862,6.640869826617693,0.4257984087990394,-0.6764981030629897,0.7993459628869201
2,2,23.1,11.274603496362605,6.57188496903241,0.384065992075449,-0.7011760650214924,0.7994714256481734
2,2,23.200000000000003,11.310951731866954,6.500634613613393,0.3425557163294428,-0.7224469685652224,0.7995461469978185
2,2,23.3,11.343114639628494,6.427395575319366,0.30454784873612084,-0.739411660524258,0.7996743061328404
2,2,23.400000000000002,11.371861301614178,6.352752281508542,0.2718633738169771,-0.752075741049353,0.7997047044366332
2,2,23.5,11.39748731439189,6.276980427109496,0.24213347765476811,-0.7622158741928864,0.7997509986694722
2,2,23.6,11.420287997145131,6.200309106669965,0.21531276843203528,-0.7702729373332993,0.7997999663903069
2,2,23.700000000000003,11.440549868078298,6.122925839642834,0.19128497804408795,-0.7766343842676697,0.7998443033816955
2,2,23.8,11.458544992753948,6.044982229816432,0.16988882389805582,-0.7816311351185092,0.7998808935536051
2,2,23.900000000000002,11.474527632857908,5.966599612619133,0.15093818258723957,-0.785539631531492,0.7999092746489261
2,2,24.0,11.488732629271396,5.8878743035101335,0.13423694688868437,-0.7885868026093803,0.7999304364503711
2,2,24.1,11.501375022235646,5.808882252097257,0.11958937658947377,-0.7909563414013547,0.7999459687979403
2,2,24.200000000000003,11.512650504589292,5.72968303522986,0.10680687902754471,-0.7927952554388646,0.7999575154056491
2,2,24.3,11.522736398041156,5.650323201009485,0.09571210406875963,-0.794220083818562,0.7999664670509838
2,2,24.400000000000002,11.531792925403044,5.570839018466149,0.08614110649312323,-0.795322471876613,0.7999738273842373
2,2,24.5,11.53996461933978,5.491258706634163,0.07794417492755201,-0.7961739867900484,0.7999801945337753
2,2,24.6,11.547381760388555,5.411604221108139,0.07098578148814738,-0.796830171739785,0.7999858147294477
2,2,24.700000000000003,11.55416177563741,5.3318926722862034,0.06514395904483905,-0.7973338993040358,0.7999906764328031
2,2,24.8,11.560410552197522,5.252137441247333,0.060265921428140246,-0.7977210629391038,0.7999942971935965
2,2,24.900000000000002,11.56621495992304,5.172348459698384,0.056009635799405544,-0.798033456313707,0.7999965479290416
2,2,25.0,11.571612479357404,5.092530749984592,0.0508863898477685,-0.7983738015497259,0.7999938447717584
2,2,25.1,11.576392237892591,5.012673699388439,0.044365335506860504,-0.7987581797403749,0.7999893203642117
2,2,25.200000000000003,11.580485546458776,4.9327791140365145,0.0368209509973596,-0.7991308609482459,0.7999786968115056
2,2,25.3,11.583756428092064,4.85284752719879,0.02785270302866394,-0.7994802323359949,0.7999652585969088
2,2,25.400000000000002,11.58605608706451,4.772883067569317,0.017296477664523024,-0.7997646309470241,0.7999516441969658
2,2,25.5,11.587215723624968,4.692894601009386,0.004909543425171137,-0.7999266144374921,0.7999416804380628
2,2,25.6,11.587037995749544,4.612897744681819,-0.009646675599924492,-0.7998816289199269,0.7999397968808188
2,2,25.700000000000003,11.585286388504985,4.5329182752253985,-0.027497692143050756,-0.7994581377708379,0.7999308952160867
2,2,25.8,11.581538457320933,4.453006117127652,-0.04916317978938167,-0.7983923340002654,0.7999045800827711
2,2,25.900000000000002,11.575453752547109,4.373239808425346,-0.07408192148578507,-0.7964115043332214,0.799849620444575
2,2,26.0,11.566722073023778,4.293723816261008,-0.10316643683164983,-0.7930749005163307,0.7997569077648073
2,2,26.1,11.554820465180779,4.214624828322081,-0.13814077675495184,-0.7876114032137771,0.7996340392172137
2,2,26.200000000000003,11.539093917672787,4.13620153561825,-0.18046932682045735,-0.778838970778601,0.799474402546135
2,2,26.3,11.518726599816688,4.058857034166362,-0.2326383201755604,-0.7646073464455512,0.7992152289919241
2,2,26.400000000000002,11.492566253637674,3.9832800663291406,-0.3003170074841819,-0.7398794247144629,0.7985060225822087
2,2,26.5,11.458663198319853,3.9108811492234694,-0.3818611384055899,-0.7002630736882232,0.7976128768993708
2,2,26.6,11.416194025956557,3.843227451591497,-0.47131220788875794,-0.6421480957599428,0.7965484129625119
2,2,26.700000000000003,11.3644007567421,3.782451530071479,-0.564126721315354,-0.5613493494484061,0.7958341848828561
2,2,26.8,11.303368681693486,3.7309575817018152,-0.6491775906008144,-0.46046146370500196,0.7958996819295955
2,2,26.900000000000002,11.234565238621938,3.6903592373304797,-0.7119667048969944,-0.3585684149277455,0.7971624031937782
2,2,27.0,11.160975340714089,3.6592438987162654,-0.7516463928753723,-0.2676213112209176,0.7978680756504559
2,2,27.1,11.084235960046865,3.636834975086297,-0.7773567294085808,-0.18212455160694319,0.7984064360053942
2,2,27.200000000000003,11.00550399483237,3.6228189883948763,-0.7916049459694179,-0.10912124283902358,0.7990906307309441
2,2,27.3,10.92591497085298,3.6150107265184914,-0.7975837754921713,-0.052734457487773057,0.7993252166264218
2,2,27.400000000000002,10.845987239733937,3.6122720968973216,-0.7994722040058875,-0.006375766670821292,0.7994976268749471
2,2,27.5,10.766020530051803,3.6137355731843264,-0.7989956343107494,0.03201679477164632,0.7996368543251908
2,2,27.6,10.686188112871788,3.618675455851651,-0.7971927812492012,0.06379392441257536,0.7997412051831481
2,2,27.700000000000003,10.60658197380196,3.6264943580668416,-0.7947224835705669,0.09014314349398589,0.7998184870403704
2,2,27.8,10.527243616157675,3.6367040845504484,-0.7919887299992254,0.11205965435770437,0.7998771871859793
2,2,27.900000000000002,10.448184227802116,3.6489062889383828,-0.7892305174745573,0.13035564180151837,0.7999233732443648
2,2,28.0,10.369397512662763,3.662775212910752,-0.7865493577719391,0.14584852607263343,0.799957301841173
2,2,28.1,10.290874356247729,3.6780759941529095,-0.7838653435181158,0.15970628960907618,0.7999693592316345
2,2,28.200000000000003,10.212624443959138,3.694716470832568,-0.7814645308650867,0.1711049729382168,0.7999773276564642
2,2,28.3,10.134581450074712,3.7122969887405524,-0.779532097478743,0.1797002306332658,0.7999765395867915
2,2,28.400000000000002,10.05671802446339,3.7306565169592214,-0.7778650091167592,0.1868095876476552,0.7999823713340831
2,2,28.5,9.979008448251362,3.7496589062700836,-0.7764457935628641,0.1926555300924413,0.7999901396996499
2,2,28.6,9.901428865750818,3.7691876229777095,-0.7751997480111754,0.19763002367766447,0.7999951722200729
2,2,28.700000000000003,9.823968498649124,3.789184911005617,-0.7741722215516234,0.20162758177606932,0.7999976939685772
2,2,28.8,9.746594421440493,3.8095131393329233,-0.7735103118696003,0.20415593163352241,0.799998654367467
2,2,28.900000000000002,9.669266436275205,3.8300160973323214,-0.7731465758222527,0.20553221764417628,0.7999994501219406
2,2,29.0,9.591965106276042,3.8506195828617584,-0.7729720287460182,0.20618959563859462,0.7999999416083369
2,2,29.1,9.514672030526,3.87125401646004,-0.773052542998208,0.20588713495670063,0.7999998416104062
2,2,29.200000000000003,9.437354597676398,3.891797009853099,-0.7734323190020902,0.2044525473484775,0.7999989976207673
2,2,29.3,9.359985566725584,3.9121445259297354,-0.7740253281624305,0.20218860052025178,0.7999971492557308
2,2,29.400000000000002,9.282549532043912,3.9322347299571496,-0.7747817226828673,0.19926188616802776,0.7999950106611112
2,2,29.5,9.20502922218901,3.9519969031633404,-0.7757661436157406,0.19539372009893086,0.7999948846302314
2,2,29.6,9.127396303320765,3.971313473976936,-0.7771753864469417,0.18969475549401338,0.7999910509255005
2,2,29.700000000000003,9.04959414489962,3.9899358542621433,-0.7787957729961477,0.18290533107289164,0.7999857599804832
2,2,29.8,8.971637148721536,4.007894540191514,-0.7804301537970844,0.17574976429886746,0.7999745024729527
2,2,29.900000000000002,8.893508114140204,4.025085807121917,-0.782239797602827,0.16748338879482816,0.7999686159318448
2,2,30.0,8.815189189200971,4.04139121795048,-0.7842663401343302,0.15774335092277525,0.7999729101838653
2,2,30.1,8.736654846113339,4.0566344773064715,-0.7867262611392931,0.14491476921485358,0.7999615617658172
2,2,30.200000000000003,8.65784393697311,4.070374171793451,-0.7892760527289937,0.13022600745651758,0.7999471860251315
2,2,30.3,8.57879963556754,4.082679678797775,-0.7916244693962398,0.11480446833388669,0.7999058485198771
2,2,30.400000000000002,8.499519043093862,4.093335065460228,-0.793958318265247,0.09702664798978944,0.7998649770822033
2,2,30.5,8.420007971914492,4.102085008395733,-0.7961636273717474,0.07645860895589607,0.7998265064582502
2,2,30.6,8.340286317619514,4.108626787251407,-0.7980593345813816,0.05258189098660182,0.7997896953400966
2,2,30.700000000000003,8.260396104998215,4.112601386593053,-0.7993652995281408,0.024787899464442376,0.7997495370736851
2,2,30.8,8.180413257713885,4.113584367144296,-0.7996589845453101,-0.007617169117953182,0.7996952624777816
2,2,30.900000000000002,8.100464308089153,4.111077952769462,-0.7983205370581743,-0.04538659394691891,0.7996096690254278
2,2,31.0,8.020749150302251,4.104507048354912,-0.7944708132991636,-0.08927119139233142,0.7994705865739157
2,2,31.1,7.9415701454293215,4.093223714490996,-0.7869168532668596,-0.1399016411629681,0.7992562812737277
2,2,31.200000000000003,7.863365779648877,4.076526720122318,-0.7741358516798797,-0.19759765106292093,0.7989562870155767
2,2,31.3,7.786742975093345,4.053704184278413,-0.754348820253675,-0.26210434025700025,0.7985867691113274
2,2,31.400000000000002,7.712496015598144,4.024105852070917,-0.7257456218039877,-0.3322997148041864,0.7982041142631379
2,2,31.5,7.641593850732549,3.987244241317576,-0.687210376343721,-0.4055509439802947,0.7979534256570283
2,2,31.6,7.575053940329401,3.9429956632748584,-0.6402724496097889,-0.47644304552421346,0.7980894594954299
2,2,31.700000000000003,7.513539360810589,3.8919556322127318,-0.5891020741810635,-0.5390792839047656,0.7985284767243471
2,2,31.8,7.457233525493188,3.835179806493905,-0.537061868705905,-0.591498649929882,0.7989406133666956
2,2,31.900000000000002,7.406126987069409,3.7736559022267557,-0.48679299688249955,-0.633917152293531,0.7992611449243514
2,2,32.0,7.359874926116689,3.7083963760351994,-0.4418253822808964,-0.6663146480746711,0.7994903868506069
2,2,32.1,7.317761910613231,3.640392972611822,-0.4028605752697061,-0.6907031747441295,0.7996046014801678
2,2,32.2,7.279302811062746,3.5702557410863713,-0.3686838556902785,-0.7096546638474734,0.79971090236855
2,2,32.300000000000004,7.244025139475174,3.4984620398423254,-0.3390642040908389,-0.7243735965041616,0.7998010013797981
2,2,32.4,7.211489970244578,3.425381021785542,-0.3136217031393329,-0.7358254281086865,0.7998735108323988
2,2,32.5,7.181300798847309,3.3512969542205915,-0.2914563486956112,-0.744929085011794,0.7999163361824074
2,2,32.6,7.153198700505456,3.276395204783181,-0.2723797057716766,-0.7521407541736522,0.7999415092400041
2,2,32.7,7.126824857692974,3.200868803385859,-0.25689308885701223,-0.7575803384844182,0.7999512662410521
2,2,32.800000000000004,7.101820082734052,3.124879137086295,-0.2444822823546744,-0.7616832795829804,0.799958126892674
2,2,32.9,7.0779284012220405,3.0485321474692664,-0.23448821397730768,-0.7648306800848754,0.7999691817147463
2,2,33.0,7.05492243993859,2.9719130010693235,-0.226653876519066,-0.7672012568877218,0.7999810924710784
2,2,33.1,7.032597625918227,2.89509189609172,-0.22077791995835838,-0.7689230056722529,0.7999909240692614
2,2,33.2,7.010766855946918,2.8181283999348707,-0.21671000072497293,-0.7700856961408302,0.799997002378712
2,2,33.300000000000004,6.9892556257732315,2.7410747568635516,-0.21436802140146938,-0.770743537930203,0.7999995311628295
2,2,33.4,6.967893251666625,2.6639796923488333,-0.21399096310968702,-0.7708486917270054,0.7999998986436482
2,2,33.5,6.946457433151296,2.5869050185181535,-0.21563467209010412,-0.7703888182020879,0.7999982768845295
2,2,33.6,6.924766317248605,2.5099019287084134,-0.2190191052516397,-0.7694287589385507,0.7999937396923473
2,2,33.7,6.902653612100967,2.433019266730441,-0.22410497981377375,-0.7679543337544832,0.7999855628132448
2,2,33.800000000000004,6.879945321285849,2.3563110619575145,-0.23099091718287212,-0.7659005091742106,0.7999752457259535
2,2,33.9,6.856455428664395,2.2798391648956025,-0.23982002114567536,-0.7631725242289242,0.7999662144617484
2,2,34.0,6.831981317056715,2.203676557111733,-0.25078278598179793,-0.7596375693081825,0.7999632756878505
2,2,34.1,6.806298871468035,2.1279116510339637,-0.2649031919487115,-0.7548168398113848,0.7999513502504146
2,2,34.2,6.779000678666971,2.0527131891494537,-0.28208034953097183,-0.7485451069557509,0.7999306849589606
2,2,34.300000000000004,6.7498828015618395,1.9782026296428115,-0.3015293387697824,-0.7408744685717146,0.7998843168361052
2,2,34.4,6.718694810913016,1.9045382954351135,-0.323912006808321,-0.7312912286752926,0.7998161346784728
2,2,34.5,6.685100400200176,1.831944383907756,-0.3498392013958451,-0.7191527485394431,0.7997300435553977
2,2,34.6,6.648726970633845,1.7607077457272229,-0.37965433679301697,-0.7037464955594128,0.7996227519636371
2,2,34.7,6.609169532841573,1.6911950847958717,-0.41362465290033157,-0.6841787983914553,0.7994910766577045
2,2,34.800000000000004,6.566002040053778,1.6238719860489297,-0.4518480322089147,-0.6593704999572507,0.7993347861972123
2,2,34.9,6.518799926399793,1.5593209848044243,-0.4941218673578689,-0.6280945523916737,0.799161552219152
2,2,35.0,6.467177666582206,1.4982530755705978,-0.5397833768981926,-0.5890873752539356,0.7989931349261941
2,2,35.1,6.410843251020152,1.4415035097536355,-0.5875576676993965,-0.5412654765453526,0.7988694067068923
2,2,35.2,6.349666133042325,1.3899999802615257,-0.636431891407387,-0.4825188135985279,0.7986676141405228
2,2,35.300000000000004,6.283556872738673,1.3449997470339285,-0.6822128196219772,-0.41523990059556937,0.7986479238708298
2,2,35.4,6.2132235691179325,1.306952000142413,-0.7193865414635994,-0.3471014500050078,0.7987467762905449
2,2,35.5,6.139679564445956,1.2755794570329289,-0.7475219317589463,-0.2816277875955997,0.7988136511143378
2,2,35.6,6.063719182766142,1.2506264426232923,-0.7682575255768072,-0.2192468812992452,0.7989297970190146
2,2,35.7,5.986028059330592,1.231730080773079,-0.7827239330569,-0.16077028976939278,0.799064353761696
2,2,35.800000000000004,5.907174396154759,1.2184723846694132,-0.7920635812418801,-0.10654913614195571,0.7991979949563872
2,2,35.9,5.827615343082219,1.2104202535446882,-0.7973156114420838,-0.05659860019648999,0.7993219537792429
2,2,36.0,5.747711273866345,1.2071526646301158,-0.7993631705265507,-0.01071643996374494,0.7994350007847767
2,2,36.1,5.667742708976907,1.2082769655519392,-0.7989226600114456,0.03142192388393017,0.7995403391826653
2,2,36.2,5.587926741864054,1.213437049406902,-0.7965563138355662,0.07019550728248447,0.7996432769391302
2,2,36.300000000000004,5.508431446209792,1.2223160670084363,-0.7926948376667546,0.10599371006204006,0.7997498185284184
2,2,36.4,5.429387774330706,1.2346357914193093,-0.787289983573281,0.1408440731197489,0.7997890791751149
2,2,36.5,5.350973449495139,1.2504848816323857,-0.7806638702253039,0.1739513372784538,0.7998094435652235
2,2,36.6,5.273255000285643,1.2694260588750006,-0.7734436778505476,0.20351003615680963,0.7997696278451236
2,2,36.7,5.196284713925027,1.2911868888637483,-0.7656707364282909,0.2309253837823375,0.7997363374873379
2,2,36.800000000000004,5.120120852999983,1.3156111356314688,-0.7573467894788983,0.25689888619450674,0.799731953383115
2,2,36.9,5.04481535602925,1.3425666661026483,-0.7485219263980447,0.28165593879054285,0.7997594276747364
2,2,37.0,4.970416467720377,1.3719423233895764,-0.7392229709337776,0.30539304844647397,0.7998221769841038
2,2,37.1,4.896970761842493,1.403645275791944,-0.7286305131607733,0.3299458155760613,0.7998541529085688
2,2,37.2,4.8246903650882205,1.4379314865047896,-0.7168535177931616,0.35481425661071153,0.7998575639866404
2,2,37.300000000000004,4.753600058283858,1.4746081271140874,-0.7051571015080249,0.3774329700464456,0.7998138437694612
2,2,37.4,4.683658944786619,1.5134180805140771,-0.693373419937064,0.39858384183760887,0.7997723291345157
2,2,37.5,4.6149253742964484,1.5543248954816076,-0.6809771895856009,0.4194209286449633,0.7997773740993845
2,2,37.6,4.547463506869497,1.597302266243071,-0.6679048010609065,0.44004136959816265,0.7998332515206129
2,2,37.7,4.4813444140842655,1.6423331694012413,-0.652555396781846,0.4625187962450932,0.7998450992217946
2,2,37.800000000000004,4.4169524275131264,1.6898060254920908,-0.6356048527331843,0.48554308621474007,0.7998409950664616
2,2,37.9,4.354223443537631,1.7394417866441874,-0.6189124184890247,0.5065356694074534,0.7997693205806226
2,2,38.0,4.293169943815324,1.7911131593735796,-0.6015620531604995,0.5269390976554487,0.7997135214816704
2,2,38.1,4.233911032905529,1.8448296061752785,-0.5829453350320257,0.547455891791861,0.7997082074689634
2,2,38.2,4.176580876808917,1.9006043377319533,-0.5629021137654426,0.5681167453173934,0.79975960512621
2,2,38.300000000000004,4.121330610152439,1.9584529552387586,-0.5397539791385668,0.5901855332388575,0.7997832966750125
2,2,38.400000000000006,4.068630080981203,2.0186414443797265,-0.513482368268857,0.613153589589885,0.7997633818511293
2,2,38.5,4.01863413649867,2.0810836731567326,-0.48636076221398383,0.6347670122284956,0.799672402196586
2,2,38.6,3.9713579285384077,2.145594846825423,-0.45796932331927565,0.6553999773066987,0.7995530197273577
2,2,38.7,3.9270402718348136,2.212163668618074,-0.42707949115795785,0.6758391035495084,0.799471941755521
2,2,38.800000000000004,3.885942030306815,2.2807626675353267,-0.3934799914447744,0.6958936048334827,0.7994338077136338
2,2,38.900000000000006,3.848344273545857,2.3513423895847727,-0.3569886927403978,0.7153113398714321,0.7994443318287782
2,2,39.0,3.8145442917587364,2.42382493550961,-0.31747719605573366,0.7337746582248794,0.799510487153514
2,2,39.1,3.7848488343347118,2.4980973212297455,-0.27376681880479126,0.7512336612292518,0.7995625584295464
2,2,39.2,3.759790927997777,2.5740716677554625,-0.22507345980987736,0.7671852662846099,0.7995194150957038
2,2,39.300000000000004,3.739834142372736,2.65153437448667,-0.1744414153269105,0.7801484371572709,0.7994131543702467
2,2,39.400000000000006,3.7249026449323948,2.730101355186919,-0.12311037194613661,0.7896726728179893,0.7992115451344677
2,2,39.5,3.7152120679835083,2.8094689090502643,-0.069962214353545,0.7959821031092567,0.7990508243581798
2,2,39.6,3.7109102020616866,2.889297775808767,-0.01575440349795798,0.7987958505602855,0.7989511950688267
2,2,39.7,3.7120611872839167,2.9692280791623236,0.038626985980574347,0.7980062339001357,0.798940544339453
2,2,39.800000000000004,3.7186355992578015,3.048899022588796,0.09223814822457399,0.7937138165052993,0.7990553788688907
2,2,39.900000000000006,3.7305088169288316,3.1279708424633856,0.14416476986272997,0.7862330004368463,0.7993408608631865
2,2,40.0,3.7474685532303464,3.206145622676162,0.19907962834378168,0.774201261410397,0.7993874477316667
2,2,40.1,3.770324742597588,3.282811094745462,0.252142276748895,0.7586276249655626,0.7994320490729695
2,2,40.2,3.7978970085801267,3.357871147669277,0.2964066393853777,0.7422391157242707,0.7992345092542493
2,2,40.300000000000004,3.8296060704746644,3.4312589178903177,0.33568911086462805,0.7253592482959625,0.7992704287295811
2,2,40.400000000000006,3.865034830753053,3.5029429973284714,0.37336198116530994,0.7069866404307419,0.7995181540948475
2,2,40.5,3.9042784667077246,3.572656245976463,0.41334903549264723,0.6843976761014936,0.7995358679858126
2,2,40.6,3.947704637851581,3.639822532548766,0.4468327281952398,0.6630445169671475,0.7995545750395022
2,2,40.7,3.9936450123467733,3.705265149369895,0.4705860330037943,0.6465480511963086,0.799672180936659
2,2,40.800000000000004,4.0418218444523415,3.76913214278803,0.5006380591156478,0.6235053576437934,0.7996232845819322
2,2,40.900000000000006,4.093772624169905,3.829966220898655,0.5269990344327979,0.6015760432878174,0.7997635388981716
2,2,41.0,4.147221651338899,3.8894473514455914,0.5443595656166487,0.5858629161418278,0.7997266365381066
2,2,41.1,4.202644537293232,3.947138804127018,0.2921720704771289,0.6600597493377158,0.7218333543572648
2,2,41.2,4.205656065434326,4.021459301313136,-0.04492740614719537,0.7670791510570645,0.768393711458873
2,2,41.300000000000004,4.193659056063793,4.100554634338433,-0.1198687917518555,0.7909686836517622,0.7999999910961569
2,2,41.400000000000006,4.181682307083954,4.179653038043491,-0.1197387883700003,0.790988382289683,0.7999999989734784
2,2,41.5,4.169711298389793,4.258752310796367,-0.11975972504552956,0.7909852110211695,0.7999999973732405
2,2,41.6,4.157730362074849,4.337850080247722,-0.11994453330169819,0.7909571936659638,0.7999999833005618
2,2,41.7,4.1457223917294534,4.416943749529562,-0.12030546169685508,0.7909023472389336,0.7999999543638413
2,2,41.800000000000004,4.133669269735478,4.496030549695511,-0.12085007691125682,0.7908192681151682,0.7999999099447868
2,2,41.900000000000006,4.121552376347202,4.575107603152598,-0.12158058018005136,0.7907072308545402,0.7999998515015944
2,2,42.0,4.109353153699468,4.654171995866415,-0.12249342746678593,0.7905662605665746,0.7999997825742067
2,2,42.1,4.097053690853845,4.73322085526591,-0.12357930735215561,0.790397170992712,0.7999997081992724
2,2,42.2,4.084637292229036,4.8122514300649595,-0.1248234941677282,0.7902015624737793,0.799999633770068
2,2,42.300000000000004,4.072088992020299,4.8912611677606685,-0.1262070485455844,0.7899816968446132,0.7999995627824317
2,2,42.400000000000006,4.059395882519919,4.970247769433884,-0.12770533498668613,0.7897408109397226,0.7999995006547144
2,2,42.5,4.046547925022962,5.04920932994861,-0.12929367423369698,0.7894822713867882,0.7999994443941143
2,2,42.6,4.03353714767318,5.128144223711239,-0.13094614785277514,0.789209822539501,0.7999993985187186
2,2,42.7,4.020358695452407,5.207051294456512,-0.13263438141932227,0.7889278175137768,0.799999362738207
2,2,42.800000000000004,4.007010271389316,5.285929787213996,-0.1343331452746348,0.7886403237570399,0.7999993463590984
2,2,42.900000000000006,3.993492066397479,5.3647793592079225,-0.13619203920336886,0.7883210626345516,0.7999989808341261
2,2,43.0,3.9797718635486428,5.443593999740902,-0.13979337416760984,0.7876851963938343,0.799993847525816
2,2,43.1,3.9655333915639575,5.522316398486685,-0.14715418051300944,0.7863282634018169,0.7999790563927112
2,2,43.2,3.950341027446041,5.600859652421268,-0.15875575708691514,0.7840459484136382,0.7999571486224003
2,2,43.300000000000004,3.933782240146574,5.679125588169415,-0.17520257761151825,0.7804954207957451,0.7999181489907872
2,2,43.400000000000006,3.9153005119237365,5.756958736580419,-0.19688808941879543,0.7752526052615636,0.7998634394193956
2,2,43.5,3.8944046222628157,5.834176109221724,-0.22417426256891204,0.7677164340166129,0.7997766082210082
2,2,43.6,3.870465659409955,5.910502023383738,-0.25861374401742054,0.7566747119422139,0.7996484779498678
2,2,43.7,3.8426818734593313,5.985511051610169,-0.30224508834783137,0.7400900815554508,0.7994281845463932
2,2,43.800000000000004,3.8100166417403876,6.05852003969483,-0.35661680142596097,0.7150814572070949,0.7990726084034576
2,2,43.900000000000006,3.7713585131741376,6.128527343051591,-0.42377288796594925,0.6766399244640624,0.7983890329618344
2,2,44.0,3.7252620641472,6.19384802458764,-0.5039181068658891,0.6179213975660893,0.7973457919857173
2,2,44.1,3.6705748918009613,6.252111622564805,-0.5920508861732188,0.5321412089156539,0.7960518312551684
2,2,44.2,3.606851886912554,6.300276266370773,-0.6757184340997142,0.4199338580754457,0.7955751676242154
2,2,44.300000000000004,3.5354312049810166,6.336098394179896,-0.7369239671706147,0.3035006814389938,0.7969752800585541
2,2,44.400000000000006,3.459467093478429,6.360976402658572,-0.7714482544295187,0.20488862320320322,0.7981928070212457
2,2,44.5,3.3811415540951164,6.377076118820535,-0.7887151397055163,0.12789505167044268,0.7990173438934085
2,2,44.6,3.3017240655373294,6.38655541299266,-0.7963441646797733,0.07098305707469166,0.7995014840581567
2,2,44.7,3.22187272115916,6.391272730235474,-0.7991685514559901,0.030841665652939554,0.7997634537639946
2,2,44.800000000000004,3.141890355246129,6.392723746123248,-0.7998916869181532,0.004142045770013425,0.7999024111377148
2,2,44.900000000000006,3.0618943837755266,6.392101139389476,-0.7998863636767517,-0.011702855509216903,0.7999719692733529
2,2,45.0,2.9819130825107822,6.390383175021404,-0.7997885263852549,-0.01829773821836156,0.7999978088478775
2,2,45.1,2.9019366784984792,6.388441591745804,-0.799823650231696,-0.016336668939498367,0.7999904738320284
2,2,45.2,2.8219483524644406,6.387115841233505,-0.7999308898138153,-0.006204351350426407,0.799954950265327
2,2,45.300000000000004,2.741950500535714,6.387200721475718,-0.7997880794380716,0.012445226992106484,0.7998849015240407
2,2,45.400000000000006,2.661990736576824,6.389604886631926,-0.7987294807949468,0.04064595998608311,0.7997630133696828
2,2,45.5,2.5822046043767277,6.395329913472935,-0.7956481542349216,0.07911590948951641,0.7995719557812111
2,2,45.6,2.502861105729843,6.4054280685298295,-0.7892824251287784,0.1268152230285935,0.7994053085944312
2,2,45.7,2.4243481193509697,6.4206929580786545,-0.7801846947326236,0.17487856238275867,0.7995440384844962
2,2,45.800000000000004,2.346824166783316,6.440403781006381,-0.7708810060593922,0.21298769869071066,0.7997632682842503
2,2,45.900000000000006,2.270171918139089,6.463290497816796,-0.7637028176804606,0.2379693685005293,0.7999196297614001
2,2,46.0,2.194083603247227,6.4879976547064855,-0.7601872303904464,0.24920568601699244,0.7999925619603582
2,2,46.1,2.118134472061003,6.513131635020194,-0.7610919903078912,0.24636784754882513,0.7999738333324836
2,2,46.2,2.0418652051856463,6.5372712242162505,-0.7663188609295037,0.22920726470010777,0.7998628424971356
2,2,46.300000000000004,1.9648706998751,6.558973087960217,-0.7743887429392284,0.19977595445850227,0.7997426818488582
2,2,46.400000000000006,1.8869874565977987,6.577226415107953,-0.7824974021127549,0.1651895614603447,0.7997435686072576
2,2,46.5,1.8083712194525523,6.592011000252286,-0.7889332727769691,0.131191505725738,0.7997667910517202
2,2,46.6,1.7292008020424081,6.6034647162531,-0.7936837449377432,0.09860832338306835,0.7997859016129382
2,2,46.7,1.6496344704650014,6.6117326649289,-0.7969545699617306,0.06742409139970817,0.7998015970751516
2,2,46.800000000000004,1.5698098880500597,6.616949534533043,-0.7989334815706179,0.037557393838291375,0.7998157699160935
2,2,46.900000000000006,1.4898477741508755,6.619244143696559,-0.799778733255339,0.008939815176148613,0.7998286956985842
2,2,47.0,1.4098541413989953,6.618737497568272,-0.7996262991344025,-0.018513480222338785,0.7998405886283365
2,2,47.1,1.3299225143239983,6.615541447652092,-0.7985904328023432,-0.04489843802526394,0.799851579419921
2,2,47.2,1.2501360548385245,6.609757809963219,-0.796764775444915,-0.0703181775447419,0.7998617089741199
2,2,47.300000000000004,1.1705695592350132,6.601477812143143,-0.7942236747673208,-0.09488025464890626,0.7998709322654175
2,2,47.400000000000006,1.091291319885058,6.590781759033438,-0.7910234705093435,-0.11869493762847583,0.7998791278157432
2,2,47.5,1.0123648651331478,6.577738824617449,-0.7872035724956916,-0.14187432325304883,0.7998861094859007
2,2,47.6,0.9338506053859229,6.562406894382829,-0.7827872037933181,-0.16453214698944407,0.7998916387958546
2,2,47.7,0.8558074243744821,6.544832395219561,-0.7777724113804969,-0.18681851771756897,0.7998944195747477
2,2,47.800000000000004,0.7782961231098212,6.525043190839316,-0.7721646428333044,-0.2087944631654821,0.7998958454014163
2,2,47.900000000000006,0.701374495807819,6.503073502586464,-0.26141351811335634,-0.08996261253995641,0.27646030295038093
2,2,48.0,0.7260134194871438,6.507050668331322,0.5128200616999048,0.11037217649984399,0.5245630877475148
2,2,48.1,0.8039385081478014,6.525147937886432,0.7799817970114984,0.17777856825416904,0.7999855142437197
2,2,48.2,0.8820097788894458,6.542606381982157,0.7816058889763182,0.17050160187566377,0.7999866010906858
2,2,48.300000000000004,0.9602596859430672,6.559248258261565,0.7834222105825592,0.1619399127664778,0.7999843094591782
2,2,48.400000000000006,1.0386942210059598,6.574994364535453,0.7852306481347622,0.1528936507969192,0.7999772741923041
2,2,48.5,1.1173058155700164,6.589826988420948,0.7870603016171502,0.14311675536313118,0.7999664518261687
2,2,48.6,1.1961062813293863,6.603617715608078,0.7889985634529237,0.13195017052075286,0.7999559866837882
2,2,48.7,1.2751055282606034,6.616217022525099,0.7910193666996097,0.11916371490787725,0.7999447664960985
2,2,48.800000000000004,1.3543101546693106,6.627450458589654,0.7930795463951892,0.10448558858717405,0.799932750381435
2,2,48.900000000000006,1.4337214375396434,6.637114140242534,0.795111699361791,0.08759507083156848,0.7999221905260427
2,2,49.0,1.5133324945416653,6.644969472755967,0.7971358942278624,0.06607706951951542,0.7998698725309891
2,2,49.1,1.5931486163852124,6.650329554146437,0.7988037330016811,0.04062659535676971,0.7998361857953812
2,2,49.2,1.6730932411420039,6.653094791827322,0.7996595831008877,0.011644795580942002,0.7997443654751232
2,2,49.300000000000004,1.7530805330053925,6.652658513262626,0.7991256218094058,-0.026546187721400827,0.799566419701834
2,2,49.400000000000006,1.8329183655038874,6.6477855542830415,0.7956852186090551,-0.07595159872096957,0.7993019532449617
2,2,49.5,1.9122175767272,6.637468193518433,0.7864875195941288,-0.13922447290744344,0.7987152636163156
2,2,49.6,1.9902158694227094,6.619940659701553,0.7657882027636926,-0.2233649759098526,0.7976988679666378
2,2,49.7,2.0653752172799407,6.592795198336462,0.7207327868041524,-0.33656660202500177,0.7954450500022838
2,2,49.800000000000004,2.134362426783542,6.552627339296552,0.6341267223548961,-0.4751967130670778,0.7924194697976054
2,2,49.900000000000006,2.1922005617509215,6.497755855723045,0.4958247533391891,-0.6152106676423017,0.7901432475220896
2,2,50.0,2.233527377451379,6.429585205768096,0.32493679375119733,-0.72196041176257,0.7917138094574881
2,2,50.1,2.2571879205011585,6.353363773370533,0.16416032696384697,-0.77801276178743,0.7951430503079188
2,2,50.2,2.266359442844149,6.2739826534106085,0.03801534480796853,-0.7966171386383643,0.7975236874308146
2,2,50.300000000000004,2.2647909894627523,6.194040345642858,-0.05087550860849177,-0.7972810265476404,0.7989025927289459
2,2,50.400000000000006,2.2561843411224505,6.114526448101078,-0.11215028017608297,-0.791505250700439,0.7994111878313556
2,2,50.5,2.2423609334275363,6.035739295502773,-0.15541275404075705,-0.7844868713320743,0.7997329400561911
2,2,50.6,2.2251017903142998,5.957629073834666,-0.18458517839886213,-0.778271584580768,0.799861455159829
2,2,50.7,2.2054438977477635,5.880084978586617,-0.20468329878748115,-0.7733045074455447,0.7999344435877991
2,2,50.800000000000004,2.184165130556803,5.8029681723455555,-0.21786998985933437,-0.7697342187052278,0.7999738120257776
2,2,50.900000000000006,2.161869899775896,5.72613813484557,-0.22560615638089132,-0.7675222107647564,0.7999928011014713
2,2,51.0,2.1390438992806255,5.649463730192608,-0.22883721233331045,-0.7665720239393501,0.7999994610216635
2,2,51.1,2.1161024573092346,5.572823730057703,-0.22803010422158465,-0.7668109695502388,0.7999979946561642
2,2,51.2,2.093437878436308,5.496101536282557,-0.22357613790761732,-0.7681132401806643,0.7999901494284319
2,2,51.300000000000004,2.0713872297277107,5.419201082021568,-0.21582652761848742,-0.7703127927741669,0.7999768051233674
2,2,51.400000000000006,2.05027257291261,5.342038977727722,-0.20484161857996774,-0.7732907226102093,0.7999616430663914
2,2,51.5,2.0304189060117177,5.264542937499529,-0.18984717988278454,-0.777080289115915,0.7999348269965
2,2,51.6,2.012303136936054,5.186622919904543,-0.1709198950787485,-0.7814277131063285,0.7999017948125363
2,2,51.7,1.9962349269959678,5.108257394878261,-0.14845041719418006,-0.7859534180057679,0.799850174495246
2,2,51.800000000000004,1.9826130534972173,5.0294322363033865,-0.12167401659126753,-0.7904843235944838,0.7997937435127138
2,2,51.900000000000006,1.9719001236777138,4.950160530159362,-0.08994498137103513,-0.7946677468367227,0.799741788039358
2,2,52.0,1.9646240572230105,4.870498686936045,-0.05165493025885759,-0.797972501320448,0.7996426356089699
2,2,52.1,1.961569137625943,4.790566029895277,-0.007203650996004285,-0.7994967793182468,0.7995292319408476
2,2,52.2,1.9631833270238097,4.710599331072394,0.04248736026132249,-0.7982311723847033,0.7993611076032117
2,2,52.300000000000004,1.9700666096782073,4.630919795418333,0.09566282056425379,-0.7935641529866224,0.7993093519681126
2,2,52.400000000000006,1.9823158911366605,4.551886500475067,0.14767291625193302,-0.7856156989562066,0.799374328234776
2,2,52.5,1.999601192928593,4.473796655627095,0.19595764084362344,-0.7750771437333803,0.7994648058188013
2,2,52.6,2.021507419305385,4.396871071728395,0.23993555475439798,-0.7627109949099768,0.7995605869425202
2,2,52.7,2.0475883038794733,4.321254456645097,0.2794298209223438,-0.7492426232402103,0.7996533832233594
2,2,52.800000000000004,2.0773933834898544,4.24702254708035,0.31461950584077414,-0.7352453281659415,0.7997319088577971
2,2,52.900000000000006,2.110512205047629,4.174205391011907,0.34585529312121466,-0.7211405713980135,0.7997872263897534
2,2,53.0,2.1465644421140953,4.10279443280075,0.37291830553600924,-0.707575180204266,0.7998316686934496
2,2,53.1,2.185095866154829,4.032690354971057,0.395978494523197,-0.6949674968781352,0.7998617317023726
2,2,53.2,2.225760141018736,3.9638009334251207,0.41573799131956335,-0.6833660542721134,0.7998920186861863
2,2,53.300000000000004,2.268243464418743,3.8960171441166325,0.4330921832867105,-0.6725188492384895,0.7999065206667039
2,2,53.400000000000006,2.3123785776760792,3.8292971635774213,0.4502302265748259,-0.6611497395925596,0.7998913895554374
2,2,53.5,2.358289509733706,3.763787196198123,0.4689341371752853,-0.647988465103996,0.7998676615016774
2,2,53.6,2.4061654051111345,3.699699470556625,0.4894852264927181,-0.6325799891579251,0.799845753653583
2,2,53.7,2.456186555032251,3.637271198366536,0.5120831303416562,-0.6143835820993466,0.7998101764379685
2,2,53.800000000000004,2.508582031179467,3.5768227541367543,0.5362754152242761,-0.5933316858697744,0.7997710987720414
2,2,53.900000000000006,2.5634416380771077,3.5186048611925793,0.5614350447952177,-0.5695020134543078,0.7997136067697728
2,2,54.0,2.620869040138508,3.462922351445895,0.5874601210939989,-0.5425264253434605,0.7996526221252134
2,2,54.1,2.6809336622959052,3.4100995761238897,0.6139280946316159,-0.5122917519398591,0.7995939872733014
2,2,54.2,2.7436546590648327,3.360464001057922,0.6402974856696524,-0.47884158107320474,0.7995437010692819
2,2,54.300000000000004,2.8089931594298374,3.314331259909248,0.6659619211748513,-0.4423941651509544,0.7995110241982338
2,2,54.400000000000006,2.8768470432998052,3.2719851680277294,0.6899034964032911,-0.4041129160132826,0.7995461732997314
2,2,54.5,2.9469738587104928,3.2335086767065926,0.7100308525817844,-0.36792134063715665,0.7996936441627246
2,2,54.6,3.018853213816159,3.1984008999002995,0.7248769148787311,-0.33805407934770315,0.7998294207440297
2,2,54.7,3.091949241686241,3.165897860837051,0.7347575761280947,-0.3162232317245586,0.7999161380794594
2,2,54.800000000000004,3.16580472904178,3.1351562535553867,0.7407248328895086,-0.30211532601060576,0.7999668419813943
2,2,54.900000000000006,3.240094208264145,3.105474795634929,0.7436286124768277,-0.2949715083279507,0.7999948149953713
2,2,55.0,3.3145304515371423,3.0761619518897976,0.7436801407373999,-0.29484570585103853,0.7999963387328693
2,2,55.1,3.3888302364116214,3.0465056544647227,0.7405561812944832,-0.302525978810797,0.799965890215888
2,2,55.2,3.462641687796041,3.0156567561276373,0.7337213958265494,-0.31856682563897465,0.7998949362831052
2,2,55.300000000000004,3.535574515576933,2.9827922893369267,0.7222592002060146,-0.34344014006946644,0.7997558890643861
2,2,55.400000000000006,3.607093527837246,2.946968728113743,0.704313538071279,-0.37837942579499284,0.7995176982252685
2,2,55.5,3.6764372231911855,2.90711640417793,0.6770981886891931,-0.42445855413150824,0.7991414275968909
2,2,55.6,3.742513165575082,2.862077017287443,0.6368066390748872,-0.4819135480652239,0.7986008786488196
2,2,55.7,3.8037985510061643,2.8107336945648838,0.5794481267262874,-0.5486595978916817,0.7979896527682959
2,2,55.800000000000004,3.8584027909203407,2.752345097709105,0.506030503176305,-0.6167692012932768,0.7977913999341001
2,2,55.900000000000006,3.905004651641427,2.6873798543062266,0.4272889967710256,-0.6742241532351958,0.7982193279840487
2,2,56.0,3.9438605902745447,2.617500267062069,0.35307269768071947,-0.7163318600906781,0.7986185970965812
2,2,56.1,3.975619191177569,2.5441134822880938,0.28640385875376495,-0.7458921374629703,0.7989882671467242
2,2,56.2,4.001141362025299,2.468321839569473,0.22869242571672288,-0.7658823596677884,0.7992972003144377
2,2,56.300000000000004,4.021357676320914,2.3909370103545338,0.18006533026684224,-0.7789919660212963,0.799532367255905
2,2,56.400000000000006,4.037154428078668,2.3125234463652116,0.13981415049635615,-0.7873878380002495,0.7997046980665581
2,2,56.5,4.049320506420185,2.233459442754487,0.1062647132979393,-0.7927144170828839,0.7998051864944049
2,2,56.6,4.058407370738255,2.153980562948638,0.07906510742672168,-0.7959607766617456,0.7998780214485008
2,2,56.7,4.065133527905529,2.0742672874221357,0.0580307255582575,-0.7978093773189237,0.7999171004840604
2,2,56.800000000000004,4.070013515849907,1.994418687484851,0.04167383411335024,-0.7988648812334951,0.7999511278308903
2,2,56.900000000000006,4.073468294728199,1.9144943111754344,0.028949878875813795,-0.7994494505594059,0.7999734492385733
2,2,57.0,4.07580349162507,1.8345287973729734,0.019922682882619114,-0.799741250455412,0.7999893630375515
2,2,57.1,4.077452831304723,1.7545460610843555,0.014635030597077048,-0.7998624627572664,0.7999963396470615
2,2,57.2,4.078730497744485,1.674556304821518,0.01240311367707747,-0.799903529868975,0.7999996839535205
2,2,57.300000000000004,4.079933454040138,1.5945653551105583,0.01331474672788957,-0.7998874351411436,0.7999982446087648
2,2,57.400000000000006,4.081393447090063,1.5145788177932868,0.017283508705531858,-0.7998060340021054,0.7999927572793089
2,2,57.5,4.083390155781244,1.4346041483101408,0.02446750599994374,-0.7996079567787069,0.799982214423343
2,2,57.6,4.086286948290051,1.354657226437549,0.03533861591318299,-0.7991826524755741,0.7999635802913491
2,2,57.7,4.090457878963881,1.2747676178150238,0.049659934539082684,-0.7983947934567412,0.7999377196490102
2,2,57.800000000000004,4.096218935197868,1.1949782677461984,0.06764046179007721,-0.7970418943054769,0.7999068779234481
2,2,57.900000000000006,4.1039859713218965,1.1153592389539262,0.09093459985138708,-0.7946677125818562,0.7998536584089689
2,2,58.0,4.114405855168145,1.0360447252298304,0.11981078089855757,-0.7907569160620502,0.7997819224760501
2,2,58.1,4.1279481275016074,0.9572078557415195,0.15408322145840359,-0.7846749533521917,0.7996601913020703
2,2,58.2,4.145222499459826,0.8791097345593898,0.19506172122311938,-0.7753325587887696,0.7994933719578086
2,2,58.300000000000004,4.166960471746232,0.8021413439837635,0.24368382769122476,-0.7612216745421017,0.7992748248699741
2,2,58.400000000000006,4.193959264998072,0.7268653996509673,0.30031221748430426,-0.7404057411350715,0.7989919207827539
2,2,58.5,4.227022915243091,0.6540601957567521,0.36447206696736956,-0.7106317182497119,0.7986471852964891
2,2,58.6,4.266853678391545,0.5847390560010282,0.43436694831345335,-0.6697556583292013,0.7982777008354449
2,2,58.7,4.313896304905783,0.52010906409091,0.5065982000212799,-0.6165238134909354,0.7979619971315717
2,2,58.800000000000004,4.368173318395803,0.46143429330283925,0.2951205961574175,-0.0347783971166602,0.2971627553754232
2,2,58.900000000000006,4.372920424137267,0.5131533846675779,-0.008732506089447867,0.65724971805433,0.6573077274344935
2,2,59.0,4.366426817177914,0.5928842369137004,-0.05194899943630915,0.7981465966689183,0.7998354132673863
2,2,59.1,4.362530624250006,0.6727827040013581,-0.02296344648961579,0.7994292473752251,0.7997589895922398
2,2,59.2,4.361834127879991,0.7527700863887477,0.009608296933357963,0.7996807952393015,0.7997385157940821
2,2,59.300000000000004,4.364452283636678,0.8327188630492206,0.0456366040398386,0.7983510951027171,0.7996544070284342
2,2,59.400000000000006,4.370961448687959,0.9124403054092933,0.08490606845433035,0.7950924627603371,0.7996130719283355
2,2,59.5,4.381433497327543,0.9917373556012846,0.1280071772074649,0.7892065487033397,0.7995203649269106
2,2,59.6,4.396562884129453,1.070281615149958,0.17673916786820598,0.7796424019077852,0.7994241729590659
2,2,59.7,4.416781330901185,1.147665835982844,0.22912101344547153,0.7657427592506707,0.7992861891382276
2,2,59.800000000000004,4.442387086818547,1.2234301670000942,0.2851296492588524,0.7465135706619082,0.7991129007023149
2,2,59.900000000000006,4.473807260752956,1.2969685501152277,0.3448445974392982,0.7207098810726338,0.7989621574635444
2,2,60.0,4.511356006306405,1.3675721432146182,0.4070679722521362,0.6873384359039196,0.7988356899289819
2,2,60.1,4.555220855203382,1.4344362372960084,0.471244831153836,0.6447853200613389,0.7986362124621014
2,2,60.2,4.605604972537174,1.4965292072268879,0.5337551945846393,0.593993867047554,0.7985758084466329
2,2,60.300000000000004,4.661971894120311,1.5532350107055208,0.5910730935012829,0.5369307376385111,0.7985374248475847
2,2,60.400000000000006,4.723819591237432,1.6039153547545915,0.6440277681955244,0.47194857391659184,0.7984404941063629
2,2,60.5,4.790777447759413,1.6476247254888376,0.6894664049676962,0.40306017326831345,0.7986372310718817
2,2,60.6,4.861712872230969,1.684527389408252,0.7256715122924824,0.3335720671172169,0.7986673072773866
2,2,60.7,4.935911750217912,1.7143391389122822,0.7542023535383784,0.2631860410098774,0.7988041576414596
2,2,60.800000000000004,5.012553342938647,1.7371645976102281,0.7746558063211353,0.19574722499798902,0.7990047524023005
2,2,60.900000000000006,5.090842911482141,1.7534885839118806,0.7882847099777202,0.13091064225458915,0.7990809597532451
2,2,61.0,5.170210284934187,1.7633467260611455,0.796239998019157,0.06905288975169022,0.7992286506554969
2,2,61.1,5.2500909110859695,1.767299161862218,0.7992360348035739,0.01219350929284957,0.7993290442598807
2,2,61.2,5.330057491894904,1.7657854279197154,0.798378068306242,-0.04083181989310347,0.7994215267730719
2,2,61.300000000000004,5.40976652474722,1.759132797883597,0.7942083766769557,-0.09159654237426018,0.7994728714338997
2,2,61.400000000000006,5.488899167230298,1.7474661194448633,0.7873267873630851,-0.13923961754005099,0.7995443334751215
2,2,61.5,5.567231882219835,1.7312848743755878,0.7782979741085292,-0.18317990155648012,0.7995640142200513
2,2,61.6,5.644558762052001,1.7108301391335674,0.7673196959572586,-0.22486192609434497,0.7995888953773672
2,2,61.7,5.720695821411288,1.686312489156718,0.7545721500022609,-0.2645829749518267,0.7996144572188483
2,2,61.800000000000004,5.795473192052455,1.6579135441432011,0.740163358871353,-0.3026209192797804,0.7996381798047556
2,2,61.900000000000006,5.868728493185561,1.625788305300761,0.7241399582495411,-0.3392278904212205,0.7996588277342275
2,2,62.0,5.940301183702361,1.5900679660589587,0.7064960796882289,-0.37462641668003904,0.7996759735601431
2,2,62.1,6.010027709123204,1.5508630219647543,0.6870394616644724,-0.40921956493268663,0.7996773563181
2,2,62.2,6.077709076035257,1.5082240530724202,0.6660144838025452,-0.44263946002427446,0.7996905552808237
2,2,62.300000000000004,6.143230605883715,1.4623351299598981,0.645308009215988,-0.47243867540146756,0.7997629203541478
2,2,62.400000000000006,6.206770677878456,1.4137363179921254,0.6272698463084048,-0.4962805768969982,0.7998511555864548
2,2,62.5,6.268684575145393,1.3630790145805007,0.6130189881064609,-0.5138859286705371,0.7999193881039824
2,2,62.6,6.329374475499746,1.31095913225802,0.6029563322213001,-0.5257289594686556,0.7999670476899396
2,2,62.7,6.389275841589655,1.257933222686768,0.5973866178473521,-0.5320893754355636,0.7999936716215363
2,2,62.800000000000004,6.448851799069217,1.2045412571709058,0.5965818895647246,-0.5329971214131168,0.7999974264904144
2,2,62.900000000000006,6.508592219502602,1.1513337984041432,0.6008133271311351,-0.5281880211084031,0.7999745244073684
2,2,63.0,6.569014464495442,1.0989036529492273,0.6103485848478556,-0.5170555581560263,0.7999198992685579
2,2,63.1,6.63066193647217,1.0479226867729403,0.6257092667231845,-0.4981810485568179,0.7998102547507351
2,2,63.2,6.694156317840082,0.9992674432378622,0.6471459261602988,-0.4696751677565949,0.7996202929847744
2,2,63.300000000000004,6.760091121704232,0.95398765322162,0.6737845959445821,-0.43008760934823886,0.7993503821523369
2,2,63.400000000000006,6.828913237029,0.9132499213682133,0.7046754182885948,-0.3764304578196409,0.7989163502610962
2,2,63.5,6.901026205361948,0.8787015616576931,0.7377274063655008,-0.30514487437555005,0.7983452388913201
2,2,63.6,6.976458718302099,0.8522209464931052,0.7675188650045541,-0.21829232191662395,0.7979578597555325
2,2,63.7,7.0545299783628606,0.8350430972743677,0.7884910507061775,-0.1221347278855145,0.797894121296429
2,2,63.800000000000004,7.134156928443337,0.827794000916002,0.7979609618938426,-0.03373935465265809,0.7986739264298819
2,2,63.900000000000006,7.214122170741631,0.8282952263438359,0.7983235377354987,0.03611326194910358,0.7991399368015133
2,2,64.0,7.293821635990433,0.8350166533058221,0.7941537322706367,0.0920865773595878,0.7994748827881871
2,2,64.10000000000001,7.372952917195761,0.8467125418157543,0.7883414089630207,0.13446625027669867,0.7997270469036772
2,2,64.2,7.45148991778304,0.8619099033611617,0.7827496659052713,0.16451119027251515,0.7998505930482851
2,2,64.3,7.529502850376806,0.8796147798702556,0.7781755591666553,0.1852965831073634,0.7999325125256509
2,2,64.4,7.607125029616373,0.8989692199826352,0.775096143108712,0.19797227720442834,0.7999794082371796
2,2,64.5,7.684522078998551,0.9192092353111416,0.7737435613446095,0.20326824112753172,0.7999981728562384
2,2,64.60000000000001,7.761873741885298,0.9396228682081421,0.7742000528287889,0.20150170806602663,0.7999929125646212
2,2,64.7,7.83936208956431,0.9595095769243475,0.7764317703495252,0.19260720989017344,0.799964893798331
2,2,64.8,7.917160095955195,0.9781443101861748,0.7799912647068368,0.17750465362811596,0.7999339191949596
2,2,64.9,7.9953603425056805,0.9950105076499709,0.7836950040374546,0.16039189470490367,0.799939634747707
2,2,65.0,8.073899096762688,1.0102226891271562,0.7867549212735909,0.14469162114956813,0.7999493555089
2,2,65.10000000000001,8.1527113267604,1.0239488318798848,0.7892030247574269,0.130748742592667,0.7999604040049952
2,2,65.2,8.231739701714176,1.03637243764569,0.7911122375696849,0.11872963265099123,0.7999720608258472
2,2,65.3,8.310933774274329,1.0476947584100818,0.7925606535815817,0.10871489816462532,0.7999820739795416
2,2,65.4,8.390251832430495,1.0581154172786154,0.7935993225032192,0.10092086056212324,0.799990565428223
2,2,65.5,8.469653638774973,1.067878930522507,0.7942598777512515,0.09563144046740124,0.7999963286236401
2,2,65.60000000000001,8.549103807980748,1.0772417053720957,0.794594391316231,0.09283666841260718,0.7999993085704287
2,2,65.7,8.628572517038222,1.0864462642050288,0.7946334965167239,0.09250485113149587,0.7999997132932326
2,2,65.8,8.708030507284084,1.095742675598394,0.794369057616251,0.09472748413532894,0.7999971849630095
2,2,65.9,8.787446328561474,1.105391761032095,0.7938446106933768,0.09900374023886815,0.7999943790478806
2,2,66.0,8.86679942942276,1.1155434236461679,0.7932173204740849,0.10391264317604332,0.7999947218025372
2,2,66.10000000000001,8.946089792656293,1.126174289667304,0.792610994575206,0.1084492948798168,0.7999958989153798
2,2,66.2,9.025321628337803,1.1372332826221316,0.7920395927550885,0.11255251476963046,0.7999967406637444
2,2,66.3,9.104497711207303,1.1486847926212287,0.7915221842346369,0.11614168936553071,0.7999976625867415
2,2,66.4,9.183626065184733,1.160461620495238,0.7910749797828345,0.11915344036901043,0.7999982287419037
2,2,66.5,9.262712707163873,1.172515480695031,0.7906897001459257,0.12168745604004716,0.7999987742955312
2,2,66.60000000000001,9.34176400521392,1.184799111703248,0.7903689339192752,0.12375672594874576,0.7999992368260388
2,2,66.7,9.420786493947729,1.1972668258847805,0.7901141881364566,0.12537502529728783,0.7999995795391567
2,2,66.8,9.499786842841202,1.209874116762704,0.7899333229837282,0.12651114896213222,0.7999998284823777
2,2,66.9,9.578773158544477,1.2225690556772073,0.7898292390635007,0.12716014347714744,0.799999955605472
2,2,67.0,9.657752690653904,1.235306145458134,0.7897979288175705,0.1273547228120684,0.7999999961169143
2,2,67.10000000000001,9.736732744307993,1.2480400002396215,0.7898400882650805,0.12709267124987011,0.7999999450725092
2,2,67.2,9.815720708306921,1.2607246797081084,0.7899592374700077,0.12634894415050368,0.79999978284506
2,2,67.3,9.894724591801985,1.273309789069721,0.7901524009759129,0.12513363312990577,0.7999995268175412
2,2,67.4,9.973751188502106,1.28575140633409,0.7904140658406575,0.1234676452436414,0.799999159312539
2,2,67.5,10.05280740497012,1.2980033181184494,0.7907434974685188,0.12133701094498672,0.7999987181326038
2,2,67.60000000000001,10.131899887995813,1.3100188085230875,0.7911403986936136,0.11871800053613235,0.7999981838081803
2,2,67.7,10.211035484708843,1.3217469182256762,0.7916079426186329,0.11555407777860172,0.7999974248134603
2,2,67.8,10.29022147651953,1.3331296240788066,0.7921317065699824,0.11190167422984665,0.7999966407735194
2,2,67.9,10.369461826022842,1.344127253071646,0.7926992478526671,0.1078003734387778,0.7999956362754262
2,2,68.0,10.448761326090066,1.3546896987665626,0.7933113049824598,0.10319254477599937,0.7999947049264263
2,2,68.10000000000001,10.528124087019336,1.3647657620268459,0.7938305786701676,0.09916094451114077,0.7999999253425931
2,2,68.10236310076327,10.53,1.365,0.79383537504105,0.09912314226958147,0.7999999999999751
2,3,0.0,11.025000000000002,11.610000000000003,0.1705798307805395,-0.7816025341123733,0.8000000000000008
2,3,0.1,11.042057983078056,11.531839746588766,0.1705798307805395,-0.7816025341123733,0.8000000000000008
2,3,0.2,11.05911596615611,11.453679493177528,0.15449104114804868,-0.7847142507056759,0.7997774296987746
2,3,0.30000000000000004,11.072956191307668,11.374896896447632,0.13578009027968108,-0.7883331168617644,0.7999408328478692
2,3,0.4,11.086271984212047,11.296012869805176,0.11262418035417454,-0.7917172035052573,0.7996876492272683
2,3,0.5,11.095481027378503,11.216553455746581,0.08567109515798421,-0.7951997562726802,0.7998013434107862
2,3,0.6000000000000001,11.103406203243644,11.136972918550638,0.05766521234671984,-0.7974957070200688,0.7995778132429837
2,3,0.7000000000000001,11.107014069847848,11.057054314342567,0.01708317036251117,-0.7993039862741043,0.7994865209516093
2,3,0.8,11.106822837316146,10.977112121295818,-0.021222710033143244,-0.7989331477860375,0.7992149761187269
2,3,0.9,11.10276952784122,10.89726768478536,-0.06968586978291569,-0.7961576062331517,0.7992015105155292
2,3,1.0,11.092885663359564,10.817880600049188,-0.13723339794314882,-0.7870166311491289,0.7988918470083085
2,3,1.1,11.07532284825259,10.739864358555533,-0.21406155577077612,-0.7690969428069678,0.7983310448016094
2,3,1.2000000000000002,11.050073352205409,10.664061211487793,-0.2973339929868928,-0.7397866521075258,0.797302824541586
2,3,1.3,11.01585604965521,10.591907028134024,-0.3905213041865778,-0.6942767497955273,0.7965720898514
2,3,1.4000000000000001,10.971969091368095,10.52520586152869,-0.48602305086477315,-0.6308294376976917,0.7963442631411918
2,3,1.5,10.918651439482252,10.465741140594483,-0.574261929906065,-0.5523242140821836,0.7967677212343256
2,3,1.6,10.857116705386884,10.414741018712254,-0.6486837598307815,-0.4636516662015566,0.797347783492046
2,3,1.7000000000000002,10.788914687516096,10.373010807354172,-0.7038432988178656,-0.37657511031645896,0.7982507143752947
2,3,1.8,10.71634804562331,10.33942599664896,-0.7395695980488313,-0.3018634647886316,0.7988020666800426
2,3,1.9000000000000001,10.641000767906332,10.312638114396448,-0.7622772969093603,-0.24010442705336743,0.7991976058986081
2,3,2.0,10.563892586241435,10.291405111238284,-0.776519345896574,-0.19035794371917802,0.7995113765848719
2,3,2.1,10.485696898727019,10.274566525652615,-0.7852589370712977,-0.15145882388433307,0.7997320636205414
2,3,2.2,10.406840798827176,10.261113346461418,-0.7905372602448821,-0.12184964002461385,0.7998727990184518
2,3,2.3000000000000003,10.327589446678042,10.250196597647692,-0.793740663244968,-0.09937824433286835,0.7999376700313875
2,3,2.4000000000000004,10.24809266617818,10.241237697594844,-0.7955499745342465,-0.08403445194602455,0.7999759690736397
2,3,2.5,10.168479451771194,10.233389707258489,-0.7963954651119565,-0.07574023696234633,0.7999889501399391
2,3,2.6,10.088813573155788,10.226089650202372,-0.7966959404092009,-0.07261176428242067,0.7999980561080801
2,3,2.7,10.009140263689353,10.218867354402006,-0.7965678401561291,-0.0739598891457689,0.7999939932108583
2,3,2.8000000000000003,9.929500005124561,10.211297672373219,-0.796023204107172,-0.07943214583848857,0.7999765041984391
2,3,2.9000000000000004,9.84993562286792,10.202980925234307,-0.7950113319112972,-0.08885561257844898,0.7999614601679673
2,3,3.0,9.770497738742304,10.19352654985753,-0.7931803051507273,-0.10376275557214143,0.7999385638428272
2,3,3.1,9.691299561837774,10.182228374119877,-0.790147915721576,-0.12447560199790075,0.7998924329007561
2,3,3.2,9.612468155597988,10.168631429457951,-0.7857996624706018,-0.14896673695426443,0.7997950976704676
2,3,3.3000000000000003,9.534139629343652,10.152435026729023,-0.7797665394819404,-0.17720033689002435,0.7996473069357382
2,3,3.4000000000000004,9.4565148477016,10.133191362079947,-0.7714303605707329,-0.2099891624629251,0.7994999997261861
2,3,3.5,9.379853557229508,10.11043719423644,-0.7601546081678165,-0.24741602597911339,0.7994058532623238
2,3,3.6,9.304483926068034,10.083708156884121,-0.7452528513315073,-0.2893204487815666,0.7994423897323114
2,3,3.7,9.230802986963207,10.052573104480127,-0.7246028877938855,-0.33767209667311704,0.7994196581713869
2,3,3.8000000000000003,9.159563348509257,10.016173737549499,-0.7003595986628426,-0.38566557081050945,0.7995257969245108
2,3,3.9000000000000004,9.090731067230637,9.975439990318025,-0.677770391865451,-0.42412976422812676,0.7995365914038289
2,3,4.0,9.024009270136169,9.931347784703874,-0.6578345753265609,-0.4545459140128827,0.7995988471983209
2,3,4.1000000000000005,8.959164152165323,9.884530807515448,-0.6404520642244336,-0.47894113762004764,0.7997271158802379
2,3,4.2,8.895918857291282,9.835559557179865,-0.6259717024125209,-0.49792063289783783,0.7998534421296273
2,3,4.3,8.83396981168282,9.784946680935882,-0.6146244588165004,-0.511998630431016,0.7999411371711747
2,3,4.4,8.772993965527982,9.733159831093662,-0.6065360047122823,-0.5216188333367384,0.7999825825003428
2,3,4.5,8.712662610740363,9.680622914268534,-0.6026816802337578,-0.5260928301171575,0.7999992959934814
2,3,4.6000000000000005,8.652457629481232,9.62794126507023,-0.6035757547432681,-0.5250587261133717,0.7999939734658645
2,3,4.7,8.59194745979171,9.57561116904586,-0.6087072315504116,-0.5190484804231232,0.799959885726353
2,3,4.800000000000001,8.53071618317115,9.524131568985606,-0.6181831242221634,-0.5075957666453803,0.7998773889724512
2,3,4.9,8.468310834947278,9.474092015716785,-0.632373246065427,-0.4895716146117053,0.7997351362625236
2,3,5.0,8.404241533958064,9.426217246063265,-0.6515611642605563,-0.4633589110324934,0.7995207509538385
2,3,5.1000000000000005,8.337998602095167,9.381420233510285,-0.6756865859881529,-0.42683504265698247,0.79921243491597
2,3,5.2,8.269104216760432,9.340850237531868,-0.703598153862167,-0.3783324833635291,0.7988653391443796
2,3,5.300000000000001,8.197278971322735,9.305753736837579,-0.7319671328420014,-0.31954384951711035,0.7986765022993689
2,3,5.4,8.12271079019203,9.276941467628445,-0.7566537413289254,-0.2556687937701909,0.7986810479628051
2,3,5.5,8.04594822305695,9.254619978083541,-0.7755793124337913,-0.1909767271618108,0.7987461300017104
2,3,5.6000000000000005,7.967594927705273,9.238746122196083,-0.7885799746584681,-0.12773656199190953,0.7988585642664559
2,3,5.7,7.888232228125256,9.229072665685159,-0.7961254688091444,-0.0677565276989256,0.7990035726656015
2,3,5.800000000000001,7.808369833943443,9.225194816656298,-0.7990674991549653,-0.012326811110305869,0.7991625732464701
2,3,5.9,7.728418728294263,9.226607303463098,-0.7984247436082299,0.03781884746522479,0.7993199212014332
2,3,6.0,7.6486848852217975,9.232758586149343,-0.7952048543674834,0.08243371653285436,0.7994661206274032
2,3,6.1000000000000005,7.569377757420766,9.24309404676967,-0.7902917809471433,0.12163483643032436,0.7995974815280744
2,3,6.2,7.490626529032368,9.257085553435408,-0.7843960728178061,0.15577270251388597,0.7997139075322353
2,3,6.300000000000001,7.412498542857204,9.274248587272448,-0.7780503959273588,0.18532140363458183,0.7998165047358121
2,3,6.4,7.335016449846897,9.294149834162324,-0.7713813015336868,0.21160617526646064,0.7998789194413768
2,3,6.5,7.2582222825504665,9.31656982232574,-0.7646201833272741,0.23496797943928982,0.799908729864362
2,3,6.6000000000000005,7.182092413181442,9.341143430050183,-0.7584642348162021,0.2541569858897361,0.7999148510759645
2,3,6.7,7.106529435587227,9.367401219503687,-0.7530700304809912,0.2697252312277243,0.7999163526078775
2,3,6.800000000000001,7.031478407085243,9.395088476295728,-0.748227872127373,0.28292985877773447,0.7999339057798746
2,3,6.9,6.956883861161752,9.423987191259233,-0.7439309398394514,0.2941104570392099,0.7999588765619283
2,3,7.0,6.882692219117354,9.45391056770357,-0.7399768173289516,0.3039712394936416,0.7999776275769126
2,3,7.1000000000000005,6.808888497695961,9.484781439157961,-0.736336560326059,0.3127069906270563,0.7999857449103964
2,3,7.2,6.735424907052142,9.516451965828983,-0.7335347490261768,0.3192322196864694,0.7999890237464802
2,3,7.300000000000001,6.662181547890727,9.548627883095255,-0.7315502849966933,0.3237599848418995,0.7999914669942237
2,3,7.4,6.589114850052803,9.581203962797362,-0.7299781331772266,0.3273011568130002,0.7999963263465882
2,3,7.5,6.516185921255282,9.614088114457855,-0.7287325824195747,0.33007091099894126,0.79999873935374
2,3,7.6000000000000005,6.4433683335688885,9.64721814499715,-0.7280565888143826,0.3315621530144952,0.7999999111422716
2,3,7.7,6.370574603492407,9.680400545060756,-0.7279981424544637,0.33169028182461346,0.7999998365462591
2,3,7.800000000000001,6.297768705077995,9.713556201362074,-0.7282561213538479,0.33112274560354393,0.7999995318407253
2,3,7.9,6.224923379221637,9.746625094181464,-0.7290618791072561,0.32934214848545196,0.7999984214587031
2,3,8.0,6.151956329256544,9.779424631059165,-0.7304302237410347,0.32629066463059786,0.7999961934781036
2,3,8.1,6.07883733447343,9.811883227107584,-0.7320067090599558,0.3227283543998922,0.7999921329878495
2,3,8.200000000000001,6.005554987444552,9.843970301939144,-0.7337414239852222,0.318765699580716,0.7999925302782801
2,3,8.3,5.932089049676384,9.875636367023727,-0.7363561907601444,0.31266580702451563,0.7999877165013733
2,3,8.4,5.858283749292523,9.906503463344048,-0.73924934922821,0.3057620771383327,0.7999875299967366
2,3,8.5,5.784239179830743,9.936788782451393,-0.7415868351266255,0.300033446442697,0.799981939182009
2,3,8.6,5.709966382267199,9.966510152632587,-0.7439546990296897,0.29412716535917127,0.7999871146528408
2,3,8.700000000000001,5.635448240024804,9.995614215523227,-0.7467964818464949,0.28683124026789386,0.7999857159299287
2,3,8.8,5.5606070858978995,10.023876400686166,-0.7494809804080944,0.279740889992631,0.7999854408221113
2,3,8.9,5.485552043943185,10.051562393521753,-0.751608022966785,0.27396446310456923,0.7999819668168865
2,3,9.0,5.410285481304543,10.078669293307081,-0.753941932474639,0.2674865850621373,0.7999859440838928
2,3,9.1,5.334763657448258,10.10505971053418,-0.7565776946719005,0.25993586049364126,0.7999852871432181
2,3,9.200000000000001,5.258969942370162,10.130656465405808,-0.7589327523065528,0.2529681179583534,0.7999823693225937
2,3,9.3,5.182977106986947,10.15565333412585,-0.7609149231400885,0.2469416332725416,0.7999823063672078
2,3,9.4,5.106786957742145,10.180044792060317,-0.763204081968734,0.23978083278672813,0.7999845739172943
2,3,9.5,5.0303362905932,10.203609500683195,-0.7656480214337797,0.2318589174931347,0.7999846563194508
2,3,9.600000000000001,4.953657353455387,10.226416575558943,-0.7677180062020206,0.22489156467858606,0.7999794703055749
2,3,9.700000000000001,4.876792689352795,10.248587813618911,-0.7695674408935282,0.21849030626918164,0.7999825373200435
2,3,9.8,4.799743865276683,10.27011463681278,-0.7717675662462042,0.21058860006862545,0.7999829590612869
2,3,9.9,4.722439176103555,10.290705533632638,-0.7740172437277231,0.20216596830075417,0.7999836075363314
2,3,10.0,4.6449404165311385,10.310547830472931,-0.7758478674201434,0.19499336243289633,0.7999764526367457
2,3,10.100000000000001,4.567269602619525,10.329704206119217,-0.7775597700009484,0.18807275964867642,0.7999815990670015
2,3,10.200000000000001,4.489428462530948,10.348162382402666,-0.7795968682637877,0.17943866444949208,0.7999809443393779
2,3,10.3,4.411350228966769,10.365591939009116,-0.7816301193078665,0.17036774138011168,0.7999817564871028
2,3,10.4,4.333102438669375,10.382235930678688,-0.7832579012969916,0.16267607239907989,0.7999727773339281
2,3,10.5,4.254698648707371,10.398127153488932,-0.7848055798603575,0.1550640626299895,0.7999779132571532
2,3,10.600000000000001,4.176141322697302,10.413248743204687,-0.7865809161161756,0.14579384646358307,0.7999783642479396
2,3,10.700000000000001,4.097382465484134,10.42728592278165,-0.788350118389797,0.13590403360297643,0.7999786344114234
2,3,10.8,4.018471299019343,10.440429549925282,-0.7897848039470965,0.12723728046238847,0.7999683506772116
2,3,10.9,3.9394255046947153,10.452733378874127,-0.7911106923230165,0.11872637907374184,0.799970049811719
2,3,11.0,3.86024916055474,10.46417482574003,-0.7925097874347671,0.10903557289192634,0.7999753242042971
2,3,11.100000000000001,3.780923547207761,10.474540493452512,-0.7939326819046606,0.09812879902854377,0.7999739774487113
2,3,11.200000000000001,3.701462624173807,10.48380058554574,-0.7951274744692256,0.08784511396711991,0.7999652896868122
2,3,11.3,3.6218980523139166,10.492109516245936,-0.7961286655930842,0.07818525088152484,0.7999586149510685
2,3,11.4,3.542236891055191,10.499437635722046,-0.7970553452098237,0.0682190922968573,0.799969416841268
2,3,11.5,3.4624869832719525,10.505753334705307,-0.7979848698901293,0.05629995324979831,0.7999684601967105
2,3,11.600000000000001,3.3826399170771646,10.510697626372005,-0.7987707189407622,0.04375284719403538,0.7999681075359985
2,3,11.700000000000001,3.3027328394837987,10.514503904144116,-0.7992936439201834,0.032414741475385256,0.799950651400523
2,3,11.8,3.2227811882931285,10.517180574667082,-0.7996714242115566,0.020916010267328033,0.7999449144697666
2,3,11.9,3.1427985546414883,10.518687106197582,-0.799905040370529,0.00899934389448731,0.7999556623968036
2,3,12.0,3.062800180219023,10.51898044344598,-0.7999466671285678,-0.004546793908041025,0.7999595887199215
2,3,12.100000000000001,2.9828092212157737,10.517777747415973,-0.7997276713160666,-0.019172858485418942,0.799957465601216
2,3,12.200000000000001,2.902854645955809,10.515145871748896,-0.7992527134699614,-0.03313538508418645,0.7999392812793815
2,3,12.3,2.822958678521782,10.511150670399136,-0.7985387901538097,-0.04703475137911539,0.7999227882849728
2,3,12.4,2.7431468879250476,10.505738921473073,-0.7975536292987684,-0.061480219903891964,0.799919751629542
2,3,12.5,2.663447952662029,10.498854626418359,-0.796264264207057,-0.0764995382793785,0.7999305956207475
2,3,12.600000000000001,2.5838940350836355,10.490439013817198,-0.7945615885519537,-0.09263603183604374,0.7999434682504337
2,3,12.700000000000001,2.5045356349516372,10.48032742005115,-0.792282036955088,-0.11041396822123772,0.7999387916960047
2,3,12.8,2.4254376276926184,10.468356220172952,-0.7895672797285673,-0.12831137884634103,0.7999251834761917
2,3,12.9,2.3466221790059243,10.454665144281883,-0.7864871264039408,-0.14584447135611356,0.7998953742985845
2,3,13.0,2.2681402024118307,10.43918732590173,-0.7828697595962772,-0.16405419849635194,0.7998742654533982
2,3,13.100000000000001,2.190048227086668,10.421854304582611,-0.7786567712841457,-0.18295406197103148,0.7998615856873927
2,3,13.200000000000001,2.1124088481550007,10.402596513507524,-0.773785382105638,-0.20255203000024125,0.799856951221646
2,3,13.3,2.0352911506655413,10.381343898582562,-0.7681888213093995,-0.2228491518215705,0.7998598687597208
2,3,13.4,1.9587710838931214,10.35802668314321,-0.7617969668307971,-0.24383804586653923,0.7998697464491423
2,3,13.5,1.8829317572993822,10.332576289409255,-0.7545372982368619,-0.26550130126365445,0.7998859139922873
2,3,13.600000000000001,1.8078636242457482,10.30492642289048,-0.7461666904528066,-0.2882095241306857,0.7998934052365545
2,3,13.700000000000001,1.73369841920882,10.274934384583117,-0.7365540519381693,-0.3119396423325256,0.7998863743589332
2,3,13.8,1.6605528138581147,10.242538494423975,-0.7259878030235454,-0.33574945462810746,0.7998662303298131
2,3,13.9,1.5885008586041116,10.207784493657496,-0.7144633323470897,-0.359546977553336,0.7998324089059201
2,3,14.0,1.5176601473886973,10.17062909891331,-0.7017361669892397,-0.3837305742467123,0.7998017264750443
2,3,14.100000000000001,1.448153625206263,10.131038378808153,-0.6877588866107116,-0.4081986175374297,0.7997739664877037
2,3,14.200000000000001,1.3801083700665542,10.088989375405824,-0.6724979301923861,-0.43283367172449516,0.7997489940547293
2,3,14.3,1.3136540391677862,10.044471644463254,-0.6559369172089431,-0.4575037407785558,0.799726773457
2,3,14.4,1.2489209866247661,9.997488627250112,-0.638079773823871,-0.4820644210348277,0.799707386355013
2,3,14.5,1.1860380844030125,9.94805876025629,-0.6189534066015678,-0.5063619866620357,0.7996910535200512
2,3,14.600000000000001,1.1251303053044521,9.896216229917703,-0.5986096503682008,-0.5302373547763111,0.7996781639598015
2,3,14.700000000000001,1.0663161543293718,9.842011289301027,-0.5771262307841933,-0.5535307833470924,0.7996693156374175
2,3,14.8,1.0097050591476138,9.785510073248284,-0.5546065312705633,-0.5760870605175796,0.7996653711545547
2,3,14.9,0.9553948480752595,9.726793877197512,-0.5311780382006077,-0.5977608631723115,0.7996675295440931
2,3,15.0,0.9034694515074927,9.665957900613822,-0.5069916146651936,-0.6184203040006366,0.799677541100824
2,3,15.100000000000001,0.8539965251422204,9.603109816397383,-0.48227592376481976,-0.6379119739350045,0.799701039847307
2,3,15.200000000000001,0.8070142667545284,9.53837550582682,-0.4574283149851528,-0.6560093816749983,0.7997430663630475
2,3,15.3,0.7625108621451901,9.471907940062385,-0.4329101292882882,-0.6725081695723674,0.7997989861096214
2,3,15.4,0.720432240896871,9.403873871912348,-0.4087496522896994,-0.687524167042433,0.7998535856732415
2,3,15.5,0.6807609316872506,9.334403106653898,-0.38392787281916396,-0.7016981255903616,0.7998630326402608
2,3,15.600000000000001,0.6436466663330379,9.263534246794276,-0.3598095926981415,-0.7143692978339757,0.7998665117914426
2,3,15.700000000000001,0.6087990131476219,9.191529247087104,-0.3374245222888743,-0.72517439746197,0.7998332419799806
2,3,15.8,0.5761617618752632,9.118499367301883,-0.3155833008731719,-0.7349229372378474,0.7998153183506251
2,3,15.9,0.5456823529729877,9.044544659639534,-0.29424691166283257,-0.7437202707014805,0.7998131569781771
2,3,16.0,0.5173123795426969,8.969755313161587,-0.273372247083409,-0.7516588477911483,0.7998271119049098
2,3,16.1,0.49100790355630564,8.894212890081304,-0.25291370627134846,-0.7588193286981024,0.7998575600853871
2,3,16.2,0.46672963828842734,8.817991447421967,-0.23282432439480516,-0.7652717211397828,0.7999049776105553
2,3,16.3,0.4444430386773448,8.741158545853347,-0.21110326889441788,-0.7715478284841382,0.7999066456634162
2,3,16.400000000000002,0.4245089845095432,8.663681881725138,-0.1895987226946647,-0.777117508456989,0.7999120561648304
2,3,16.5,0.406523294138412,8.58573504416195,-0.1702391497613982,-0.7815485215689648,0.7998746524788234
2,3,16.6,0.39046115455726377,8.507372177411346,-0.15107775757118524,-0.7854606439866743,0.799858057460634
2,3,16.7,0.376307742624175,8.428642915364616,-0.1320400891087159,-0.788889005521078,0.7998627683320889
2,3,16.8,0.36405313673552075,8.349594376307133,-0.11307731098205509,-0.7918559205055402,0.7998889154742731
2,3,16.900000000000002,0.3536922804277637,8.270271731263506,-0.09339128998481572,-0.7944455023507331,0.7999159888702917
2,3,17.0,0.3453748787385576,8.190705275836986,-0.07228376865486719,-0.7966423581376461,0.7999149892270178
2,3,17.1,0.33923552669679036,8.110943259635976,-0.05182719149135573,-0.7982194700177843,0.79990023133723
2,3,17.2,0.33500944044028647,8.03106138183343,-0.032616851194348095,-0.7992015895768247,0.7998668887783502
2,3,17.3,0.33271215645792085,7.9511029417206105,-0.013225848934339535,-0.7997458863722784,0.7998552405588246
2,3,17.400000000000002,0.3323642706534185,7.871112204558971,0.006396930188490524,-0.7998400009210584,0.7998655810754924
2,3,17.5,0.3339915424956189,7.7911349415363995,0.026303778898835617,-0.7994659839674725,0.7998985862629323
2,3,17.6,0.3376250264331857,7.711219007765477,0.048135025125219943,-0.7984555174896855,0.7999051156565552
2,3,17.7,0.3436185475206628,7.6314438380384635,0.07087901377316097,-0.7967561689900577,0.7999026362109137
2,3,17.8,0.3518008291878179,7.551867773967466,0.09249490913708391,-0.7944973667885833,0.799863347110161
2,3,17.900000000000002,0.36211752934807984,7.472544364680744,0.11410407545711054,-0.7916462550930063,0.7998271896095451
2,3,18.0,0.37462164427923983,7.393538522948865,0.13627045908903335,-0.7881149620681143,0.7998092469182644
2,3,18.1,0.38937162116588653,7.314921372267121,0.15904817817482098,-0.7838362552798444,0.7998097261673297
2,3,18.2,0.4064312799142038,7.236771271892898,0.18248995842661153,-0.7787321359872266,0.799828934551492
2,3,18.3,0.4258696128512088,7.159174945069677,0.20664566660721695,-0.7727128315197191,0.7998672086807678
2,3,18.400000000000002,0.44776041323564775,7.0822287055889515,0.23314065685659946,-0.7651278474823684,0.7998594807042854
2,3,18.5,0.47249774422252844,7.006149375573203,0.2604848787785592,-0.7562463981322338,0.7998506027754545
2,3,18.6,0.4998573889913595,6.930979425962506,0.2869988521612785,-0.7465193424650352,0.799787140316922
2,3,18.7,0.5298975146547839,6.856845507080198,0.31420511077407154,-0.7354190699862002,0.7997287415967456
2,3,18.8,0.5626984111461737,6.783895611965265,0.34220297561401747,-0.7227609494033302,0.7996788521034498
2,3,18.900000000000002,0.5983381097775883,6.7122933171995305,0.3709562175240042,-0.7083857592685163,0.799636729555458
2,3,19.0,0.6368896546509741,6.642218460111564,0.4003983632299848,-0.6921300465867759,0.7996016825053981
2,3,19.1,0.678417782423585,6.573867307882176,0.4304268456583187,-0.6738322828270427,0.7995731453990146
2,3,19.200000000000003,0.7229750237826391,6.507452003546153,0.46089763852243903,-0.6533412829907093,0.7995507896659892
2,3,19.3,0.7705973101280723,6.443199051284034,0.4916211944266631,-0.6305269915633289,0.7995346683536626
2,3,19.400000000000002,0.8212992626679716,6.381346605233488,0.5223607131904053,-0.6052934235870921,0.7995253862902489
2,3,19.5,0.8750694527661529,6.322140366566616,0.5528338758757378,-0.5775930962909825,0.799524283057616
2,3,19.6,0.9318660378431189,6.265827985975292,0.5827190998273943,-0.5474417333142974,0.7995336144764716
2,3,19.700000000000003,0.9916132727316334,6.212652019903755,0.6116670154003305,-0.5149314650398793,0.799556721825828
2,3,19.8,1.0541994409231845,6.162841692967317,0.6393171943151623,-0.4802403410811742,0.7995981866842705
2,3,19.900000000000002,1.1194767115946656,6.116603951687521,0.6655096747231655,-0.4433098343090549,0.7996416299476005
2,3,20.0,1.187301375867817,6.074179726105506,0.6902874725995094,-0.4036275869125454,0.7996324303982817
2,3,20.1,1.257534206114567,6.035878434305013,0.7125927743561551,-0.36274667068889954,0.7996084098860411
2,3,20.200000000000003,1.3298199307390501,6.001630391967725,0.7318348699566881,-0.3219590269896706,0.7995247913258589
2,3,20.3,1.403901180105904,5.971486628907079,0.7484667970745855,-0.28092929489904606,0.7994521968545486
2,3,20.400000000000002,1.4795132901539667,5.945444532987917,0.762466309831594,-0.24018894019684822,0.7994032778398482
2,3,20.5,1.5563944420722224,5.923448840867709,0.7739094002831601,-0.20024405672300105,0.7993956730552931
2,3,20.6,1.6342951702105981,5.905395721643317,0.7829596327182244,-0.16154714235499057,0.79945185325279
2,3,20.700000000000003,1.7129863686158695,5.8911394123967105,0.7898501454163398,-0.12447568402843956,0.7995983042306688
2,3,20.8,1.7922651992938656,5.8805005848376295,0.7950399593282746,-0.08608063058212423,0.7996864459837497
2,3,20.900000000000002,1.8719943604815241,5.873923286280286,0.7983122094450721,-0.04726095976320721,0.7997099362061297
2,3,21.0,1.9519276411828792,5.871048392884988,0.7995302767086496,-0.013515659695602977,0.7996445062843971
2,3,21.1,2.031900415823254,5.871220154341166,0.7994930763424897,0.0157143831051485,0.7996474979364054
2,3,21.200000000000003,2.1118262564513794,5.874191269506017,0.7984996424606265,0.044895093740901615,0.7997607445053506
2,3,21.3,2.191600344315378,5.880199173089346,0.7960614377395867,0.07692862365619035,0.7997698580177011
2,3,21.400000000000002,2.271038543999296,5.889576994237255,0.7929209327970739,0.1044501169913481,0.7997708625645773
2,3,21.5,2.350184530874792,5.901089196487615,0.7899839463536527,0.12511672189641487,0.7998305005403306
2,3,21.6,2.429035333270026,5.9146003386165384,0.785235741491972,0.15197073358497448,0.7998063975630617
2,3,21.700000000000003,2.507231679173189,5.931483343204611,0.7801699541485849,0.17641195356274153,0.7998664480499403
2,3,21.8,2.5850693240997424,5.949882729329087,0.7761941990302894,0.19312247527174975,0.7998585656623052
2,3,21.900000000000002,2.662470518979246,5.9701078382589605,0.7703704114045777,0.21513413731804576,0.7998457775141644
2,3,22.0,2.7391434063806575,5.9929095567926955,0.7652121150394944,0.23300014567805505,0.7998991491989546
2,3,22.1,2.8155129419871443,6.0167078673945715,0.759860340886755,0.24978309219208583,0.7998620698580322
2,3,22.200000000000003,2.8911154745580103,6.042866175231113,0.7538304710515984,0.26757730606630403,0.7999112412059073
2,3,22.3,2.9662790361974634,6.070223328607832,0.7489085396395421,0.28101927932738135,0.7998973909813135
2,3,22.400000000000002,3.040897182485918,6.0990700310965895,0.7429044591715535,0.29653416548762124,0.7998997104377638
2,3,22.5,3.1148599280317733,6.129530161705356,0.7377983819298652,0.3091040148473212,0.7999323373717682
2,3,22.6,3.1884568588718905,6.160890834066054,0.7319820100012091,0.322562208356139,0.7999025198266345
2,3,22.700000000000003,3.2612563300320168,6.194042603376585,0.7267528821808629,0.3343068458899303,0.7999567606858915
2,3,22.8,3.3338074353080627,6.227752203244039,0.7212435753011732,0.3459262094698943,0.7999107683432123
2,3,22.900000000000002,3.4055050450922506,6.263227845270563,0.7159427992229155,0.3568945087980815,0.799967363190129
2,3,23.0,3.476995995152646,6.299131105003655,0.7108245622145297,0.3668820279422853,0.7999212340440286
2,3,23.1,3.5476699575351556,6.33660425085902,0.705494868736583,0.3771233229500801,0.7999656308408248
2,3,23.200000000000003,3.618094968899965,6.374555769593672,0.7008230911128663,0.3856713727223564,0.7999346303133399
2,3,23.3,3.6878345757577287,6.41373852540349,0.695499584042679,0.3952343376684233,0.7999561569709535
2,3,23.400000000000002,3.7571948857085,6.453602637127356,0.6913070340511744,0.4025187410110931,0.7999542188111687
2,3,23.5,3.8260959825679635,6.494242273605709,0.6860182014169816,0.41145058704908166,0.7999453470446741
2,3,23.6,3.8943985259918956,6.535892754537172,0.6823201709854878,0.41762996510730943,0.7999847520354358
2,3,23.700000000000003,3.9625600167650625,6.577768266627171,0.6770888284550303,0.42597589170949135,0.7999404614946676
2,3,23.8,4.029816291682901,6.62108793287907,0.6725627491784003,0.4331966625190091,0.80000000000001
2,3,23.900000000000002,4.097072566600742,6.664407599130971,0.6687315743465909,0.43899474721833087,0.7999489400038956
2,3,24.0,4.163562606552219,6.708886882322735,0.6635757219318847,0.44679759368448657,0.7999755174126704
2,3,24.1,4.229787710987119,6.753767117867869,0.6609528135964631,0.4506729382074255,0.7999779490920952
2,3,24.200000000000003,4.295753169271514,6.799021469964221,0.6558863979660785,0.4579729884449648,0.799953889409964
2,3,24.3,4.360964990580334,6.845361715556862,0.6521182130882188,0.4634024559264205,0.800000000000006
2,3,24.400000000000002,4.426176811889157,6.891701961149505,0.6487822355129502,0.4679935073201662,0.7999601940165596
2,3,24.5,4.490721437682924,6.938960417020896,0.6438158177155309,0.47482840918517155,0.7999755154440906
2,3,24.6,4.554939975432262,6.986667642986539,0.6421853774933695,0.4770722596564241,0.7999999999999925
2,3,24.700000000000003,4.6191585131816,7.034374868952183,0.24607188561504145,-0.1450644533417602,0.28564850518335605
2,3,24.8,4.604154352555273,6.957654752318192,-0.15693880941959293,-0.7751223458144807,0.7908504541839644
2,3,24.900000000000002,4.587770751297682,6.879350399789287,-0.1653758573125188,-0.7827180921071104,0.7999979911810063
2,3,25.0,4.57107918109277,6.801111133896771,-0.16834813537381166,-0.7820842667990533,0.7999980594091788
2,3,25.1,4.554101124222919,6.722933546429476,-0.1710964921904825,-0.7814877578810595,0.7999982033466408
2,3,25.200000000000003,4.5368598826546735,6.644813582320557,-0.17360259052313864,-0.7809350895206606,0.7999984209240583
2,3,25.3,4.519380606118292,6.5667465285253455,-0.17584783174531537,-0.7804328651379393,0.7999986980720292
2,3,25.400000000000002,4.50169031630561,6.48872700929297,-0.17781339615728697,-0.7799877002259734,0.7999990102223822
2,3,25.5,4.483817926886835,6.410748988480151,-0.17948028652084957,-0.7796061487442714,0.7999993252556412
2,3,25.6,4.465794259001441,6.332805779544116,-0.18082937531539045,-0.7792946232382647,0.7999996079905435
2,3,25.700000000000003,4.447652051823757,6.254890063832496,-0.1818574703864897,-0.7790555567269379,0.7999998125015357
2,3,25.8,4.429422764924143,6.176994668198729,-0.18250845606175048,-0.7789034546345732,0.7999999551098216
2,3,25.900000000000002,4.411150360611407,6.099109372905582,-0.18272092502880355,-0.7788536814052733,0.7999999959262054
2,3,26.0,4.392878579918382,6.0212239319176755,-0.18250733965847488,-0.7789037051529704,0.7999999443313976
2,3,26.1,4.374648892679712,5.943328631874989,-0.18186971632379922,-0.7790526932942257,0.7999998079029057
2,3,26.200000000000003,4.3565046366536215,5.865413393258828,-0.1807293888484125,-0.7793177135163134,0.7999995066209825
2,3,26.3,4.33850301491003,5.787465089171727,-0.17899655980707152,-0.7797169983284675,0.7999989786900493
2,3,26.400000000000002,4.320705324692208,5.709469993593135,-0.1767714458699956,-0.7802238862562163,0.7999984104732472
2,3,26.5,4.303148725736031,5.631420311920484,-0.17410425729326562,-0.7808226621260523,0.7999977013074818
2,3,26.6,4.285884473233555,5.553305461167925,-0.1707726769260951,-0.781556887831421,0.7999965475558258
2,3,26.700000000000003,4.268994190350811,5.475108934354198,-0.16663115171925824,-0.7824487649982288,0.7999950065910036
2,3,26.8,4.2525582428897035,5.396815708168281,-0.161993654972985,-0.7834210444191747,0.7999940481593203
2,3,26.900000000000002,4.236595459356214,5.318424725470364,-0.1569763822579162,-0.784440568715624,0.7999928689892648
2,3,27.0,4.22116296643812,5.239927594425156,-0.1508091245309906,-0.7856456913289591,0.7999890901415856
2,3,27.1,4.206433634450016,5.161295587204573,-0.14392046777108192,-0.786936066823948,0.7999884213610796
2,3,27.200000000000003,4.1923788728839035,5.082540381060364,-0.13691697542133596,-0.788182836753716,0.7999865263313262
2,3,27.3,4.179050239365749,5.0036590198538295,-0.12871305128149757,-0.7895583111378883,0.7999808599317285
2,3,27.400000000000002,4.166636262627605,4.924628718832787,-0.11963757550698162,-0.790983203789164,0.7999797360869579
2,3,27.5,4.155122724264352,4.845462379095997,-0.1105249269502977,-0.7923067261079275,0.7999785670336619
2,3,27.6,4.144531277237545,4.766167373611202,-0.10020106156638064,-0.7936702869699381,0.7999704851792806
2,3,27.700000000000003,4.135082511951076,4.686728321702007,-0.08900727560439847,-0.7950032229893793,0.7999702617435338
2,3,27.8,4.1267298221166655,4.6071667290133265,-0.07800570516325678,-0.7961574846112782,0.7999697683916404
2,3,27.900000000000002,4.119481370918424,4.527496824779751,-0.06566160741549609,-0.797259875642407,0.7999592214592772
2,3,28.0,4.113597500633566,4.447714753884846,-0.052601330364151266,-0.798230412715899,0.7999616814202247
2,3,28.1,4.108961104845594,4.367850742236572,-0.04008079789091212,-0.7989565605205016,0.7999612840371227
2,3,28.200000000000003,4.105581341055383,4.287923441780743,-0.02609944666397368,-0.799523441744256,0.799949320278945
2,3,28.3,4.1037412155128,4.207946053887722,-0.011615019472891674,-0.799870476282198,0.7999548034140841
2,3,28.400000000000002,4.103258337160805,4.127949346524304,0.0019924658972421128,-0.7999516257665249,0.799954107112938
2,3,28.5,4.104139708692248,4.047955728734418,0.01689446984168086,-0.7997646772217166,0.7999430992531832
2,3,28.6,4.106637231129142,3.9679964110799606,0.032206380735008366,-0.7993000955201275,0.7999486818906155
2,3,28.700000000000003,4.11058098483925,3.88809570963039,0.046521272557864535,-0.7985951169456662,0.7999489918800231
2,3,28.8,4.115941485640715,3.808277387690828,0.06132673848661696,-0.797589562351277,0.7999437972914769
2,3,28.900000000000002,4.1228463325365725,3.728577797160135,0.07679586411189376,-0.7962486376674498,0.799943434082662
2,3,29.0,4.131300658463093,3.649027660157339,0.09160091991392605,-0.7946863427681414,0.79994819326709
2,3,29.1,4.141166516519358,3.5696405286065067,0.10566425420427095,-0.792939809501501,0.7999490459453161
2,3,29.200000000000003,4.152433509303948,3.4904396982570365,0.12010043140289994,-0.7908809881286096,0.7999480301909923
2,3,29.3,4.165186602799937,3.4114643309807855,0.13485477878775853,-0.7885007447577621,0.7999495208108077
2,3,29.400000000000002,4.179404465061499,3.3327395493054843,0.1488329826639152,-0.7859856284084294,0.7999529141100937
2,3,29.5,4.19495319933272,3.2542672052991004,0.16200753691882142,-0.7833751360932926,0.7999519022214322
2,3,29.6,4.211805972445264,3.1760645220868264,0.17489975776540945,-0.7806010101218988,0.7999549126480364
2,3,29.700000000000003,4.2299331508858025,3.0981470032747183,0.1874834129420364,-0.7776808428469302,0.7999609512091861
2,3,29.8,4.249302655033671,3.020528353517441,0.2001001364353172,-0.7745330077181407,0.7999634020668334
2,3,29.900000000000002,4.269953178172866,2.943240401731091,0.21248165631317306,-0.7712319608635578,0.7999669941485322
2,3,30.0,4.291798986296305,2.8662819613447303,0.22404504511768764,-0.7679528508250684,0.799967351416379
2,3,30.1,4.314762187196403,2.789649831566078,0.23502762906744934,-0.7646620612790045,0.7999662832798159
2,3,30.200000000000003,4.338804512109796,2.7133495490889272,0.24562457327392906,-0.7613244171850848,0.799966436294804
2,3,30.3,4.363887101851189,2.6373849481290614,0.25583135864107476,-0.7579565364980265,0.7999673713872475
2,3,30.400000000000002,4.389970783838011,2.5617582417893225,0.2656461213436465,-0.7545741563632475,0.799968761412738
2,3,30.5,4.417016326119918,2.4864701168564123,0.275069370045955,-0.7511920321645142,0.7999703916551731
2,3,30.6,4.444984657847202,2.4115198353564202,0.2840986666952219,-0.747825853494259,0.7999722242505797
2,3,30.700000000000003,4.4738360594589635,2.336904946157558,0.29272951433429384,-0.7444919226070699,0.7999742442038762
2,3,30.8,4.5035305607140605,2.262621450835007,0.30098630104941293,-0.7411944209634633,0.7999762015752541
2,3,30.900000000000002,4.534033319668846,2.1886660619648657,0.30894008657583427,-0.7379165160001175,0.799977975746355
2,3,31.0,4.565318578029227,2.115038147634984,0.31667826159283763,-0.7346308211611223,0.7999797277214759
2,3,31.1,4.597368971987413,2.0417398977326418,0.32428071198933495,-0.7313088345562715,0.7999816195815764
2,3,31.200000000000003,4.630174720427094,1.9687763807237277,0.3318207807203031,-0.7279210291563398,0.799983784339318
2,3,31.3,4.663733128131473,1.8961556919013742,0.33936821061447375,-0.7244358732304175,0.7999863228823273
2,3,31.400000000000002,4.698048362549989,1.8238892060776446,0.34717548655507,-0.7207275887414504,0.7999869221667406
2,3,31.5,4.733168225442487,1.752010174153085,0.3552221769592343,-0.7167950845095046,0.7999862424946103
2,3,31.6,4.769092797941836,1.6805301891757443,0.36329204309109997,-0.712735526158065,0.7999831490857288
2,3,31.700000000000003,4.805826634060708,1.60946306892147,0.37154719937604597,-0.7084621892561538,0.7999787465738109
2,3,31.8,4.843402237817045,1.538837751324514,0.3801725258970876,-0.7038661185729493,0.7999741635339987
2,3,31.900000000000002,4.881861139240125,1.4686898452068806,0.38926481743568075,-0.6988731351953907,0.7999692226523898
2,3,32.0,4.921255201304181,1.399063124285436,0.3989359961600414,-0.6933916674846099,0.7999637076575989
2,3,32.1,4.961648338472133,1.3300115117099591,0.409317695394833,-0.6873069638351135,0.799957397802895
2,3,32.2,5.003118740383149,1.2616017315184114,0.42056692517405736,-0.6804731594680735,0.7999501605142807
2,3,32.300000000000004,5.0457617235069465,1.1939168798163424,0.43287313790091275,-0.672702248724037,0.7999421660061174
2,3,32.4,5.08969336796333,1.1270612817736068,0.44646705392727526,-0.6637485471312736,0.7999343498446463
2,3,32.5,5.1350551342924,1.0611671703900905,0.46251568683171485,-0.6526277341774893,0.7999023190259275
2,3,32.6,5.182196505329674,0.996535734938107,0.4811124096879311,-0.638991084795979,0.7998617113004408
2,3,32.7,5.231277616229987,0.9333689534308929,0.5018254537693991,-0.6227676869858128,0.7997927093969553
2,3,32.800000000000004,5.282561596083555,0.8719821975409427,0.5256403832487742,-0.6026964531134604,0.7997129654428917
2,3,32.9,5.33640569287974,0.8128296628082031,0.5571757560356261,-0.5732332040824972,0.7994004812211195
2,3,33.0,5.393996747290679,0.757335556724446,0.5957725402979506,-0.5326095205087,0.799135671278401
2,3,33.1,5.455560200939332,0.7063077587064617,0.6452523256461298,-0.4693021357862093,0.7978690734733592
2,3,33.2,5.523047212419907,0.6634751295672028,0.7088870639633527,-0.3598780986740455,0.795005103983508
2,3,33.300000000000004,5.597337613732004,0.6343321389716515,0.7679979747677876,-0.15838205824234475,0.7841592731202666
2,3,33.4,5.67664680737346,0.6317987179187325,0.7625573851429763,0.13998582830105732,0.7752998115317884
2,3,33.5,5.749849090760596,0.6623293046318647,0.6618675436190173,0.4201451355112935,0.78395827707224
2,3,33.6,5.809020316097266,0.7158277450209924,0.533266609780835,0.5890375145324898,0.794568103206867
2,3,33.7,5.856502412716764,0.7801368075383643,0.43565639990963234,0.6687413176071666,0.7981299697775988
2,3,33.800000000000004,5.896151596079194,0.8495760085424277,0.3721814348914272,0.7073026201484898,0.7992471563582572
2,3,33.9,5.930938699695048,0.921597331568059,0.32754151292284917,0.7293983860955011,0.7995657873661871
2,3,34.0,5.961659898663762,0.995455685761525,0.2948256267721554,0.7435033801976942,0.7998246223810513
2,3,34.1,5.989903825049479,1.0702980076076,0.2727747120953019,0.7519443187978512,0.7998914314649453
2,3,34.2,6.016214841082824,1.1458445495210974,0.2552139250151413,0.7581320977519228,0.7999365132079952
2,3,34.300000000000004,6.040946610052509,1.2219244271579868,0.24160574924207978,0.7626111738274597,0.7999682121892862
2,3,34.4,6.064535990931239,1.298366784286586,0.23185782660817367,0.765646602781703,0.7999829823881436
2,3,34.5,6.0873181753741425,1.375053747714324,0.22487038391555103,0.7677351994245649,0.7999900161863296
2,3,34.6,6.109510067714349,1.4519138241715013,0.21989195899578107,0.7691810806353088,0.7999950052583477
2,3,34.7,6.131296567173299,1.528889963841388,0.21664031150761076,0.7701064341431625,0.799998090296978
2,3,34.800000000000004,6.152838130015872,1.6059351110001359,0.21490077058983204,0.7705952544550634,0.799999617117888
2,3,34.9,6.174276721291265,1.6830090147323975,0.21451224276595937,0.7707037970707002,0.7999999031972923
2,3,35.0,6.195740578569063,1.760075870414273,0.21535692234819948,0.7704674478495637,0.7999991826240253
2,3,35.1,6.217348105760905,1.8371025043023126,0.21735279809997365,0.7699051603984906,0.7999976217777859
2,3,35.2,6.239211138189058,1.9140569024939733,0.22044829160174473,0.7690221831678539,0.7999953546580005
2,3,35.300000000000004,6.261437764081255,1.9909069409358857,0.22461854523529112,0.7678115207317102,0.7999925138599485
2,3,35.4,6.284134847236115,2.067619206640312,0.2298630118115419,0.766254389187365,0.7999892456451991
2,3,35.5,6.307410366443563,2.1441578187733557,0.23620409376728801,0.7643197961226811,0.7999857027831451
2,3,35.6,6.331375665989573,2.2204831658648505,0.2436866449323496,0.7619632775621792,0.7999820105925405
2,3,35.7,6.3561476954300336,2.2965504742857936,0.25237818608637497,0.7591247425207417,0.7999782019026713
2,3,35.800000000000004,6.381851303206849,2.372308114369001,0.26236969703161606,0.7557253003673132,0.7999741167911171
2,3,35.9,6.408621634836355,2.4476955343592532,0.27377682841477124,0.7516628711260402,0.799969264163501
2,3,36.0,6.4366066688898025,2.5226406885942056,0.2867413162119732,0.7468063020470588,0.7999626461280411
2,3,36.1,6.46596989807875,2.597056794768667,0.3014322636714297,0.740987638862002,0.7999525551733472
2,3,36.2,6.4968931216240895,2.6708382163666085,0.3180467535292095,0.7339921404653502,0.7999363722793058
2,3,36.300000000000004,6.529579248784594,2.743855222861739,0.33680893093107045,0.7255456122356474,0.799910427103767
2,3,36.4,6.5642549078103025,2.815947338813735,0.35796620906293697,0.7152987274743197,0.7998700371668334
2,3,36.5,6.60117249059718,2.8869149683566,0.3817805495665212,0.7028083211834417,0.7998099301409072
2,3,36.6,6.640611017723608,2.9565090030504253,0.40851184068511515,0.6875163661659212,0.7997253764423973
2,3,36.7,6.682874858734205,3.0244182415897862,0.43838931165952033,0.6687287712303114,0.7996145059017565
2,3,36.800000000000004,6.728288880055514,3.0902547572964894,0.4715659733923445,0.6455986637869806,0.799482396269614
2,3,36.9,6.777188053412671,3.15353797434718,0.5080509781609308,0.6171228090976353,0.7993474575670051
2,3,37.0,6.829899075687698,3.2136793191160136,0.5477653724944531,0.5820013376741979,0.7992324194866864
2,3,37.1,6.886741127911565,3.2699382418820213,0.5935353904330753,0.5346168951312755,0.7988112945222723
2,3,37.2,6.948606153774314,3.32060269814227,0.6405855799475404,0.47697202392780014,0.7986564949003474
2,3,37.300000000000004,7.014858243901075,3.365332646667582,0.6827518664361634,0.41397282988893025,0.7984507592884572
2,3,37.4,7.085156527061543,3.4033972641200547,0.7206327868393743,0.3437408395082997,0.7984167947968991
2,3,37.5,7.1589848012689465,3.43408081456924,0.7511062515041758,0.27152739746400556,0.7986787393077583
2,3,37.6,7.235377777362381,3.457702743612857,0.7718643327211154,0.20663789280417788,0.7990455349162298
2,3,37.7,7.313357667813172,3.475408393130076,0.7849821823259191,0.1503788707549738,0.7992564240209169
2,3,37.800000000000004,7.392374213827567,3.4877785177638523,0.7934230385678518,0.0974860622964897,0.7993895486384082
2,3,37.9,7.472042275526738,3.494905605589374,0.7979826421992868,0.05095314006139873,0.7996077286604173
2,3,38.0,7.551970742267422,3.497969145776132,0.7995833789241829,0.013788498083251,0.7997022586758181
2,3,38.1,7.631958951311578,3.497663305206024,0.7995893181252356,-0.017346878621935957,0.7997774639597589
2,3,38.2,7.71188860589247,3.494499770051745,0.7986616458056659,-0.043592837084819536,0.7998504609776246
2,3,38.300000000000004,7.791691280472714,3.4889447377890606,0.7972050485222653,-0.0656653071588309,0.7999048830665124
2,3,38.400000000000006,7.871329615596926,3.481366708619978,0.7955188971644773,-0.08400905570782413,0.7999423961678156
2,3,38.5,7.950795059905606,3.4721429266474964,0.7939388762532076,-0.0980384702063084,0.7999690499429333
2,3,38.6,8.030117390847563,3.461759014578717,0.7926554723597974,-0.1080198244122954,0.7999818624993923
2,3,38.7,8.109326154377568,3.4505389617650373,0.7917085735770542,-0.11482583643081767,0.7999921488286311
2,3,38.800000000000004,8.188459105562975,3.438793847292553,0.7911658131225465,-0.11854924041208292,0.7999982914082643
2,3,38.900000000000006,8.26755931700208,3.4268291136826203,0.7910680404441877,-0.11920897109254724,0.799999639625638
2,3,39.0,8.34667271365181,3.4149520530740443,0.7914315125220028,-0.11674940731641925,0.799996414442965
2,3,39.1,8.425845619506477,3.403479232219337,0.7922065350128804,-0.1113280545232378,0.7999907060966666
2,3,39.2,8.505114020654387,3.392686442169396,0.7930502857436963,-0.10516867315286405,0.79999325342836
2,3,39.300000000000004,8.58445567665522,3.382445497588764,0.7936478730643941,-0.1005873287886736,0.7999967232010875
2,3,39.400000000000006,8.663843595267268,3.3725689764116615,0.7939955131317902,-0.09782375369085372,0.7999989760365845
2,3,39.5,8.743254779281573,3.362880746850594,0.7941139476525976,-0.09686541533739756,0.7999999190905454
2,3,39.6,8.822666384797785,3.3531958933441817,0.793982729619465,-0.09792633406596352,0.7999988386476415
2,3,39.7,8.902051325205468,3.343295480037401,0.793551713156532,-0.10132704808572512,0.799994682561974
2,3,39.800000000000004,8.981376727429094,3.3329304837270364,0.7928124893583757,-0.1069109771415242,0.7999885001148329
2,3,39.900000000000006,9.060613823077146,3.321913284609096,0.7917457363367006,-0.11448628220895074,0.7999802621448681
2,3,40.0,9.139725874696431,3.310033227285247,0.7902405811627489,-0.12438413070817944,0.7999697419830757
2,3,40.1,9.218661939309692,3.2970364584674603,0.7880509323620828,-0.13745685597946888,0.7999491604174033
2,3,40.2,9.297336061168851,3.282541856089353,0.785227503939943,-0.15269747850382132,0.7999367180503582
2,3,40.300000000000004,9.375707440097683,3.2664969627666958,0.7818231039545225,-0.16917731768812416,0.7999177024527164
2,3,40.400000000000006,9.453700681959758,3.248706392551728,0.7774909954708065,-0.1879993218964664,0.7998974891020204
2,3,40.5,9.53120563919184,3.228897098387404,0.7718022643987936,-0.2100106559030408,0.7998644953515132
2,3,40.6,9.608061134839513,3.2067042613711205,0.7650768947451425,-0.23329798985339245,0.7998566164897952
2,3,40.7,9.684221018140871,3.182237500416725,0.7575557050215238,-0.25660054229126317,0.7998340356066552
2,3,40.800000000000004,9.75957227584382,3.155384152912867,0.7488881739605162,-0.2808922864092569,0.7998337162574083
2,3,40.900000000000006,9.833998652932976,3.1260590431348727,0.7382521114416889,-0.30767095575033565,0.7997984727795101
2,3,41.0,9.907222698132154,3.0938499617628015,0.7263670730255924,-0.3347969435161282,0.7998113015977631
2,3,41.1,9.97927206753809,3.059099654431648,0.7141449891922846,-0.36007840083417975,0.7997871718999677
2,3,41.2,10.050051695970613,3.0218342815959645,0.7010164217505945,-0.38499975247177076,0.7997804904893169
2,3,41.300000000000004,10.11947535188821,2.982099703937293,0.7245092529169028,-0.20093490329321462,0.7518566970664438
2,3,41.400000000000006,10.194953546553995,2.981647300937321,0.7662121972286968,0.09151691593647016,0.7716582644438861
2,3,41.5,10.272717791333946,3.0004030871245857,0.7731650765574756,0.20447330971128252,0.7997459409039931
2,3,41.6,10.349586561865486,3.022541962879577,0.7639587124754499,0.23659116110174416,0.7997551449528902
2,3,41.7,10.425509533829038,3.047721319344935,0.7537856712424826,0.267142541904267,0.7997236871979929
2,3,41.800000000000004,10.500343696113985,3.075970471260431,0.7421692728981171,0.2979114820814939,0.7997290045947515
2,3,41.900000000000006,10.573943388408663,3.107303615761235,0.7276949982246919,0.3315468230819576,0.7996644961088202
2,3,42.0,10.64588269575892,3.142279835876821,0.7114722241127893,0.36515818413985457,0.7997082124927285
2,3,42.1,10.716237833231217,3.180335252589204,0.6949482493407402,0.3956844850469423,0.7996994941655418
2,3,42.2,10.784872345627068,3.221416732886211,0.6753287371724923,0.42818145031140276,0.7996300754985204
2,3,42.300000000000004,10.851303580665718,3.265971542651486,0.6538645234609106,0.46037795904728895,0.799679110779637
2,3,42.400000000000006,10.915645250319253,3.31349232469567,0.6324423691568342,0.4894001961894716,0.7996848768952697
2,3,42.5,10.977792054497083,3.3638515818893784,0.6079246924679751,0.5194501529720057,0.7996254705391282
2,3,42.6,11.037230188812845,3.4173823552900684,0.5825206349076311,0.5479090823612367,0.7997091050045148
2,3,42.7,11.094296181478612,3.473433398361627,0.5569274768015262,0.5738284321754854,0.7996544778774707
2,3,42.800000000000004,11.148615684173151,3.5321480417251667,0.5293099058699369,0.5994213459323916,0.7996717616693998
2,3,42.900000000000006,11.2001581626526,3.593317667548107,0.5024113151800762,0.622212136598236,0.7997281241466475
2,3,43.0,11.249097947209165,3.6565904690448114,0.4736439139353408,0.6443150302308212,0.7996751936813674
2,3,43.1,11.294886945439666,3.722180673594269,0.4447806332591071,0.6646698195859742,0.7997598269423288
2,3,43.2,11.338054073860988,3.7895244329620086,0.41679072505977643,0.6825185486399903,0.7997162482615274
2,3,43.300000000000004,11.378245090451623,3.858684383322269,0.3876235663460008,0.6995258840679277,0.799742765936528
2,3,43.400000000000006,11.41557878713019,3.929429609775596,0.3600117998226864,0.7141739153474482,0.7997830189334318
2,3,43.5,11.450247450416159,4.0015191663917555,0.3312228837387394,0.7279376045228112,0.7997510580115635
2,3,43.6,11.481823363877938,4.0750171306801555,0.3030088381923477,0.7401964639401086,0.7998157045545661
2,3,43.7,11.510849218054629,4.149558459179779,0.2761487601795949,0.7506010690350777,0.7997875359027102
2,3,43.800000000000004,11.537053115913857,4.225137344487173,0.2484484549414745,0.7602366852924831,0.7998040087592134
2,3,43.900000000000006,11.560538909042926,4.301605796238278,0.22265541210189355,0.7682272438526283,0.7998428162680901
2,3,44.0,11.581584198334234,4.378782793257695,0.1960495899818966,0.775412105905307,0.7998120877534752
2,3,44.1,11.599748827039303,4.456688217419336,0.16969823633182557,0.7816453548367797,0.7998543318330202
2,3,44.2,11.615523845600599,4.535111864225053,0.14556437297827074,0.7864930153815166,0.799850142166936
2,3,44.300000000000004,11.628861701634959,4.613986820495641,0.1201339860359667,0.7907657224082527,0.7998391102820215
2,3,44.400000000000006,11.639550642807793,4.693265008706706,0.09566190142987097,0.7941330023878592,0.7998740056200939
2,3,44.5,11.647994081920933,4.772813420973209,0.07227825710105407,0.7965857678437267,0.7998581324089576
2,3,44.6,11.654006294228003,4.852582162275447,0.04800781300688328,0.7984190266526632,0.7998610455764739
2,3,44.7,11.65759564452231,4.932497226303744,0.02511624272095503,0.7994904623031118,0.799884882318738
2,3,44.800000000000004,11.659029542772194,5.012480254736071,0.0022260363356707558,0.7998621324007864,0.7998652299522094
2,3,44.900000000000006,11.658040851789444,5.092469652783904,-0.021184096394357255,0.7995958215802297,0.7998763928436742
2,3,45.0,11.654792723493323,5.172399419052113,-0.042950566710345583,0.7987377824016484,0.7998917403103016
2,3,45.1,11.649450738447376,5.252217209264231,-0.0656207736927854,0.797172082739408,0.7998683738210465
2,3,45.2,11.641668568754765,5.331833835599998,-0.08852884160358343,0.7949723987297013,0.7998865360397858
2,3,45.300000000000004,11.63174497012666,5.411211689010173,-0.109635713416111,0.792343388759285,0.799892514883598
2,3,45.400000000000006,11.619741426071542,5.490302513351857,-0.1324272068286163,0.7888281983391003,0.7998667961625487
2,3,45.5,11.605259528760937,5.56897732867799,-0.1551359482642738,0.7847040675024601,0.7998922652449897
2,3,45.6,11.588714236418687,5.647243326852346,-0.17644494452274984,0.7801729909268964,0.7998766868833317
2,3,45.7,11.569970539856387,5.725011926863371,-0.19902686632386235,0.7747127951826727,0.7998697447325073
2,3,45.800000000000004,11.548908863153914,5.802185885888883,-0.2202528585779362,0.768980501858163,0.7999014526488777
2,3,45.900000000000006,11.5259199681408,5.8788080272350065,-0.24032528914781892,0.7629334092143161,0.7998897620918534
2,3,46.0,11.500843805324351,5.954772567731743,-0.2600185218553932,0.7564667495954538,0.7999072289655685
2,3,46.1,11.473916263769722,6.030101377154094,-0.2774891589726849,0.7502533597096566,0.7999252071931446
2,3,46.2,11.445345973529813,6.104823239673676,-0.2948445658494663,0.7435962917804844,0.7999179727701132
2,3,46.300000000000004,11.414947350599828,6.178820635510193,-0.31103002677875224,0.7370005432875004,0.7999434219768684
2,3,46.400000000000006,11.383139968174062,6.252223348331178,-0.32528408373927675,0.7308180775182045,0.7999404962630066
2,3,46.5,11.349890533851974,6.324984251013831,-0.33923379145270616,0.7244561921470734,0.7999477105433925
2,3,46.6,11.315293209883523,6.39711458676059,-0.35152279408018217,0.7185903446840669,0.7999627230259572
2,3,46.7,11.279585975035937,6.468702319950646,-0.3630943933123234,0.7128106889871191,0.799960384512343
2,3,46.800000000000004,11.242674331221057,6.539676724558015,-0.37380278534882905,0.7072677788510475,0.7999726453669757
2,3,46.900000000000006,11.20482541796617,6.610155875720857,-0.3828758200536484,0.7024010186807175,0.7999756775211753
2,3,47.0,11.166099167210328,6.6801569282941555,-0.39148866426450724,0.6976405758102331,0.7999785917538303
2,3,47.1,11.126527685113269,6.7496839908829,-0.39893485586274124,0.6934186301517755,0.7999865098011284
2,3,47.2,11.08631219603778,6.818840654324513,-0.4053816579438063,0.6896704625726571,0.799987272112783
2,3,47.300000000000004,11.045451353524506,6.8876180833974345,-0.411105442686889,0.6862791719224361,0.7999917417207053
2,3,47.400000000000006,11.0040911075004,6.956096488709002,-0.4156197716169032,0.6835579387084465,0.7999945313127004
2,3,47.5,10.962327399201126,7.024329671139121,-0.41916497189697566,0.6813927824277641,0.7999971235011053
2,3,47.6,10.920258113121006,7.092375045194553,-0.42076547352975524,0.6804088636834251,0.7999998784335464
2,3,47.7,10.878174304495174,7.160411443875808,-0.41933852408169514,0.6812855574911509,0.799996755384072
2,3,47.800000000000004,10.836390408304666,7.228632156692784,-0.41492999615924475,0.6839697844780801,0.7999884797868668
2,3,47.900000000000006,10.795188305263324,7.297205400771426,-0.4077342755521798,0.6882686773283311,0.7999756319109672
2,3,48.0,10.754843553194233,7.366285892158447,-0.39686738321970694,0.6945604977708584,0.7999487514380907
2,3,48.1,10.715814828619385,7.436117500325594,-0.38322378918797284,0.7021670838177627,0.7999369263865301
2,3,48.2,10.678198795356638,7.506719308922001,-0.3662721782270566,0.711100724203348,0.7998872098650651
2,3,48.300000000000004,10.642560392973973,7.578337645166266,-0.3457018635153659,0.7212983049523274,0.7998631277694311
2,3,48.400000000000006,10.609058422653563,7.650978969912469,-0.32320922411313546,0.7316258454132551,0.7998378462091397
2,3,48.5,10.577918548151347,7.724662814248912,-0.29621480943480805,0.7428879136192421,0.7997660067357515
2,3,48.6,10.549815460766602,7.799556552636315,-0.26690476588392187,0.7539283957247207,0.799778831885167
2,3,48.7,10.52453759497456,7.875448493393859,-0.23640935705827104,0.7639769198608661,0.7997187744356146
2,3,48.800000000000004,10.502533589354949,7.9523519366084905,-0.20198578837678127,0.7737478444629602,0.7996774259145166
2,3,48.900000000000006,10.484140437299205,8.030198062286452,-0.1679365238052668,0.7818988003303886,0.7997302107497865
2,3,49.0,10.468946284593896,8.108731696674564,-0.1375696128939694,0.7878684531235791,0.7997887832541402
2,3,49.1,10.456626514720412,8.187771752911164,-0.10945657167651746,0.7923113496958862,0.799836243202378
2,3,49.2,10.447054970258591,8.267193966613743,-0.08606495403338954,0.7952659420189221,0.7999094291530842
2,3,49.300000000000004,10.439413523913734,8.346824941314951,-0.06847037875844819,0.7969972937705947,0.7999330466013871
2,3,49.400000000000006,10.433360894506903,8.426593425367864,-0.054172920598027474,0.798122212945799,0.7999586065063738
2,3,49.5,10.428578939794127,8.506449383904108,-0.04246760208231137,0.7988473089175159,0.7999753247390688
2,3,49.6,10.424867374090441,8.586362887151363,-0.0340515190849473,0.7992663728161702,0.7999914003704726
2,3,49.7,10.421768635977136,8.666302658467345,-0.029393827980655374,0.799457076488018,0.7999972589141322
2,3,49.800000000000004,10.41898860849431,8.74625430244897,-0.027657838598663886,0.7995215402636973,0.7999997808634604
2,3,49.900000000000006,10.416237068257404,8.826206966520086,-0.029336450900913746,0.7994585471826596,0.7999966225021644
2,3,50.0,10.413121318314127,8.906146011885498,-0.03476252564411908,0.79923078625432,0.7999864266885136
2,3,50.1,10.40928456312858,8.986053123770946,-0.04381133974381157,0.7987695283302898,0.799970119991454
2,3,50.2,10.404359050365365,9.065899917551558,-0.05828656425887857,0.7977967017146028,0.7999230593249599
2,3,50.300000000000004,10.397627250276804,9.145612464113867,-0.07908192649800583,0.795945180565198,0.7998641644451898
2,3,50.400000000000006,10.388542665065764,9.225088953664601,-0.10690871792856882,0.7925607286499172,0.7997386964297889
2,3,50.5,10.376245506691092,9.304124609843848,-0.14547511666672364,0.7861720395599576,0.7995182833150599
2,3,50.6,10.359447641732418,9.382323361576589,-0.1988678206221408,0.7739022030728222,0.799045073822477
2,3,50.7,10.336471942566662,9.458905050458414,-0.2702479757440983,0.7510181630217545,0.7981617941134199
2,3,50.800000000000004,10.305398046583598,9.532526994180941,-0.36512072461538025,0.7078526501926206,0.7964725468767752
2,3,50.900000000000006,10.263447797643586,9.60047558049694,-0.4814569761491896,0.6320713892324221,0.7945533720077749
2,3,51.0,10.209106651353762,9.658941272027423,-0.596598152150257,0.5241867240424654,0.7941669074013805
2,3,51.1,10.144128167213536,9.70531292530543,-0.6866325715334511,0.4010304064553196,0.7951664449612791
2,3,51.2,10.071780137047071,9.739147353318488,-0.7449336600142829,0.28246059164705173,0.796686979720315
2,3,51.300000000000004,9.995141435210677,9.76180504363484,-0.7772077172488352,0.18118851105362666,0.7980483145079473
2,3,51.400000000000006,9.9163385935973,9.775385055529215,-0.7928164687296828,0.09741706578763143,0.7987790919870623
2,3,51.5,9.836578141464743,9.781288456792367,-0.798679935653638,0.0319146216195918,0.7993173229004994
2,3,51.6,9.756602606466576,9.781767979853134,-0.7993349513714847,-0.017374752235703284,0.7995237623106056
2,3,51.7,9.676711151190444,9.777813506345227,-0.7976287843020984,-0.05749039880346629,0.79969795767016
2,3,51.800000000000004,9.597076849606154,9.77026990009244,-0.7947568164329013,-0.08967251594368264,0.7997996982884091
2,3,51.900000000000006,9.517759787903861,9.75987900315649,-0.7916281889060244,-0.11463056305647967,0.7998845888359631
2,3,52.0,9.438751211824952,9.747343787481146,-0.7883094517597229,-0.13570731170791106,0.7999051607438866
2,3,52.1,9.360097897551919,9.732737540814908,-0.785115207350195,-0.1533263086153056,0.7999467768083922
2,3,52.2,9.281728170354912,9.716678525758084,-0.7824269466580631,-0.16656952081837773,0.7999608316176008
2,3,52.300000000000004,9.203612508220305,9.69942363665123,-0.7800297519592121,-0.17751574985989294,0.7999739091932124
2,3,52.400000000000006,9.125722219963066,9.681175375786106,-0.777835889256977,-0.18692939656798302,0.7999820434968915
2,3,52.5,9.048045330368913,9.662037757337634,-0.7759752477788737,-0.19454275295797174,0.7999902923748206
2,3,52.6,8.970527170407294,9.642266825194513,-0.7745597916391276,-0.2001174506958563,0.7999936655355824
2,3,52.7,8.893133372041085,9.622014267198463,-0.7734666688293999,-0.20431162825683913,0.7999962057603832
2,3,52.800000000000004,8.815833836641412,9.601404499543145,-0.7726710727681052,-0.20730769761709666,0.799998167612849
2,3,52.900000000000006,8.738599157487462,9.580552727675043,-0.7721655309497919,-0.20918753789712952,0.7999993957487949
2,3,53.0,8.661400730451458,9.55956699196372,-0.771941772990175,-0.2100137716087076,0.7999999282203276
2,3,53.1,8.58421080288943,9.538549973353302,-0.7719977469353339,-0.20980772101708567,0.7999998756697497
2,3,53.2,8.507001181064389,9.517605447760301,-0.772342717926982,-0.20853167519137372,0.7999992084327072
2,3,53.300000000000004,8.429742259304032,9.496843638315026,-0.7729544137809583,-0.20624806645861327,0.7999979941858488
2,3,53.400000000000006,8.352410298308195,9.47635583446858,-0.7738053101925715,-0.20302464247544094,0.7999960396992615
2,3,53.5,8.27498119726552,9.456238709819939,-0.7748928262249137,-0.19882271619675151,0.7999933528540649
2,3,53.6,8.197431733063215,9.43659129122923,-0.7762076051335569,-0.19361220549264146,0.7999899576762802
2,3,53.7,8.119739676238806,9.41751626872141,-0.7777387826688198,-0.18734970793476435,0.7999859543332115
2,3,53.800000000000004,8.04188397652945,9.399121349642275,-0.7794731818727243,-0.17997793542984653,0.7999815613502471
2,3,53.900000000000006,7.96384503986426,9.38152068163544,-0.7813942631794433,-0.17142491200127807,0.7999771840398894
2,3,54.0,7.885605123893564,9.36483636724202,-0.783480769287884,-0.16160295570725225,0.7999735190225078
2,3,54.1,7.807148886006686,9.34920009049399,-0.7857922037843821,-0.1499094998363617,0.7999639027290569
2,3,54.2,7.728446683136685,9.334854467274747,-0.7882546339633052,-0.13630246239046784,0.7999523293411485
2,3,54.300000000000004,7.649497959214023,9.321939598015897,-0.7906849255271879,-0.12130067081707807,0.7999353125075852
2,3,54.400000000000006,7.570309698031244,9.31059433311133,-0.7930436558831744,-0.10461199242545405,0.799913688528815
2,3,54.5,7.490889228037392,9.301017199530806,-0.7952757642908495,-0.08583249883156441,0.7998942174588245
2,3,54.6,7.411254545173078,9.293427833345019,-0.7972676172197168,-0.06455306905886005,0.7998767106199073
2,3,54.7,7.331435704593447,9.288106585719033,-0.7988861776912088,-0.03858274712794696,0.7998173249448957
2,3,54.800000000000004,7.251477309634834,9.28571128391943,-0.799734441862455,-0.0094011745440028,0.7997896970978429
2,3,54.900000000000006,7.171488816220953,9.286226350810233,-0.7994451109000593,0.021398289403165904,0.7997314375034845
2,3,55.0,7.091588287454825,9.289990941800063,-0.7975087734864488,0.05793698323008556,0.7996104913104023
2,3,55.1,7.011987061523667,9.297813747456251,-0.7931367144715864,0.10074240231492837,0.7995091490827142
2,3,55.2,6.932960944560505,9.310139422263049,-0.7860051940638542,0.14612074878117198,0.7994719746931267
2,3,55.300000000000004,6.854786022710893,9.327037897212486,-0.7739323888426597,0.19918108396726808,0.7991523301036428
2,3,55.400000000000006,6.778174466791971,9.349975639056503,-0.7565097658519235,0.2575304590933669,0.799142642580267
2,3,55.5,6.703484069540513,9.378543989031158,-0.7324072040349705,0.31878887399923883,0.7987782287393826
2,3,55.6,6.631693025984981,9.413733413856349,-0.7001309599066232,0.3843344648306086,0.7986841314790222
2,3,55.7,6.563457877559187,9.455410881997281,-0.6600671319233555,0.4493681613463707,0.7985113418589258
2,3,55.800000000000004,6.499679599600308,9.503607046125625,-0.6115788524062538,0.5132700157341361,0.7984201912290737
2,3,55.900000000000006,6.441142107077934,9.558064885144109,-0.5651224262465995,0.5608324173904293,0.7961760841942164
2,3,56.0,6.38665511435099,9.61577352960371,-0.6623338098582074,0.3778578047456307,0.7625369474907266
2,3,56.1,6.308675345106294,9.63363644609323,-0.7806090199076365,0.17500773068103825,0.7999863422329707
2,3,56.2,6.23053331036946,9.650775075739917,-0.7822091794062302,0.167710021431688,0.7999861571527256
2,3,56.300000000000004,6.152233509225046,9.667178450379568,-0.783892617863426,0.15964101174718337,0.7999830554283256
2,3,56.400000000000006,6.073754786796773,9.682703278089354,-0.7855022638681568,0.15153848844277462,0.7999860748922574
2,3,56.5,5.995133056451419,9.697486148068123,-0.7869223370478231,0.1439763614912053,0.7999849731170292
2,3,56.6,5.9163703193872115,9.711498550387594,-0.7883855772826713,0.13572098800396049,0.7999825029662225
2,3,56.7,5.837455940994882,9.724630345668915,-0.7897499424132377,0.12756323056783714,0.7999858432088754
2,3,56.800000000000004,5.758420330904562,9.737011196501163,-0.7909837977244436,0.11965679122691597,0.799983197291859
2,3,56.900000000000006,5.679259181449991,9.748561703914298,-0.7921995762305478,0.11132316640115647,0.7999831347956275
2,3,57.0,5.599980415658456,9.759275829781394,-0.7932769459896747,0.10339001594596908,0.7999861301522753
2,3,57.1,5.52060379225206,9.769239707103491,-0.7943086270719135,0.09510833680172937,0.7999823690370054
2,3,57.2,5.441118690244071,9.77829749714174,-0.7952615591668462,0.08681522335437108,0.7999861439391013
2,3,57.300000000000004,5.361551480418688,9.786602751774366,-0.7960815373812373,0.07891779947897959,0.7999836456040078
2,3,57.400000000000006,5.2819023827678215,9.794081057037536,-0.796852112096591,0.07072012294481311,0.7999841400566186
2,3,57.5,5.202181057999373,9.800746776363328,-0.7975108697144471,0.06288127443164626,0.7999860261197328
2,3,57.6,5.122400208824936,9.806657311923864,-0.798101994364508,0.05483998297876269,0.7999838855512754
2,3,57.7,5.042560659126469,9.81171477295908,-0.798603710867642,0.04704156522846148,0.7999879973291549
2,3,57.800000000000004,4.962679466651405,9.816065624969557,-0.7990186513394697,0.03930341525916248,0.7999847271288242
2,3,57.900000000000006,4.882756928858573,9.819575456010913,-0.7993638909858021,0.031597032767500366,0.7999881265941837
2,3,58.0,4.802806688454249,9.822385031523057,-0.7996190728470509,0.0242340724392065,0.7999862198361707
2,3,58.1,4.722833114289166,9.824422270498754,-0.7998109042916823,0.016822657693758458,0.7999878026793659
2,3,58.2,4.6428445075959095,9.825749563061809,-0.799928689608894,0.009747211343793083,0.7999880727788276
2,3,58.300000000000004,4.562847376367386,9.826371712767513,-0.7999837322399834,0.002680430466462269,0.7999882227608722
2,3,58.400000000000006,4.4828477611479105,9.826285649155102,-0.799979833220064,-0.004053269422485073,0.7999901015336457
2,3,58.5,4.402851409723376,9.825561058883016,-0.7999171568944625,-0.010731746405618026,0.7999891425982196
2,3,58.6,4.322864329769021,9.824139299873977,-0.7998098985386299,-0.01707717898351291,0.7999921898633814
2,3,58.7,4.242889430015648,9.822145623086312,-0.7996501225485062,-0.02333043804414814,0.799990392336791
2,3,58.800000000000004,4.162934305259317,9.819473212265148,-0.7994538751843834,-0.02937340173382097,0.7999933095199885
2,3,58.900000000000006,4.082998654978769,9.816270942739548,-0.7992237476159474,-0.035048034835206465,0.7999918521454387
2,3,59.0,4.003089555736132,9.812463605298108,-0.7989608960063315,-0.040635447064602204,0.7999935955402269
2,3,59.1,3.923206475777506,9.808143853326628,-0.7986794043220371,-0.04583341341722047,0.7999934328940944
2,3,59.2,3.8433536748717225,9.803296922614663,-0.7983709357625379,-0.05093602704147315,0.7999941436792648
2,3,59.300000000000004,3.7635322886249964,9.797956647918333,-0.7980569885197006,-0.05565195552365765,0.7999950606589649
2,3,59.400000000000006,3.68374227716778,9.792166531509931,-0.7977223412078374,-0.0602577113176892,0.7999949533811819
2,3,59.5,3.6039878203834324,9.785905105654795,-0.7973907142936483,-0.06451697659102251,0.7999964946861837
2,3,59.6,3.5242641343090537,9.779263136191727,-0.7970502605855785,-0.06858866531685948,0.7999959518081868
2,3,59.7,3.444577768266314,9.772187372591423,-0.7967081816068458,-0.07246725580569091,0.7999971436219595
2,3,59.800000000000004,3.364922497987682,9.764769685030588,-0.796385393058145,-0.07593152344160359,0.799997056574922
2,3,59.900000000000006,3.285300689654683,9.757001067903103,-0.796056368403832,-0.07931071682745028,0.7999974571709472
2,3,60.0,3.2057112243069192,9.748907541665098,-0.7957533868421773,-0.08230198892459129,0.7999981687802413
2,3,60.1,3.126150012286251,9.740540670118184,-0.7954491875048202,-0.08519065260725966,0.7999980357436693
2,3,60.2,3.046621386805953,9.731869411143647,-0.7951598565954825,-0.08785645763934014,0.7999987216801546
2,3,60.300000000000004,2.9671180409671525,9.722969378590316,-0.794904364752572,-0.09013895134346939,0.7999987372814974
2,3,60.400000000000006,2.887640513855436,9.713841620874952,-0.7946519429054284,-0.09233947590963965,0.7999989307334349
2,3,60.5,2.8081876523860703,9.704501483408388,-0.7944283169702437,-0.09424703069115026,0.7999992834985996
2,3,60.6,2.728754850461391,9.694992214736722,-0.7942249991038803,-0.09594564364623182,0.7999993223348683
2,3,60.7,2.649342652565292,9.68531235467914,-0.7940365228257207,-0.09749480825200152,0.7999995232606428
2,3,60.800000000000004,2.5699475458962446,9.675493253086321,-0.7938809770122326,-0.0987546393098171,0.7999996777793783
2,3,60.900000000000006,2.490566457162843,9.665561426817177,-0.7937426121046567,-0.09986107314793458,0.7999997301255674
2,3,61.0,2.4111990234753167,9.655521038456735,-0.793623516821647,-0.10080407214002918,0.7999998421327165
2,3,61.1,2.331841753798517,9.645400612389171,-0.7935342310850295,-0.1015050457403035,0.7999999063840258
2,3,61.2,2.2524921772583086,9.635220029308675,-0.7934645325007299,-0.10204873662176084,0.7999999431141851
2,3,61.300000000000004,2.1731488472983687,9.624990865064818,-0.7934145603956946,-0.1024368195607579,0.7999999791560101
2,3,61.400000000000006,2.0938092651791673,9.614732665396522,-0.7933881531828231,-0.10264127874140172,0.7999999960703256
2,3,61.5,2.0144712166618075,9.604462609316537,-0.7933723775494617,-0.10276299042629233,0.7999999760373996
2,3,61.6,1.9351347896692783,9.594180067311266,-0.7932178186260899,-0.10393761400305834,0.7999984596176303
2,3,61.7,1.8558276529365874,9.583675086515925,-0.7927129106719146,-0.10767540626944339,0.7999923448766423
2,3,61.800000000000004,1.7765922075348932,9.572644986057377,-0.7917484800524122,-0.11447965685996309,0.7999820294857127
2,3,61.900000000000006,1.6974779569261027,9.560779155143932,-0.7901023366528097,-0.12519104945006632,0.7999590622317112
2,3,62.0,1.6185717402043347,9.547606776167363,-0.7875173763425289,-0.1403508605547188,0.7999262354116601
2,3,62.1,1.5399744816576004,9.532708983032988,-0.78393010967884,-0.15900684501751527,0.7998934889243081
2,3,62.2,1.4617857182685645,9.51580540716386,-0.7787859190476318,-0.18222799319821092,0.7998215733599037
2,3,62.300000000000004,1.3842172978480718,9.496263384393345,-0.7709456924356664,-0.21254615788618736,0.799708152964123
2,3,62.400000000000006,1.307596579781429,9.473296175586622,-0.7602971547245083,-0.24775660682394118,0.7996468593742465
2,3,62.5,1.2321578669031732,9.446712063028558,-0.7443147255106428,-0.29140512077212577,0.7993255625989956
2,3,62.6,1.1587336346793038,9.415015151432197,-0.721736517194552,-0.3432117237225327,0.7991857653591649
2,3,62.7,1.0878105634642607,9.378069718284051,-0.68911340614246,-0.40354864683063596,0.7985792364468915
2,3,62.800000000000004,1.0209109534508098,9.334305422066068,-0.6447264313875456,-0.4709030008590531,0.7983870036190349
2,3,62.900000000000006,0.9588652771867497,9.283889118112238,-0.583866960758245,-0.5434224449694867,0.7976268435563617
2,3,63.0,0.9041375612991628,9.225620933072173,-0.5136228542315342,-0.6109294843825808,0.7981499052664943
2,3,63.1,0.8561407063404456,9.161703221235724,-0.44332268560856836,-0.6638213085796849,0.7982441564456572
2,3,63.2,0.8154730241774479,9.092856671356234,-0.37555308401971255,-0.7050326570606344,0.7988186067178803
2,3,63.300000000000004,0.7810300895365021,9.020696689823595,-0.3154610901269632,-0.734150707676875,0.7990575454662501
2,3,63.400000000000006,0.7523808061520544,8.946026529820857,-0.2630977914724322,-0.7548716257497006,0.7994070422755027
2,3,63.5,0.7284105312420165,8.869722364673658,-0.21784683491518697,-0.769275443149084,0.7995260789460118
2,3,63.6,0.7088114391690182,8.792171441191044,-0.18009724839705665,-0.779196455121145,0.7997387914522777
2,3,63.7,0.6923910815626046,8.713883073649427,-0.14898096302739727,-0.7857818079761429,0.7997802054882496
2,3,63.800000000000004,0.6790152465635383,8.635015079595814,-0.12210076898779176,-0.7904902250715793,0.7998646096191068
2,3,63.900000000000006,0.667970927765046,8.555785028635109,-0.10140989050210258,-0.7934613407891291,0.7999155363027592
2,3,64.0,0.6587332684631181,8.476322811437992,-0.08452030383895082,-0.7954624872662919,0.7999401542671202
2,3,64.10000000000001,0.6510668669972558,8.396692531181849,-0.07059755832519876,-0.7968441695620996,0.7999654028810196
2,3,64.2,0.6446137567980779,8.31695397752557,-0.06052600425036703,-0.7976907823520847,0.7999837382347196
2,3,64.3,0.6389616661471831,8.23715437471144,-0.05384172470982351,-0.7981783285399828,0.7999922346314426
2,3,64.4,0.6338454118561131,8.157318311817571,-0.049764424409890484,-0.7984485505113241,0.7999978660912054
2,3,64.5,0.6290087812652048,8.077464664609172,-0.04857559622760066,-0.7985235915738045,0.7999996967804395
2,3,64.60000000000001,0.6241302926105927,7.997613593502808,-0.050355798930997064,-0.7984108675736792,0.7999972624614
2,3,64.7,0.6189376214790052,7.917782491094434,-0.05492155098791551,-0.7981039628069766,0.7999914450862072
2,3,64.8,0.6131459824130102,7.837992800941422,-0.06335640301136625,-0.7974612214567003,0.7999740205342615
2,3,64.9,0.6062663408767317,7.758290246803091,-0.07526766858513678,-0.7964085640201404,0.7999573881019314
2,3,65.0,0.5980924486959829,7.678711088137392,-0.08945511625520108,-0.794923741110523,0.799941230344693
2,3,65.10000000000001,0.5883753176256911,7.599305498580985,-0.10642760378882477,-0.7928145696651114,0.7999261070383357
2,3,65.2,0.5768069279382179,7.520148174204368,-0.12308443115210199,-0.790419931514009,0.7999459014999998
2,3,65.3,0.563758431395272,7.441221512278192,-0.1383319303201196,-0.7878885093679244,0.7999400140886193
2,3,65.4,0.5491405418741934,7.362570472330781,-0.1533302155135785,-0.7851169742461082,0.7999492597901472
2,3,65.5,0.5330923882925561,7.284198117428969,-0.166676937796844,-0.7824042228760248,0.799960980028132
2,3,65.60000000000001,0.515805154314824,7.206089627755574,-0.17893833470096654,-0.7796955452584342,0.799965043562156
2,3,65.7,0.49730472135236253,7.128259008377279,-0.18943816839520444,-0.777226582754281,0.7999799876152072
2,3,65.8,0.4779175206357852,7.050644311204726,-0.19827380833797426,-0.7750223296512289,0.7999825713919408
2,3,65.9,0.45764995968476707,6.973254542447032,-0.20542097298474626,-0.7731687494461426,0.799992307001831
2,3,66.0,0.4368333260388354,6.896010561315495,-0.2104379978154678,-0.7718210831256798,0.7999949595352962
2,3,66.10000000000001,0.41556236012167286,6.8188903258218945,-0.21388256411682027,-0.7708773074804611,0.799998484012008
2,3,66.2,0.3940568132154708,6.7418350998194,-0.2154356932189645,-0.770446045773582,0.7999997796005223
2,3,66.3,0.37247522147788237,6.664801116667188,-0.2153866787257379,-0.7704597059052318,0.7999997373725072
2,3,66.4,0.3509794774703226,6.587743158638352,-0.21391068944783864,-0.7708698486795882,0.7999988166637129
2,3,66.5,0.329693083588314,6.510627146931268,-0.21102815890089088,-0.7716616481335876,0.7999966143986764
2,3,66.60000000000001,0.3087738456901439,6.433410829011633,-0.20681939395493165,-0.7727977424107948,0.7999941327229259
2,3,66.7,0.288329204797327,6.356067598449108,-0.20178992552071007,-0.7741243051705311,0.7999922586484267
2,3,66.8,0.26841586058600414,6.278585967977535,-0.19612504415937382,-0.7755774166753611,0.799990851324778
2,3,66.9,0.24910419596545175,6.200952115114034,-0.189309066448774,-0.777265508378445,0.7999872456198966
2,3,67.0,0.23055404729624865,6.123132866301844,-0.18192035312255528,-0.779027415405988,0.7999867054110144
2,3,67.10000000000001,0.21272012534094026,6.045146632032834,-0.1744841870278271,-0.7807230891657184,0.7999832957501201
2,3,67.2,0.1956572098906826,5.966988248468698,-0.16646406710696982,-0.7824698865127608,0.7999808803572036
2,3,67.3,0.1794273119195482,5.888652654730291,-0.15778929700643918,-0.7842643037881238,0.7999799750281609
2,3,67.4,0.16409935048939445,5.810135387711071,-0.14774825990186946,-0.7862112775089329,0.7999735753049964
2,3,67.5,0.1498776599391737,5.731410399228502,-0.13670021686326161,-0.7882037276321086,0.7999700404037728
2,3,67.60000000000001,0.13675930711674192,5.652494642184647,-0.1252112440839015,-0.7901013686452707,0.7999612667999422
2,3,67.7,0.1248354111223929,5.573390125499445,-0.11266991898175605,-0.7919785588604213,0.7999528413212778
2,3,67.8,0.11422532332039198,5.494098930412571,-0.09884578619893536,-0.7938169950180907,0.7999474426666022
2,3,67.9,0.10506625388260575,5.4146267264958245,-0.08241231376659292,-0.795669220031094,0.7999258072879339
2,3,68.0,0.0977428605670729,5.33496508640635,-0.06363444966508064,-0.797375146664244,0.7999102872835193
2,3,68.10000000000001,0.09233936394958972,5.255151697162973,-0.043546600182692685,-0.7986999607710317,0.799886200482993
2,3,68.2,0.08903354053053394,5.175225094252141,-0.020790584634906906,-0.7995822769718757,0.7998525276930682
2,3,68.3,0.08818124702260857,5.0952352417686075,0.007729747864241132,-0.799730889849414,0.7997682446692794
2,3,68.4,0.09057949010338266,5.015278916282257,0.0402390725391899,-0.7987280756480359,0.7997410342024652
2,3,68.5,0.0962290615304462,4.935489626638998,0.07854323400797181,-0.795671525779202,0.7995387523717874
2,3,68.60000000000001,0.10628813690497788,4.856144611126414,0.12535352703441832,-0.7895115538089676,0.799401025979964
2,3,68.7,0.12129976693732952,4.777587315877201,0.18329908278212237,-0.777639502187391,0.7989504046629056
2,3,68.8,0.14294795346140027,4.700616710688944,0.25440853526915186,-0.7567981009132723,0.798415348276654
2,3,68.9,0.17218147399116168,4.626227695694546,0.3398222134568327,-0.7214691614110791,0.7974941301513804
2,3,69.0,0.2109123961527664,4.556322878406726,0.4431400793774599,-0.6615944063289838,0.7962915850594317
2,3,69.10000000000001,0.26080948986665653,4.493908814428748,0.5566009568397581,-0.5674257164549736,0.7948437386363274
2,3,69.2,0.322232587520718,4.442837735115728,0.6618938583048355,-0.43857676319035477,0.7940107410307434
2,3,69.3,0.3931882615276161,4.406193461790682,0.7394794100959128,-0.2900222904992127,0.7943190334759761
2,3,69.4,0.4701284695399035,4.384833277015887,0.7820115536393573,-0.14669570714116276,0.7956517457525543
2,3,69.5,0.5495905722554895,4.3768543203624475,0.7967545556940268,-0.026264134757600033,0.7971873222735992
2,3,69.60000000000001,0.6294793806787111,4.379580450064369,0.7948821643769897,0.07218931372804605,0.7981534641039741
2,3,69.7,0.7085670051308898,4.391292183108056,0.7846168302907643,0.15023533827361746,0.7988705948035103
2,3,69.8,0.7864027467368551,4.40962751771909,0.771577373453169,0.20855353482215477,0.7992660508940104
2,3,69.9,0.8628824798215257,4.433002890072488,0.7578923297810691,0.2544383087560611,0.7994620919741108
2,3,70.0,0.9379812126930711,4.460515179470303,0.744356047923806,0.29208752384222336,0.7996130612146283
2,3,70.10000000000001,1.0117536894062888,4.491420394840934,0.731584208166737,0.32298878307527445,0.7997107024614577
2,3,70.2,1.084298054326421,4.525112936085359,0.7198929756340728,0.34841196123185725,0.7997729622190969
2,3,70.3,1.1557322845330953,4.561102787087302,0.709408246194343,0.36940617651417185,0.7998255953739871
2,3,70.4,1.2261797035652913,4.5989941713881946,0.6440591643885325,0.3498402084661336,0.7329395464105363
2,3,70.5,1.2845441174108054,4.631070828780531,-0.020377163385902897,-0.08926962121183024,0.09156579087715801
2,3,70.60000000000001,1.2221042708880936,4.581140247145817,-0.5912029274421489,-0.5358497847870325,0.7979071959021774
2,3,70.7,1.166303531922373,4.523900871823123,-0.5187864204782713,-0.6059766922463297,0.7977136714501392
2,3,70.8,1.1183469867924454,4.459944908696558,-0.43737496326487424,-0.667277928452318,0.7978450302474579
2,3,70.9,1.0788285392693981,4.390445286132657,-0.3547359910249881,-0.7151398013051704,0.7982872658005257
2,3,71.0,1.0473997885874455,4.316916948435522,-0.27938756991436975,-0.7483864715713935,0.7988364820498229
2,3,71.10000000000001,1.0229510252865244,4.240767991818375,-0.2171846332401417,-0.7692548824821941,0.7993261156363834
2,3,71.2,1.0039628619394159,4.163065971939081,-0.1707141119386426,-0.7812437178613365,0.7996780944310048
2,3,71.3,0.9888082028987978,4.084519248246116,-0.1405582007153452,-0.7874467425627145,0.7998931054590765
2,3,71.4,0.9758512217963468,4.005576623426536,-0.12635994001976503,-0.7899451671976472,0.7999876259172496
2,3,71.5,0.9635362148948443,3.926530214806584,-0.1274693493525989,-0.7897590167858581,0.7999798370077462
2,3,71.60000000000001,0.9503573519258265,3.8476248200693615,-0.14359778360999975,-0.7868764924266323,0.7998718258517074
2,3,71.7,0.9348166581728443,3.7691549163212557,-0.17474679884199684,-0.7803316489660617,0.7996586309692519
2,3,71.8,0.915407992157429,3.6915584902761576,-0.21821007071575593,-0.7691242995595537,0.7994797202773497
2,3,71.9,0.8911746440296918,3.6153300564093422,-0.2604231258779217,-0.7560958615762559,0.7996881619636298
2,3,72.0,0.8633233669818444,3.5403393179609037,-0.2878586354670851,-0.7463227810944488,0.7999126749799161
2,3,72.10000000000001,0.8336029169362738,3.4660655001904503,-0.2979618138037692,-0.7424356622483934,0.7999949718988505
2,3,72.2,0.8037310042210899,3.3918521855112225,-0.291025175913342,-0.7451195626568534,0.7999367572935576
2,3,72.3,0.7753978817536087,3.3170415876590886,-0.2668384679677751,-0.7539023375034049,0.7997321442086013
2,3,72.4,0.7503633106275345,3.2410717180105397,-0.2275036755171853,-0.766474832617865,0.7995258541225623
2,3,72.5,0.7298971466501702,3.1637466211355134,-0.18671670214493652,-0.7775988769337197,0.7997019071306902
2,3,72.60000000000001,0.7130199701985471,3.085551942623794,-0.15908398602078444,-0.7839329379498281,0.7999115987475804
2,3,72.7,0.6980803494460127,3.0069600335455453,-0.14796696364487172,-0.7861909308405206,0.799994001268864
2,3,72.8,0.6834265774695745,2.9283137564556987,-0.15335947603768618,-0.7851182817625304,0.7999561520785384
2,3,72.9,0.6674084542384748,2.849936377193037,-0.17524531941280275,-0.7803623473302874,0.7997976713562821
2,3,73.0,0.6483775135870139,2.772241286989639,-0.21142584722262603,-0.7711485397558224,0.7996067528737751
2,3,73.10000000000001,0.6251232847939484,2.6957066692418703,-0.24882766281138702,-0.7600505261589028,0.7997449644071554
2,3,73.2,0.5986119810247362,2.620231181757856,-0.2726606586177338,-0.7520365771724435,0.7999392777974469
2,3,73.3,0.5705911530704048,2.54529935380739,-0.27927934886848593,-0.7496620915569832,0.7999938788653299
2,3,73.4,0.5427561112510383,2.4702987634464573,-0.26879507660873614,-0.7533928960948355,0.79990727531087
2,3,73.5,0.5168321377486566,2.3946207745884207,-0.2404860199986958,-0.7626530988853482,0.7996707291468395
2,3,73.60000000000001,0.4946589072512989,2.3177681436693853,-0.1930578749005054,-0.7756065888739769,0.799272746792874
2,3,73.7,0.4782205627685542,2.2394994568136233,-0.12832299964780214,-0.7885366907565867,0.7989098227634698
2,3,73.8,0.4689943073217399,2.1600608055180768,-0.05684079621649252,-0.7969214360498746,0.7989459627223353
2,3,73.9,0.4668524035252565,2.080115169603646,0.011889414432697532,-0.7989700591773747,0.7990585170295414
2,3,74.0,0.4713721902082785,2.0002667936825995,0.07627345235720906,-0.7955149226725666,0.7991630820609941
2,3,74.10000000000001,0.48210709399669943,1.9210121850691306,0.136250525221008,-0.7875593252424462,0.7992583414637208
2,3,74.2,0.49862229525247964,1.8427549286341078,0.19204759903651336,-0.7759333968426763,0.7993465560265481
2,3,74.3,0.5205166138039999,1.7658255057006043,0.24444057873518288,-0.7611135443478894,0.7994029171339054
2,3,74.4,0.5475104109995176,1.690532219764528,0.2935627689386391,-0.7436032677940787,0.7994528874054763
2,3,74.5,0.5792291675917279,1.617104852141786,0.3394505288154268,-0.7238373565555687,0.7994793182180677
2,3,74.60000000000001,0.6154005167626045,1.5457647484534125,0.38304396011589414,-0.7017666230325448,0.7994992611527346
2,3,74.7,0.6558379596149072,1.4767515275352745,0.42496677562155716,-0.6772066693285383,0.7995033667003756
2,3,74.8,0.7003938718869112,1.4103234145877126,0.4651324275075739,-0.6502739663681671,0.7995025994049529
2,3,74.9,0.7488644451164239,1.3466967342616396,0.5037134099378062,-0.6208496590200392,0.7994882728698849
2,3,75.0,0.8011365538744732,1.2861534827837027,0.5415229985219883,-0.5881166905030017,0.7994550641383472
2,3,75.10000000000001,0.8571690448208236,1.229073396161038,0.5784304147963439,-0.5518016909096115,0.7994165690378058
2,3,75.2,0.9168226368337431,1.1757931446017782,0.614122372438425,-0.5116765839482031,0.799349244629844
2,3,75.3,0.9799935193085016,1.1267380793714032,0.6487184396620291,-0.46690152995098266,0.7992700748984076
2,3,75.4,1.0465663247661512,1.082412838611581,0.6819275249521315,-0.4167267698652166,0.7991785470153945
2,3,75.5,1.1163790242989295,1.043392725398358,0.7131391076788978,-0.36047918788726996,0.7990698541435036
2,3,75.60000000000001,1.1891941463019333,1.010317001034127,0.7416074961659547,-0.29797329441247733,0.7992307317368129
2,3,75.67424953281188,1.2449999999999999,0.99,0.7515987183307943,-0.27363136527206766,0.7998592110222575
10,1,0.0,4.1099999999999985,9.24,0.4527064405749748,-0.6595884161065335,0.799999999999993
10,1,0.1,4.155270644057496,9.174041158389347,0.4527064405749641,-0.6595884161065513,0.8000000000000016
10,1,0.2,4.200541288114992,9.10808231677869,0.4527064405749677,-0.6595884161065584,0.8000000000000095
10,1,0.30000000000000004,4.24581193217249,9.042123475168037,0.4527064405749677,-0.6595884161065442,0.7999999999999977
10,1,0.4,4.291082576229986,8.976164633557381,0.45270644057496057,-0.6595884161065513,0.7999999999999996
10,1,0.5,4.336353220287482,8.910205791946726,0.4527064405749819,-0.6595884161065371,0.7999999999999999
10,1,0.6000000000000001,4.381623864344982,8.844246950336073,0.4527064405749712,-0.6595884161065513,0.8000000000000056
10,1,0.7000000000000001,4.426894508402477,8.778288108725418,0.4527064405749712,-0.6595884161065371,0.7999999999999939
10,1,0.8,4.472165152459976,8.712329267114765,0.4527064405749819,-0.6595884161065371,0.7999999999999999
10,1,0.9,4.517435796517473,8.646370425504111,0.4527064405749819,-0.6595884161065371,0.7999999999999999
10,1,1.0,4.5627064405749715,8.580411583893458,0.4527064405749819,-0.6595884161065442,0.8000000000000058
10,1,1.1,4.607977084632469,8.514452742282803,0.4527064405749677,-0.6595884161065513,0.8000000000000036
10,1,1.2000000000000002,4.653247728689966,8.448493900672148,0.4527064405749748,-0.6595884161065371,0.7999999999999959
10,1,1.3,4.698518372747463,8.382535059061494,0.4527064405749712,-0.6595884161065513,0.8000000000000056
10,1,1.4000000000000001,4.743789016804961,8.316576217450839,0.45270644057497833,-0.6595884161065371,0.7999999999999979
10,1,1.5,4.789059660862458,8.250617375840186,0.4527064405749677,-0.6595884161065513,0.8000000000000036
10,1,1.6,4.8343303049199555,8.18465853422953,0.4527064405749677,-0.6595884161065513,0.8000000000000036
10,1,1.7000000000000002,4.879600948977452,8.118699692618875,0.4527064405749748,-0.65958841610653,0.79999999999999
10,1,1.8,4.924871593034949,8.052740851008222,0.4527064405749677,-0.6595884161065513,0.8000000000000036
10,1,1.9000000000000001,4.970142237092446,7.986782009397567,0.4527064405749712,-0.6595884161065442,0.7999999999999997
10,1,2.0,5.015412881149942,7.920823167786912,0.45270644057496057,-0.6595884161065513,0.7999999999999996
10,1,2.1,5.060683525207439,7.854864326176258,0.452706440574957,-0.6595884161065584,0.8000000000000034
10,1,2.2,5.105954169264933,7.788905484565601,0.45270644057496057,-0.6595884161065584,0.8000000000000055
10,1,2.3000000000000003,5.151224813322432,7.7229466429549465,0.4527064405749748,-0.6595884161065371,0.7999999999999959
10,1,2.4000000000000004,5.196495457379928,7.656987801344292,0.4527064405749641,-0.6595884161065513,0.8000000000000016
10,1,2.5,5.241766101437426,7.591028959733638,0.4527064405749748,-0.6595884161065442,0.8000000000000017
10,1,2.6,5.287036745494922,7.525070118122983,0.4527064405749712,-0.6595884161065442,0.7999999999999997
10,1,2.7,5.33230738955242,7.4591112765123295,0.4527064405749712,-0.6595884161065371,0.7999999999999939
10,1,2.8000000000000003,5.377578033609916,7.393152434901674,0.4527064405749712,-0.6595884161065442,0.7999999999999997
10,1,2.9000000000000004,5.422848677667415,7.327193593291021,0.4527064405749712,-0.6595884161065442,0.7999999999999997
10,1,3.0,5.468119321724912,7.261234751680368,0.45270644057497833,-0.65958841610653,0.799999999999992
10,1,3.1,5.51338996578241,7.1952759100697135,0.4527064405749712,-0.6595884161065442,0.7999999999999997
10,1,3.2,5.558660609839906,7.129317068459058,0.45270644057497833,-0.6595884161065371,0.7999999999999979
10,1,3.3000000000000003,5.6039312538974055,7.063358226848406,0.4527064405749819,-0.6595884161065371,0.7999999999999999
10,1,3.4000000000000004,5.649201897954903,6.997399385237751,0.45270644057496057,-0.6595884161065584,0.8000000000000055
10,1,3.5,5.694472542012399,6.9314405436270965,0.45270644057498544,-0.65958841610653,0.799999999999996
10,1,3.6,5.739743186069899,6.865481702016444,0.4527064405749819,-0.6595884161065371,0.7999999999999999
10,1,3.7,5.7850138301273955,6.799522860405789,0.4527064405749641,-0.6595884161065442,0.7999999999999957
10,1,3.8000000000000003,5.830284474184892,6.733564018795135,0.45270644057497833,-0.6595884161065371,0.7999999999999979
10,1,3.9000000000000004,5.875555118242391,6.667605177184481,0.4527064405749712,-0.6595884161065513,0.8000000000000056
10,1,4.0,5.920825762299887,6.601646335573826,0.45270644057496057,-0.6595884161065442,0.7999999999999937
10,1,4.1000000000000005,5.966096406357384,6.535687493963172,0.4527064405749677,-0.6595884161065442,0.7999999999999977
10,1,4.2,6.01136705041488,6.469728652352517,0.4527064405749677,-0.6595884161065513,0.8000000000000036
10,1,4.3,6.056637694472377,6.403769810741863,0.4527064405749712,-0.6595884161065442,0.7999999999999997
10,1,4.4,6.101908338529875,6.337810969131208,0.452706440574957,-0.6595884161065477,0.7999999999999947
10,1,4.5,6.147178982587368,6.271852127520552,0.45270644057495346,-0.6595884161065548,0.7999999999999985
10,1,4.6000000000000005,6.192449626644866,6.205893285909897,0.4527064405749677,-0.6595884161065477,0.8000000000000007
10,1,4.7,6.237720270702362,6.139934444299243,0.4527064405749677,-0.6595884161065442,0.7999999999999977
10,1,4.800000000000001,6.28299091475986,6.073975602688589,0.4527064405749712,-0.6595884161065442,0.7999999999999997
10,1,4.9,6.328261558817356,6.0080167610779345,0.4527064405749712,-0.6595884161065477,0.8000000000000027
10,1,5.0,6.373532202874854,5.94205791946728,0.4527064405749677,-0.6595884161065477,0.8000000000000007
10,1,5.1000000000000005,6.4188028469323495,5.876099077856624,0.4527064405749712,-0.6595884161065477,0.8000000000000027
10,1,5.2,6.464073490989848,5.810140236245971,0.4527064405749712,-0.6595884161065442,0.7999999999999997
10,1,5.300000000000001,6.5093441350473435,5.744181394635316,0.4527064405749712,-0.6595884161065371,0.7999999999999939
10,1,5.4,6.554614779104841,5.678222553024663,0.45270644057497833,-0.6595884161065406,0.8000000000000008
10,1,5.5,6.5998854231623385,5.612263711414008,0.4527064405749712,-0.6595884161065477,0.8000000000000027
10,1,5.6000000000000005,6.645156067219837,5.546304869803354,0.4527064405749712,-0.6595884161065477,0.8000000000000027
10,1,5.7,6.690426711277333,5.480346028192699,0.4527064405749712,-0.6595884161065477,0.8000000000000027
10,1,5.800000000000001,6.73569735533483,5.414387186582044,0.45270644057497833,-0.6595884161065406,0.8000000000000008
10,1,5.9,6.7809679993923275,5.34842834497139,0.4527064405749712,-0.6595884161065371,0.7999999999999939
10,1,6.0,6.826238643449824,5.282469503360737,0.4527064405749712,-0.6595884161065371,0.7999999999999939
10,1,6.1000000000000005,6.8715092875073225,5.216510661750083,0.4527064405749712,-0.6595884161065442,0.7999999999999997
10,1,6.162934188558245,6.8999999999999995,5.175,0.45270644057496934,-0.6595884161065375,0.7999999999999932
10,2,0.0,5.775000000000001,5.400000000000002,-0.025897351242960553,0.7995807196266025,0.799999999999998
10,2,0.1,5.772410264875705,5.479958071962662,-0.025897351242964106,0.7995807196266007,0.7999999999999964
10,2,0.2,5.769820529751408,5.559916143925323,-0.025897351242957,0.7995807196266007,0.7999999999999962
10,2,0.30000000000000004,5.767230794627114,5.639874215887984,-0.025897351242960553,0.7995807196266078,0.8000000000000034
10,2,0.4,5.764641059502816,5.719832287850644,-0.025897351242978317,0.7995807196266043,0.8000000000000004
10,2,0.5,5.762051324378518,5.799790359813304,-0.025897351242974764,0.7995807196266043,0.8000000000000003
10,2,0.6000000000000001,5.7594615892542205,5.8797484317759645,-0.025897351242974764,0.7995807196266007,0.7999999999999967
10,2,0.7000000000000001,5.7568718541299235,5.959706503738625,-0.025897351242964106,0.7995807196266007,0.7999999999999964
10,2,0.8,5.7542821190056275,6.039664575701285,-0.02589735124296766,0.7995807196266043,0.8
10,2,0.9,5.75169238388133,6.119622647663945,-0.025897351242974764,0.7995807196266078,0.8000000000000037
10,2,1.0,5.749102648757033,6.199580719626606,-0.02589735124296766,0.7995807196266078,0.8000000000000036
10,2,1.1,5.746512913632736,6.279538791589267,-0.02589735124297121,0.7995807196266043,0.8000000000000002
10,2,1.2000000000000002,5.743923178508438,6.359496863551927,-0.025897351242964106,0.7995807196266043,0.7999999999999998
10,2,1.3,5.741333443384142,6.439454935514587,-0.02589735124297121,0.7995807196265936,0.7999999999999895
10,2,1.4000000000000001,5.738743708259845,6.519413007477247,-0.02589735124296766,0.7995807196266114,0.800000000000007
10,2,1.5,5.736153973135548,6.599371079439908,-0.025897351242978317,0.7995807196266043,0.8000000000000004
10,2,1.6,5.73356423801125,6.679329151402568,-0.025897351242964106,0.7995807196265972,0.7999999999999927
10,2,1.7000000000000002,5.730974502886955,6.759287223365228,-0.02589735124296766,0.7995807196266043,0.8
10,2,1.8,5.728384767762656,6.839245295327888,-0.025897351242978317,0.7995807196265972,0.7999999999999932
10,2,1.9000000000000001,5.72579503263836,6.919203367290549,-0.025897351242957,0.7995807196266043,0.7999999999999997
10,2,2.0,5.723205297514064,6.999161439253209,-0.025897351242964106,0.7995807196266043,0.7999999999999998
10,2,2.1,5.720615562389768,7.079119511215869,-0.025897351242960553,0.7995807196266043,0.7999999999999998
10,2,2.2,5.718025827265472,7.159077583178529,-0.025897351242957,0.7995807196265972,0.7999999999999925
10,2,2.3000000000000003,5.715436092141177,7.23903565514119,-0.02589735124296766,0.7995807196265972,0.7999999999999928
10,2,2.4000000000000004,5.712846357016878,7.31899372710385,-0.02589735124297121,0.7995807196265972,0.799999999999993
10,2,2.5,5.710256621892583,7.39895179906651,-0.025897351242949895,0.7995807196266114,0.8000000000000065
10,2,2.6,5.707666886768287,7.478909871029171,-0.025897351242960553,0.7995807196266114,0.8000000000000069
10,2,2.7,5.705077151643991,7.558867942991832,-0.02589735124297121,0.7995807196266114,0.8000000000000073
10,2,2.8000000000000003,5.702487416519693,7.6388260149544935,-0.02589735124297121,0.7995807196266043,0.8000000000000002
10,2,2.9000000000000004,5.699897681395397,7.718784086917154,-0.025897351242964106,0.7995807196266043,0.7999999999999998
10,2,3.0,5.697307946271101,7.798742158879815,-0.025897351242964106,0.7995807196266185,0.800000000000014
10,2,3.1,5.694718211146803,7.878700230842475,-0.02589735124296766,0.7995807196266114,0.800000000000007
10,2,3.2,5.692128476022507,7.958658302805137,-0.02589735124297121,0.7995807196266185,0.8000000000000143
10,2,3.3000000000000003,5.689538740898209,8.038616374767798,-0.02589735124297121,0.7995807196265972,0.799999999999993
10,2,3.4000000000000004,5.686949005773913,8.118574446730458,-0.02589735124296766,0.7995807196265972,0.7999999999999928
10,2,3.5,5.684359270649616,8.198532518693119,-0.025897351242964106,0.7995807196266185,0.800000000000014
10,2,3.6,5.681769535525319,8.27849059065578,-0.025897351242964106,0.7995807196266114,0.8000000000000069
10,2,3.7,5.679179800401023,8.358448662618441,-0.025897351242974764,0.7995807196266043,0.8000000000000003
10,2,3.8000000000000003,5.6765900652767245,8.4384067345811,-0.025897351242974764,0.7995807196265972,0.799999999999993
10,2,3.9000000000000004,5.674000330152428,8.518364806543762,-0.025897351242964106,0.7995807196266043,0.7999999999999998
10,2,4.0,5.671410595028132,8.598322878506423,-0.02589735124296766,0.7995807196266114,0.800000000000007
10,2,4.1000000000000005,5.6688208599038346,8.678280950469084,-0.02589735124297121,0.7995807196266114,0.8000000000000073
10,2,4.2,5.6662311247795385,8.758239022431745,-0.025897351242964106,0.7995807196266043,0.7999999999999998
10,2,4.3,5.6636413896552416,8.838197094394404,-0.025897351242960553,0.7995807196266114,0.8000000000000069
10,2,4.4,5.6610516545309455,8.918155166357067,-0.025897351242978317,0.7995807196266185,0.8000000000000145
10,2,4.5,5.658461919406647,8.998113238319727,-0.025897351242974764,0.79958071962659,0.799999999999986
10,2,4.6000000000000005,5.655872184282351,9.078071310282386,-0.025897351242946343,0.7995807196266469,0.8000000000000419
10,2,4.6336785130714375,5.654999999999999,9.105,-0.025897351242952258,0.799580719626629,0.8000000000000242
11,1,0.0,1.47,5.535,0.06540840315254703,-0.7972913218320787,0.7999698188505048
11,1,0.1,1.4765408403152547,5.455270867816792,0.07636743654923173,-0.7962400659192888,0.7998938854249694
11,1,0.2,1.4852734873098463,5.375751986816143,0.09735616786278989,-0.7939631458829837,0.7999098076916745
11,1,0.30000000000000004,1.4960120738878127,5.296478238640196,0.11695062652157606,-0.7913264919233676,0.7999219123536576
11,1,0.4,1.5086636126141615,5.217486688431469,0.13443672436421306,-0.7885659597406338,0.7999434390751925
11,1,0.5,1.5228994187606553,5.138765046692069,0.14928872137939386,-0.7859023200192468,0.799955985628415
11,1,0.6000000000000001,1.5385213568900402,5.060306224427619,0.16224865774374386,-0.7833413362999089,0.7999676719066674
11,1,0.7000000000000001,1.5553491503094041,4.982096779432088,0.17286576806207776,-0.7810801719569263,0.7999805052574429
11,1,0.8,1.5730945105024559,4.904090190036234,0.18103672224916778,-0.7792346087964219,0.7999880438786788
11,1,0.9,1.5915564947592378,4.826249857672804,0.18703787347770096,-0.7778226580473593,0.7999945334106475
11,1,1.0,1.6105020851979959,4.748525658426762,0.19067231867111278,-0.7769438262199699,0.7999985263791085
11,1,1.1,1.6296909584934602,4.670861092428809,0.1919791145222991,-0.7766233482245042,0.7999998783876192
11,1,1.2000000000000002,1.6488979081024555,4.59320098878186,0.1910015483758709,-0.7768632624177485,0.7999988249843419
11,1,1.3,1.6678912681686342,4.515488439945258,0.1877750595391845,-0.7776461620546264,0.7999956414526486
11,1,1.4000000000000001,1.6864529200102925,4.437671756370936,0.18212067925775166,-0.7789830357738552,0.7999890698233046
11,1,1.5,1.704315404020184,4.359691832790486,0.17420279335501476,-0.7807843379216699,0.7999817470145618
11,1,1.6,1.7212934786812961,4.281514888786603,0.16415832484303472,-0.782946805337911,0.7999710342281849
11,1,1.7000000000000002,1.737147068988791,4.203102471722904,0.15160578317209428,-0.7854597143946584,0.7999570466144807
11,1,1.8,1.7516146353157145,4.1244229459076704,0.13696371281028163,-0.7881331688895159,0.7999455922315014
11,1,1.9000000000000001,1.7645398115508477,4.045475837945001,0.12025976879966649,-0.7908363944609711,0.799927880996642
11,1,2.0,1.7756665890756476,3.9662556670154747,0.10114955644297652,-0.79348871631937,0.7999097297162803
11,1,2.1,1.7847697228394435,3.886778094681128,0.08104537359006869,-0.7957951410410082,0.7999114070225727
11,1,2.2,1.791875663793661,3.807096638807273,0.06342983432805838,-0.7974286414444691,0.7999473620675654
11,1,2.3000000000000003,1.7974556897050553,3.727292366392234,0.05142659962716323,-0.7983281561941205,0.7999828373918508
11,1,2.4000000000000004,1.802160983719094,3.647431007568449,0.04606174594843715,-0.7986714240173178,0.7999985799872827
11,1,2.5,1.806668038894743,3.5675580815887717,0.04714741123585853,-0.7986052632131297,0.7999957780000814
11,1,2.6,1.8115904659662654,3.487709954925822,0.05482044398045893,-0.7980921051182861,0.7999726803649935
11,1,2.7,1.8176321276908347,3.407939660565114,0.06912954472997868,-0.7969385306488697,0.7999311942832042
11,1,2.8000000000000003,1.825416374912261,3.328322248796048,0.08979485746961124,-0.7948152238732185,0.799871462504209
11,1,2.9000000000000004,1.835591099184757,3.2489766157904705,0.11793631533840632,-0.7910264778707603,0.7997698813835268
11,1,3.0,1.8490036379799424,3.170116953221897,0.15348146876845092,-0.7847885994299961,0.7996559929436007
11,1,3.1,1.8662873929384471,3.0920188959044705,0.195215814138459,-0.7753332602016236,0.7995316619525583
11,1,3.2,1.888046800807634,3.0150503011815726,0.24466511292785853,-0.7609537855457411,0.7993195113472431
11,1,3.3000000000000003,1.9152204155240187,2.9398281387953222,0.29976284674320297,-0.7408439728898841,0.7991918145569662
11,1,3.4000000000000004,1.9479993701562746,2.8668815066035953,0.35708253282600744,-0.7148369027072761,0.7990617827937765
11,1,3.5,1.9866369220892204,2.796860758253868,0.4173048659306442,-0.6812512459940621,0.7989033804521389
11,1,3.6,2.031460343342403,2.7306312574047826,0.47606770437991663,-0.6416151170444682,0.7989433131164878
11,1,3.7,2.0818504629652037,2.668537734844974,0.5280588043015602,-0.5997048522985171,0.7990569508306524
11,1,3.8000000000000003,2.137072104202715,2.610690286945079,0.5719642511080529,-0.5582870121597097,0.7992668468614293
11,1,3.9000000000000004,2.196243313186814,2.556880332413032,0.6080844300125499,-0.5189477517912326,0.7994206921970824
11,1,4.0,2.2586889902052256,2.506900736586833,0.6383113883297753,-0.48144864906973517,0.799521250600982
11,1,4.1000000000000005,2.3239055908527693,2.460590602599085,0.6641349814787958,-0.4452611623331837,0.7995828764462994
11,1,4.2,2.391515986500985,2.4178485041201965,0.6866499977765965,-0.40975385241712736,0.7996164324332492
11,1,4.3,2.461235590408088,2.37863983211566,0.7066549055342222,-0.37422550814005184,0.7996285928218553
11,1,4.4,2.5328469676078296,2.343003402492186,0.7247220086539308,-0.3378962550105449,0.7996223289638298
11,1,4.5,2.6061799921388746,2.311060581113551,0.7412383725248954,-0.2998699774326852,0.7995976039664169
11,1,4.6000000000000005,2.681094642112809,2.2830294070056487,0.7564160513606879,-0.2590723668639736,0.7995522084445744
11,1,4.7,2.7574632024110124,2.259246107740756,0.7702646699541535,-0.21416375688506228,0.7994834435700999
11,1,4.800000000000001,2.8351475761036395,2.2401966556286363,0.7827007503140155,-0.16204505360532018,0.799299107931489
11,1,4.9,2.9140033524738156,2.226837097019692,0.7926550465794389,-0.10082444818915448,0.7990416711414366
11,1,5.0,2.9936785854195267,2.2200317659908055,0.7980961663304189,-0.028331628993177205,0.7985988804855155
11,1,5.1000000000000005,3.0736225857398995,2.2211707712210567,0.794918318849076,0.06490406782382863,0.7975635847140474
11,1,5.2,3.152662249189342,2.233012579555571,0.7742260033243689,0.18449009811221373,0.7959035748915065
11,1,5.300000000000001,3.228467786404773,2.2580687908434993,0.7202730968145268,0.331527493063529,0.792908451620852
11,1,5.4,3.296716868552247,2.2993180781682767,0.6218005073387651,0.48979576784715206,0.7915401222475883
11,1,5.5,3.3528278878725253,2.3560279444129293,0.49697587187330683,0.619152978810952,0.7939366652288511
11,1,5.6000000000000005,3.3961120429269083,2.4231486739304673,0.3798733199862845,0.7003436643844179,0.7967339502498912
11,1,5.7,3.4288025518697824,2.4960966772898128,0.2863478989449284,0.7452448120871527,0.7983639202600468
11,1,5.800000000000001,3.4533816227158938,2.572197636347898,0.2181120015178024,0.7689312507558803,0.7992672354069722
11,1,5.9,3.4724249521733426,2.649882927440989,0.16986100396501413,0.7813683505740663,0.7996181963580116
11,1,6.0,3.4873538235088963,2.7284713064627106,0.13600281604336573,0.788190675048547,0.7998383000364572
11,1,6.1000000000000005,3.4996255153820157,2.8075210624506988,0.11406961660741288,0.7917538709414185,0.7999287903205401
11,1,6.2,3.5101677468303785,2.8868220806509943,0.10064367726847223,0.7936213669441763,0.7999775145867934
11,1,6.300000000000001,3.51975425083571,2.966245335839534,0.09444636161446951,0.7944026175635823,0.7999972712541477
11,1,6.4,3.5290570191532726,3.045702604163711,0.09467722688368596,0.7943751019312746,0.7999972374069225
11,1,6.5,3.538689696212447,3.1251203562257883,0.1009355206232172,0.7935887719914252,0.799981948767807
11,1,6.6000000000000005,3.5492441232779166,3.2044203585619964,0.11321988679550898,0.7918982585829397,0.7999509951945059
11,1,6.7,3.5613336735715495,3.283500007942376,0.13193769906605723,0.7889406499616669,0.7998968093427945
11,1,6.800000000000001,3.5756316630911282,3.3622084885543297,0.15757684336801248,0.7841331470296602,0.7998095109689969
11,1,6.9,3.5928490422451516,3.440326637348308,0.1908536511325778,0.7765602240907938,0.7996692427438857
11,1,7.0,3.6138023933176435,3.517520533372488,0.23279256657336944,0.7648163473906884,0.799460082985918
11,1,7.1000000000000005,3.639407555559826,3.5932899068264454,0.28428388078534184,0.7469027327250508,0.7991752104679694
11,1,7.2,3.6706591694747117,3.6669010799174986,0.3464050396006577,0.7197485712300349,0.7987705911263946
11,1,7.300000000000001,3.708688563479957,3.737239621072452,0.41410272875497967,0.6829257475867969,0.798666793274458
11,1,7.4,3.7534797152257076,3.803486229434858,0.47386958979129545,0.6434094770148171,0.7990795600198087
11,1,7.5,3.803462481438215,3.865921516475415,0.5194457931871881,0.6076520509632957,0.7994153783232887
11,1,7.6000000000000005,3.8573688738631455,3.925016639627517,0.5519841450677987,0.5786756289239428,0.7997199384264152
11,1,7.7,3.9138593104517745,3.9816566422602038,0.5717495713916243,0.5594293209188237,0.7999117060589889
11,1,7.800000000000001,3.9717187881414704,4.036902503811281,0.5802649933102728,0.5507058466320629,0.7999902449255917
11,1,7.9,4.029912309113829,4.091797811586616,0.5782412769713154,0.5528014902290685,0.7999702881938157
11,1,8.0,4.087367043535733,4.1474628018570945,0.5655759525056006,0.5655915823467197,0.7998562346285009
11,1,8.1,4.1430274996149485,4.2049161280559595,0.540613976648018,0.589144334128072,0.7995964720922629
11,1,8.200000000000001,4.195489838865337,4.26529166868271,0.5022228410044285,0.6217692263860606,0.7992651330486522
11,1,8.3,4.243472067815834,4.329269973333171,0.4501592844585929,0.6599636995283724,0.7988713701713488
11,1,8.4,4.285521695757056,4.3972844085883835,0.3818447910885361,0.7011314030677589,0.7983675149010085
11,1,8.5,4.319841026033541,4.469496253946723,0.3012609163208957,0.7391411077071872,0.798177747625874
11,1,8.6,4.345773879021235,4.545112630129821,0.45876612989340515,0.3569975596607655,0.5813033799498456
11,1,8.700000000000001,4.4115942520122235,4.540895765878875,0.7190512812724315,-0.10992090159779266,0.7274045296171842
11,1,8.8,4.489584135275722,4.523128449810263,0.7832164586197763,-0.16181460939109016,0.7997574562736472
11,1,8.9,4.568237543736179,4.508532844000657,0.7883453707699424,-0.1354747684309281,0.7999011417017803
11,1,9.0,4.64725320942971,4.4960334961240775,0.7912761420988979,-0.11746776616444166,0.7999478790162389
11,1,9.1,4.726492772155957,4.4850392907677685,0.7932063058344632,-0.10376024427112895,0.7999640191325859
11,1,9.200000000000001,4.805894470596604,4.475281447269852,0.7946370327109449,-0.09225717559458957,0.799974624725276
11,1,9.3,4.885420178698147,4.466587855648851,0.7957805350578226,-0.08184632887688892,0.799978425663804
11,1,9.4,4.965050577608168,4.458912181494474,0.7966884662886571,-0.0725253098808274,0.7999827703711392
11,1,9.5,5.044757871955878,4.452082793672686,0.797413193081141,-0.06407354877527638,0.7999832624202327
11,1,9.600000000000001,5.124533216224397,4.446097471739419,0.7980332723159265,-0.05584500006789028,0.7999848547040427
11,1,9.700000000000001,5.204364526419064,4.440913793659107,0.7985459450497281,-0.04797219129673991,0.7999855983036035
11,1,9.8,5.284242405234342,4.436503033480071,0.798964808929437,-0.04042547087484749,0.7999868652691148
11,1,9.9,5.364157488204951,4.432828699484138,0.7993138965157875,-0.03277479208927758,0.7999855574694749
11,1,10.0,5.4441051845374995,4.4299480750622156,0.799586308197064,-0.02535730112090917,0.7999882855244486
11,1,10.100000000000001,5.524074749844364,4.4277572392599565,0.799783376889657,-0.01799696762844505,0.7999858378701729
11,1,10.200000000000001,5.604061859915431,4.426348681536527,0.7999199744559462,-0.01028079665553605,0.7999860375740779
11,1,10.3,5.684058744735553,4.425701079928849,0.7999817691390341,-0.002885191120309827,0.7999869719455558
11,1,10.4,5.764058213743238,4.425771643312465,0.799971891618263,0.004634579421729512,0.7999853165563217
11,1,10.5,5.844053123059205,4.426627995813195,0.7998824096217092,0.012743245507856216,0.7999839120434268
11,1,10.600000000000001,5.92403469566758,4.428320292414036,0.7997144717367775,0.02079256043301214,0.7999847291508716
11,1,10.700000000000001,6.003996017406561,4.430786507899797,0.7994709767613308,0.02864640668888896,0.7999840369031758
11,1,10.8,6.083928891019846,4.434049573751814,0.7991142305991659,0.03722864631370015,0.7999809533060444
11,1,10.9,6.1638188635263935,4.438232237162537,0.7986367643674868,0.04634580562669299,0.79998038419611
11,1,11.0,6.2436562438933425,4.443318734877153,0.7980643895780339,0.055318655653788795,0.79997932696783
11,1,11.100000000000001,6.323431741442001,4.449295968293295,0.7973816891132728,0.06440328168385179,0.7999783377222071
11,1,11.200000000000001,6.403132581715997,4.456199391213923,0.7965022849953876,0.07444381113963416,0.7999736064520298
11,1,11.3,6.482732198441079,4.464184730521222,0.7954214590531592,0.08520720153381234,0.7999722274651041
11,1,11.4,6.56221687352663,4.473240831520686,0.794200069931712,0.09590725019362978,0.7999699692608715
11,1,11.5,6.64157221242742,4.483366180559948,0.7927986446325264,0.10686160034513748,0.7999681822169521
11,1,11.600000000000001,6.720776602453135,4.494613151589713,0.7910217386962088,0.11924280653781949,0.7999588976947435
11,1,11.700000000000001,6.799776560166663,4.507214741867512,0.7889019195428162,0.13253573989096168,0.799957474498979
11,1,11.8,6.878556986361698,4.521120299567905,0.7865675695085272,0.14572609893773958,0.7999528969346656
11,1,11.9,6.957090074068368,4.53635996165506,0.7838041476265474,0.15987800573364552,0.799943697114957
11,1,12.0,7.035317815887008,4.553095900714634,0.7803412590623964,0.17594125373064884,0.799929875276201
11,1,12.100000000000001,7.113158325880848,4.57154821240119,0.7763910799358982,0.19262754761079037,0.7999302976526002
11,1,12.200000000000001,7.190596031874189,4.591621410236793,0.771893891857026,0.20985751931476315,0.799912719425771
11,1,12.3,7.267537104252253,4.613519716264142,0.7661912706919551,0.22971632357447902,0.7998866498455438
11,1,12.4,7.34383428601258,4.637564674951689,0.7596663538181261,0.25046512097551954,0.7998910838036688
11,1,12.5,7.419470375015877,4.6636127404592465,0.7518402663521258,0.27290710946670416,0.7998387815715784
11,1,12.600000000000001,7.494202339283006,4.69214609684503,0.742297512980862,0.2978480557974912,0.799824394551653
11,1,12.700000000000001,7.567929877612048,4.723182351618745,0.7310926273240241,0.32426213849629093,0.7997764463834455
11,1,12.8,7.64042086474781,4.756998524544288,0.7173224169768702,0.35356399855464815,0.7997242968495393
11,1,12.9,7.711394361007422,4.793895151329674,0.7006591914523312,0.3854041657945615,0.799662224678918
11,1,13.0,7.780552703038276,4.8340793577032,0.6806985353839465,0.4195264890977022,0.7995955046950266
11,1,13.100000000000001,7.84753406808421,4.877800449149215,0.6557681306554741,0.45728223894172615,0.799461623365958
11,1,13.200000000000001,7.911706329169371,4.925535805491546,0.6261544622669248,0.49694351898821054,0.7993886862354056
11,1,13.3,7.972764960537594,4.977189152946857,0.5902654166865062,0.5388156538426401,0.7992093411378314
11,1,13.4,8.029759412506673,5.033298936260074,0.5460800499239156,0.5833312412811793,0.7990486580800618
11,1,13.5,8.081980970522377,5.0938554012030925,0.4953479235863867,0.6267440234395956,0.7988602107494134
11,1,13.600000000000001,8.128828997223952,5.158647740947994,0.43836539173707934,0.6677900307395177,0.798816463167785
11,1,13.700000000000001,8.169654048869793,5.227413407350997,0.3748827160911219,0.705416538452841,0.7988426275222456
11,1,13.8,8.203805540442175,5.299731048638562,0.3116249056423612,0.7357805829520778,0.7990514051460706
11,1,13.9,8.231979029998264,5.374569523941412,0.25389560289179514,0.7577532696651659,0.7991576783439159
11,1,14.0,8.254584661020536,5.4512817025715945,0.19931305822984768,0.7740681915741767,0.7993167459698632
11,1,14.100000000000001,8.271841641644235,5.529383162256249,0.14818897845879775,0.7856036194845686,0.7994579540438114
11,1,14.200000000000001,8.284222456712296,5.608402426468509,0.10361400496934436,0.7928524406361035,0.7995941812247094
11,1,14.3,8.292564442638103,5.687953650383469,0.0634459207836997,0.7971264531813773,0.7996474018125826
11,1,14.4,8.296911640869036,5.767827717104784,0.0272432993352254,0.7992866862932928,0.7997508388519398
11,1,14.5,8.298013102505148,5.847810987642127,-0.0039121040306184796,0.7997794472566397,0.7997890151859317
11,1,14.600000000000001,8.296129220062912,5.927783606556113,-0.03202337961672441,0.7991958367763452,0.799837159903639
11,1,14.700000000000001,8.291608426581803,6.007650154997397,-0.05667680366545369,0.7978619598474772,0.7998724692383091
11,1,14.8,8.284793859329822,6.087355998525608,-0.07840888713504768,0.796047138784651,0.7998993691390099
11,1,14.9,8.275926649154794,6.166859582754326,-0.0977809244192116,0.7939205996765146,0.7999193882954657
11,1,15.0,8.265237674445979,6.24614011846091,-0.11458243661949297,0.7916926412589795,0.7999414809880029
11,1,15.100000000000001,8.253010161830895,6.325198111006124,-0.1296763635874214,0.7893679190605063,0.7999485426670712
11,1,15.200000000000001,8.239302401728494,6.404013702273012,-0.14266638827434974,0.7871445817852987,0.7999689312574584
11,1,15.3,8.224476884176026,6.482627027363184,-0.15419613327274817,0.7849676257066491,0.7999691374820663
11,1,15.4,8.208463175073945,6.561007227414342,-0.16434400531689164,0.7829193059049686,0.7999822445794134
11,1,15.5,8.191608083112648,6.639210888544176,-0.17259362052704574,0.7811438807723334,0.7999839500356837
11,1,15.600000000000001,8.173944450968536,6.717236003568809,-0.17986988449060703,0.7795060966377392,0.7999893312051535
11,1,15.700000000000001,8.155634106214526,6.7951121078717245,-0.18561225095648837,0.7781630247644387,0.7999935004833945
11,1,15.8,8.136822000777238,6.872868608521697,-0.19021882959897596,0.7770521067225573,0.7999957372986238
11,1,15.9,8.117590340294731,6.9505225292162365,-0.19352381284041797,0.7762384423025566,0.799998490901447
11,1,16.0,8.098117238209156,7.0281162969822075,-0.19547523533868372,0.7757503138308266,0.7999994481493969
11,1,16.1,8.078495293226995,7.105672591982402,-0.19653835645771522,0.7754821143425445,0.7999998970151704
11,1,16.2,8.058809566917613,7.183212719850715,-0.19759694438269548,0.7752126448144878,0.7999994981933747
11,1,16.3,8.038975904350455,7.260715120945299,-0.19930360388536883,0.774775147747242,0.7999990350547035
11,1,16.400000000000002,8.018948846140539,7.338167749400165,-0.20188191765547714,0.7741058786454573,0.7999976375150794
11,1,16.5,7.99859952081936,7.415536296674391,-0.20530651831527535,0.7732035443843728,0.7999965546871419
11,1,16.6,7.977887542477484,7.492808458277039,-0.20955887460229405,0.7720595042647957,0.7999942500106999
11,1,16.7,7.956687745898901,7.569948197527349,-0.21481690498610106,0.7706106252937133,0.7999918990110934
11,1,16.8,7.934924161480264,7.646930583335781,-0.2207731079061901,0.7689233859980291,0.7999899616302897
11,1,16.900000000000002,7.9125331243176635,7.723732874726958,-0.2278620848975379,0.7668477798730962,0.7999854043856983
11,1,17.0,7.8893517445007575,7.8003001393104,-0.23568487844841712,0.764478297046864,0.7999840177059279
11,1,17.1,7.8653961486279815,7.87662853413633,-0.24423190339312129,0.7617851883135103,0.7999786845715811
11,1,17.2,7.840505363822132,7.952657176973101,-0.2537234889100972,0.7586736724505982,0.7999758434442817
11,1,17.3,7.814651450845963,8.02836326862645,-0.2634507278493601,0.7553494192607957,0.7999743940789473
11,1,17.400000000000002,7.78781521825226,8.103727060825262,-0.27332922479845223,0.7518332109935315,0.7999762760743389
11,1,17.5,7.759985605886272,8.178729910825155,-0.2815439631552721,0.7488085380591087,0.7999882685761067
11,1,17.6,7.731506425621205,8.253488768437084,-0.2872624465346405,0.7466392568051674,0.7999936830948353
11,1,17.7,7.702533116579345,8.328057762186187,-0.2908334416675231,0.7452608480429674,0.7999986390100295
11,1,17.8,7.673339737287702,8.402540938045677,-0.29202753303216866,0.7447950736714546,0.7999998636338145
11,1,17.900000000000002,7.6441276099729105,8.47701677692048,-0.29103210795200596,0.7451832230302813,0.7999985773392263
11,1,18.0,7.6151333156973005,8.551577582651733,-0.28795413610833975,0.7463749194087441,0.7999956905035861
11,1,18.1,7.586536782751242,8.626291760802228,-0.2824735831188221,0.7484579554107498,0.7999878975194725
11,1,18.2,7.558638599073536,8.701269173733882,-0.2749656808642129,0.7512426417714053,0.7999822700965317
11,1,18.3,7.531543646578399,8.77654028915651,-0.2650426812667419,0.75478382821845,0.7999664056903655
11,1,18.400000000000002,7.505630062820186,8.852225939377576,-0.2527674816522918,0.7589720469804249,0.7999562287266085
11,1,18.5,7.4809901502479415,8.928334698552595,-0.23836766451017155,0.7635950439025265,0.7999353314840739
11,1,18.6,7.457956529918152,9.00494494815808,-0.22146222964941842,0.7686534971834149,0.7999210697897549
11,1,18.7,7.436697704318057,9.082065397989277,-0.2042902300371381,0.7734032520028151,0.7999294270728867
11,1,18.8,7.417098483910724,9.159625598558643,-0.1878168343780331,0.7775769577930873,0.7999381779653589
11,1,18.900000000000002,7.39913433744245,9.237580789547897,-0.1732827367444827,0.7809655825448942,0.7999588414245721
11,1,19.0,7.382441936561828,9.315818715067621,-0.1604624604096756,0.7837045884040137,0.7999631760813939
11,1,19.1,7.367041845360515,9.394321707228698,-0.1492640754888086,0.7859293382840917,0.7999779303250804
11,1,19.200000000000003,7.3525891214640655,9.473004582724442,-0.1402500939687954,0.7875925497835894,0.7999825706431807
11,1,19.3,7.338991826566756,9.551840217185417,-0.13277053088830826,0.7888956143895385,0.7999901901119855
11,1,19.400000000000002,7.326035015286403,9.630783705602349,-0.12728774520213193,0.7898033942450695,0.799994732257454
11,1,19.5,7.31353427752633,9.70980089603443,-0.12354050197851763,0.7904015096640933,0.7999980013152419
11,1,19.6,7.301326914890699,9.788864007535167,-0.1215982438980916,0.7907043655774402,0.7999997041638965
11,1,19.700000000000003,7.289214628746712,9.86794176914992,-0.12157670625659023,0.790707717927809,0.7999997441842122
11,1,19.8,7.27701157363938,9.947005551120728,-0.1233014828797181,0.7904391206357815,0.799998286943044
11,1,19.900000000000002,7.264554332170768,10.026029593277077,-0.12688058742899955,0.7898692291880707,0.7999950516624993
11,1,20.0,7.25163545615358,10.104979396958342,-0.1323413242889515,0.7889676824164624,0.7999901436968816
11,1,20.1,7.2380860673129765,10.183823129760368,-0.13946199037756912,0.7877346892333534,0.799984741968021
11,1,20.200000000000003,7.223743058078066,10.262526334805015,-0.14866302368773177,0.7860397664390533,0.7999745052409736
11,1,20.3,7.208353462575431,10.341031083048179,-0.159334570838368,0.7839423376439498,0.7999706833471508
11,1,20.400000000000002,7.191876143910393,10.419314802333805,-0.17222489604656488,0.7811925047661532,0.7999519637584912
11,1,20.5,7.1739084833661195,10.497269584001408,-0.18684502808668668,0.7778205936347007,0.7999474610266307
11,1,20.6,7.154507138293055,10.574878921060744,-0.20285349959517873,0.7737767878913147,0.7999250338484298
11,1,20.700000000000003,7.133337783447082,10.652024941579674,-0.22095871705044345,0.7687887924359273,0.7999118464028829
11,1,20.8,7.110315394882966,10.728636679547929,-0.24013053767408366,0.7630036001025928,0.7998982240842656
11,1,20.900000000000002,7.085311675912265,10.804625661600193,-0.26134574690379964,0.7559714791379122,0.7998715376200529
11,1,21.0,7.058046245502205,10.87983097537551,-0.28326764900415213,0.7480391832156741,0.7998769784150013
11,1,21.1,7.028658146111434,10.954233498243326,-0.30696652074102815,0.7385820093306492,0.7998323757905472
11,1,21.200000000000003,6.996652941353998,11.027547377241643,-0.3313397181061788,0.7279959793268844,0.799852583111908
11,1,21.3,6.962390202490199,11.099832694108702,-0.356289260809433,0.7160570853819266,0.7997998417690465
11,1,21.400000000000002,6.925395089192112,11.170758794318028,-0.2512094583996216,0.16053632668297269,0.2981243099351231
11,1,21.5,6.912148310810274,11.131939959445301,-0.07607072814416682,-0.5939579054591206,0.5988094430933513
11,1,21.6,6.9101809435632795,11.0519672132262,-0.010008732333915304,-0.7998478321507747,0.7999104508126056
11,1,21.700000000000003,6.910146564343491,10.971970393015143,0.010767623164113616,-0.7998168256714848,0.799889302551181
11,1,21.8,6.912334468196103,10.892003848091905,0.031528212323713944,-0.7992877941329439,0.799909373630686
11,1,21.900000000000002,6.916452206808233,10.812112834188554,0.05114005866408178,-0.7982694716742742,0.7999059038457528
11,1,22.0,6.922562479928919,10.732349953757051,0.07053539651146679,-0.7967983182513763,0.799914246734768
11,1,22.1,6.930559286110526,10.652753170538277,0.0888069739604731,-0.7949787122944727,0.7999236411216974
11,1,22.200000000000003,6.940323874721015,10.573354211298154,0.10659036250368814,-0.7927911292316878,0.7999245464211748
11,1,22.3,6.951877358611264,10.494194944691941,0.12327166333672324,-0.7903853559822309,0.7999405690005729
11,1,22.400000000000002,6.96497820738836,10.415277140101708,0.13927963631346785,-0.7877185874467827,0.7999371163415074
11,1,22.5,6.979733285873956,10.336651227202585,0.15421273266061775,-0.7849507280116939,0.7999557564770338
11,1,22.6,6.995820753920484,10.258286994499368,0.16835529933872095,-0.7820336409883879,0.7999500749752981
11,1,22.700000000000003,7.0134043457417015,10.180244499004905,0.18153242433735528,-0.7790982516877492,0.7999675661354684
11,1,22.8,7.032127238787955,10.10246734416182,0.19370629386489213,-0.7761556379640453,0.799962313253722
11,1,22.900000000000002,7.052145604514679,10.025013371412097,0.20510433466496636,-0.7732350921152431,0.7999751844756354
11,1,23.0,7.073148105720949,9.947820325738771,0.21532281703374423,-0.7704499852589706,0.7999731841261275
11,1,23.1,7.095210167921428,9.870923374360304,0.22484648121976392,-0.7677329520929348,0.7999811409316111
11,1,23.200000000000003,7.118117401964902,9.794273735320182,0.23326073931061586,-0.7652196647334861,0.7999823171786761
11,1,23.3,7.141862315783551,9.717879441413608,0.2409511305063674,-0.7628378536016811,0.799986898755171
11,1,23.400000000000002,7.166307628066176,9.641706164599846,0.24761026838949363,-0.7607051897585109,0.7999895191422505
11,1,23.5,7.191384369461449,9.565738403461905,0.2535151162861524,-0.7587603535707785,0.799991992670198
11,1,23.6,7.217010651323405,9.489954093885691,0.25847069666895095,-0.7570894754010169,0.7999947342323697
11,1,23.700000000000003,7.243078508795241,9.4143205083817,0.26263481213108264,-0.7556564190226567,0.799996042586008
11,1,23.8,7.2695376137496215,9.33882281008116,0.26593144729475426,-0.7545046929559192,0.7999980414680954
11,1,23.900000000000002,7.296264798254193,9.263419569790516,0.2683898854424882,-0.7536344427068045,0.7999987524001694
11,1,24.0,7.323215590838119,9.1880959215398,0.2700609426030667,-0.7530382125224833,0.7999996638991254
11,1,24.1,7.350276986774806,9.112811927286021,0.27083232418963377,-0.7527614117849808,0.7999999318115448
11,1,24.200000000000003,7.377382055676047,9.0375436391828,0.2708519363294286,-0.7527543731960407,0.7999999486119764
11,1,24.3,7.404447374040692,8.962261052646813,0.26997984997353797,-0.7530671330216165,0.7999995163930608
11,1,24.400000000000002,7.431378025670755,8.886930212578479,0.2683148443385548,-0.7536613400775352,0.7999989195117009
11,1,24.5,7.4581103429084035,8.811528784631307,0.2658130600351427,-0.7545459087164943,0.799997569525087
11,1,24.6,7.484540637677784,8.73602103083518,0.262442187380735,-0.7557235833105977,0.7999962725469381
11,1,24.700000000000003,7.5105987803845515,8.660384067969185,0.2582760295937305,-0.7571554057997147,0.7999942599759278
11,1,24.8,7.536195843596531,8.584589949675237,0.2531619990248757,-0.758878018319038,0.7999917777315598
11,1,24.900000000000002,7.561231180189527,8.508608464305377,0.24728055983303676,-0.7608127473450779,0.7999898198065432
11,1,25.0,7.5856519555631365,8.43242740020622,0.24037345422419776,-0.7630184289947479,0.7999853251662093
11,1,25.1,7.6093058710343655,8.356004778506428,0.23271470324383614,-0.7653881785087293,0.7999844979165391
11,1,25.200000000000003,7.632194896211904,8.279349764504472,0.22395768018777318,-0.7679882770038731,0.7999768972479558
11,1,25.3,7.654097407071921,8.202407123105653,0.21445655120874818,-0.770697114169252,0.799978533552722
11,1,25.400000000000002,7.675086206453654,8.125210341670622,0.20379431136392157,-0.7735724705452043,0.7999665546319458
11,1,25.5,7.694856269344707,8.047692628996613,0.1923237446938728,-0.7765083254931398,0.7999710009326799
11,1,25.6,7.713550955392427,7.969908676571994,0.17978483530242073,-0.7794899250548895,0.7999544551202873
11,1,25.700000000000003,7.730813236405192,7.891794643985632,0.16629987336892071,-0.7824836311261194,0.7999601745479809
11,1,25.8,7.7468109300662125,7.813411950346771,0.1519321903219506,-0.7853812342081312,0.7999419188305567
11,1,25.900000000000002,7.761199674469583,7.734718397144006,0.1370670892447663,-0.7881235798895148,0.7999538512513688
11,1,26.0,7.774224347915166,7.655787234368869,0.12310121707940169,-0.7904248198585009,0.7999533145720278
11,1,26.1,7.785819917885462,7.576633433172304,0.11027850013582707,-0.7923303967976452,0.7999680026611824
11,1,26.200000000000003,7.796280047942332,7.497321155009338,0.0990918359357238,-0.7938108299482352,0.7999717655593966
11,1,26.3,7.8056382850726065,7.417871267182659,0.08916263167633076,-0.7949963270744718,0.7999807091107569
11,1,26.400000000000002,7.814112574277598,7.338321889594444,0.08082939355192309,-0.7958915636551822,0.7999854823429376
11,1,26.5,7.821804163782991,7.2586929544516225,0.07380442230555673,-0.7965787740649475,0.79999052247053
11,1,26.6,7.828873458738709,7.1790061347814556,0.06830294533200032,-0.7970733241301033,0.7999944852190164
11,1,26.700000000000003,7.835464752849392,7.0992782896256,0.06416202206145272,-0.7974198797853376,0.7999970185893673
11,1,26.8,7.841705863150999,7.019522158824389,0.06145118494666235,-0.7976354297082509,0.7999990792852295
11,1,26.900000000000002,7.847754989838724,6.939751203683951,0.06016522619221121,-0.7977342269328318,0.7999998445392865
11,1,27.0,7.853738908389441,6.859975313437823,0.06020472784133091,-0.7977312408935759,0.799999838720017
11,1,27.1,7.859795935406989,6.780204955505235,0.061748344409338074,-0.7976121339675402,0.7999987339299653
11,1,27.200000000000003,7.8660885772713085,6.700452886644313,0.06452356486657607,-0.7973912484301096,0.7999975584312867
11,1,27.3,7.872700648380304,6.620726705819215,0.06886339009621167,-0.7970242091428261,0.7999935977589386
11,1,27.400000000000002,7.8798612552905505,6.541048044815749,0.07447530008926151,-0.7965178545485188,0.7999920392966176
11,1,27.5,7.887595708398156,6.461423134909511,0.0814749828596888,-0.7958248817022131,0.7999846343326402
11,1,27.6,7.896156251862489,6.3818830684753065,0.08987461956902365,-0.7949175573105016,0.7999821061518635
11,1,27.700000000000003,7.905570632311961,6.302439623447409,0.09953761713370568,-0.793755751839857,0.7999724562780351
11,1,27.8,7.9160637752892296,6.2231319181073355,0.11057003852614855,-0.7922906860081298,0.7999689147428836
11,1,27.900000000000002,7.927684640017191,6.143981486245784,0.12155122318824141,-0.7906836583771337,0.7999720916902074
11,1,28.0,7.940374019926878,6.064995186431909,0.13133043302199354,-0.7891270578972396,0.7999807473578958
11,1,28.1,7.953950726621591,5.986156074666337,0.13888711972825263,-0.7878418259792177,0.7999902341833167
11,1,28.200000000000003,7.96815144387253,5.907426821236063,0.1443694173150334,-0.7868601608327808,0.7999946508331615
11,1,28.3,7.982824610084597,5.828784042499782,0.1478058656537442,-0.7862261149040499,0.7999987985483284
11,1,28.400000000000002,7.9977126170032795,5.750181598255254,0.1490126408189525,-0.785999357930379,0.7999998486192396
11,1,28.5,8.012627138248387,5.6715841709137065,0.1482985861806796,-0.7861337892866693,0.7999992533255302
11,1,28.6,8.027372334239415,5.592954840397921,0.1452662706023844,-0.786696030603153,0.7999955837012366
11,1,28.700000000000003,8.041680392368864,5.514244964793074,0.14023264598250051,-0.7876051224599614,0.7999918899116566
11,1,28.8,8.055418863435914,5.435433815905929,0.132962869741597,-0.7888544977525775,0.7999815893846509
11,1,28.900000000000002,8.068272966317183,5.356474065242558,0.12348111830411312,-0.7903871343837814,0.7999746300833797
11,1,29.0,8.080115087096736,5.2773563890291735,0.11178319742850107,-0.7921091867083625,0.7999577781952762
11,1,29.1,8.090629605802883,5.198052227900886,0.09768208215021446,-0.7939593369587712,0.7999457593594785
11,1,29.200000000000003,8.099651503526779,5.118564521637417,0.08134588047220603,-0.7957772398519083,0.7999241012346858
11,1,29.3,8.106898781897325,5.038896779930505,0.06247855976659622,-0.7974608993746379,0.7999046546069816
11,1,29.400000000000002,8.1121472154801,4.95907234176249,0.04141225086301148,-0.7988094150479057,0.7998821513765126
11,1,29.5,8.115181232069927,4.879134896920925,0.018552783659288252,-0.7996554304688956,0.7998706228259063
11,1,29.6,8.115857772211957,4.799141255668712,-0.0033221433165877556,-0.799895401022507,0.7999022997924017
11,1,29.700000000000003,8.11451680340661,4.719155816716421,-0.02239246582262666,-0.7996109096837785,0.7999243898087727
11,1,29.8,8.111379279047432,4.639219073731956,-0.03810850482140893,-0.7990479250848779,0.7999561517496893
11,1,29.900000000000002,8.106895102442328,4.559346231699446,-0.05051146396125006,-0.7983738678661965,0.799970149995073
11,1,30.0,8.101276986255181,4.479544300158718,-0.05969921089352681,-0.7977572672067339,0.7999879081351581
11,1,30.1,8.094955260263623,4.3997947782581,-0.0655536863601256,-0.7973044813717607,0.799994826115078
11,1,30.200000000000003,8.088166248983155,4.320083403884364,-0.06843478494875654,-0.7970671631844368,0.7999996140110746
11,1,30.3,8.081268303273871,4.240381345621214,-0.06791728024489174,-0.7971105731093076,0.7999987641981154
11,1,30.400000000000002,8.074582792934176,4.160661289262502,-0.06459876693815403,-0.7973826214729058,0.7999950285576364
11,1,30.5,8.068348549886242,4.080904821326633,-0.057973955069194005,-0.7978796015787459,0.7999830236210161
11,1,30.6,8.062988001920338,4.001085368946754,-0.0484678234356295,-0.7985046676625807,0.7999742709534574
11,1,30.700000000000003,8.058654985199116,3.921203887794114,-0.036031229757504946,-0.7991385181760435,0.799950386430584
11,1,30.8,8.055781755968837,3.8412576653115456,-0.020640249903472352,-0.7996705852116683,0.7999369129930497
11,1,30.900000000000002,8.054526935218421,3.7612697707517815,-0.004399666067826047,-0.7999241518435696,0.7999362510626472
11,1,31.0,8.054901822755273,3.681272834942832,0.011172600404371735,-0.7998702624757996,0.7999482881992438
11,1,31.1,8.056761455299295,3.6012957182566216,0.024254978131153848,-0.7996010677887604,0.7999688566269743
11,1,31.200000000000003,8.059752818381504,3.5213526213850783,0.0354128880667659,-0.7991895573115961,0.7999737627929645
11,1,31.3,8.063844032912648,3.441457806794303,0.044506992066949636,-0.7987485300141977,0.7999875539923662
11,1,31.400000000000002,8.068654216794895,3.3616029153822398,0.05124981308773613,-0.7983477190547461,0.7999910148629444
11,1,31.5,8.074093995530195,3.281788262983355,0.05622549190993453,-0.7980183712759903,0.7999966417645129
11,1,31.6,8.079899315176883,3.201999241127042,0.05895898863368387,-0.7978235561496092,0.7999991181794612
11,1,31.700000000000003,8.085885793256931,3.1222235517534305,0.05974894527824404,-0.7977655433155082,0.7999998741020843
11,1,31.8,8.09184910423253,3.042446132463941,0.058526317162474584,-0.7978549967936246,0.7999987035671728
11,1,31.900000000000002,8.097591056689426,2.9626525523947063,0.05502167051236739,-0.7981003669997335,0.7999947375021168
11,1,32.0,8.102853438335003,2.882826059063995,0.04958577677854237,-0.798452921430151,0.7999911355753102
11,1,32.1,8.107508212045134,2.8029619681086766,0.041509570449129285,-0.7989009104121614,0.7999785678980729
11,1,32.2,8.111155352424829,2.7230458769815606,0.03129159770317358,-0.799362323624699,0.799974554918777
11,1,32.300000000000004,8.11376653158577,2.6430895033837345,0.0182940156090865,-0.7997388814206534,0.7999480917303718
11,1,32.4,8.114814155546647,2.563098100697433,0.0028133868435915588,-0.7999394703312355,0.7999444176562202
11,1,32.5,8.114329208954489,2.4831016093174907,-0.01588505830392961,-0.799740233499092,0.7998979785913335
11,1,32.6,8.111637143885861,2.4031500539976127,-0.03750207693714458,-0.7990126959766091,0.7998923015671601
11,1,32.7,8.10682879356706,2.3232990701221667,-0.06245743948395699,-0.7973802984235316,0.799822650380003
11,1,32.800000000000004,8.09914565598907,2.243673994312904,-0.0911331814076135,-0.7945901590514381,0.7997992108116029
11,1,32.9,8.088602157285537,2.164381038311882,-0.1226062945917974,-0.7902709811009387,0.7997252822336999
11,1,33.0,8.074624397070709,2.0856197980927194,-0.1586031765941769,-0.7837714430517106,0.7996578284298382
11,1,33.1,8.056881521966702,2.007626749701538,-0.1964891995446365,-0.7751169409044572,0.7996338397133876
11,1,33.2,8.035326557161781,1.9305964099118258,-0.23910084858641767,-0.7629091283479106,0.7994995646723728
11,1,33.300000000000004,8.009061352249416,1.8550449240319533,-0.28408424705219915,-0.7473202303157134,0.799494456555107
11,1,33.4,7.978509707751344,1.7811323638486862,-0.32900947158393734,-0.7285465081474758,0.7993917981351958
11,1,33.5,7.94325945793263,1.7093356224024616,-0.3763594213356427,-0.7051878460101602,0.7993349186595999
11,1,33.6,7.903237823484214,1.6400947946466522,-0.42163283496795856,-0.6791564756954802,0.7993921228047116
11,1,33.7,7.858932890939037,1.5735043272633635,-0.4667114665473946,-0.6488742209665617,0.7992855232279528
11,1,33.800000000000004,7.809895530174734,1.510319950453338,-0.5085674184349145,-0.616860621164002,0.7994734798830989
11,1,33.9,7.757219407252055,1.4501322030305654,-0.5471990270258615,-0.5826890879361732,0.7993455750662157
11,1,34.0,7.700455724769563,1.3937821328661062,-0.582633955665095,-0.5475384678224486,0.7995378040088601
11,1,34.1,7.6406926161190345,1.3406245094660743,-0.6126626374017263,-0.5136446109310713,0.7994912717513374
11,1,34.2,7.577923197289215,1.2910532106798904,-0.6404458936931121,-0.4786743660034416,0.7995624374726252
11,1,34.300000000000004,7.5126034373804105,1.2448896362653845,-0.663485319709288,-0.44635338365826005,0.7996524948831923
11,1,34.4,7.44522613334736,1.2017825339482402,-0.682810987101135,-0.41629807219299053,0.7997092778113973
11,1,34.5,7.376041239960185,1.1616300218267885,-0.7005214358464329,-0.385798219932906,0.7997315478232347
11,1,34.6,7.3051218461780705,1.124622889961658,-0.7157478313570707,-0.35690853256398825,0.7997991364769839
11,1,34.7,7.232891673688768,1.09024831531399,-0.7278843204194558,-0.3314795726045592,0.7998089090317726
11,1,34.800000000000004,7.159544982094178,1.0583269754407452,-0.7382569907843646,-0.3077249114195384,0.7998237340502894
11,1,34.9,7.085240275531898,1.0287033330300834,-0.7471430382944959,-0.2855269445480255,0.7998427068710834
11,1,35.0,7.010116374435281,1.0012215865311413,-0.7547325997669176,-0.2648741819045526,0.7998622565107922
11,1,35.1,6.934293755578514,0.9757284966491722,-0.48482121434856396,-0.21831263516542432,0.5317067016272109
11,1,35.2,6.913152131565566,0.9575590594980558,0.29321217743049033,-0.07423033900089049,0.30246243439759
11,1,35.300000000000004,6.9929361910646115,0.9608824288489938,0.7885505714562555,0.10540001506616825,0.7955634273393515
11,1,35.4,7.070862245856813,0.978639062511288,0.7637853874282712,0.22965805615794999,0.7975656341688767
11,1,35.5,7.145693268550262,1.0068140400805836,0.7321732920405779,0.3190288897927145,0.7986596033980368
11,1,35.6,7.21729690426493,1.0424448404698319,0.7016367497889391,0.38275624747600734,0.799247442058028
11,1,35.7,7.286020618508052,1.0833652895757862,0.6757425218460469,0.42741013336680034,0.7995669940258172
11,1,35.800000000000004,7.352445408634142,1.127926867143193,0.6552130302036616,0.45858687632417006,0.7997537358996356
11,1,35.9,7.417063224548781,1.175082664840618,0.6385206892384687,0.4817337453358004,0.7998600327437464
11,1,36.0,7.480149546481832,1.2242736162103511,0.6258371985991502,0.4982267717826163,0.7999388197052069
11,1,36.1,7.542230664268613,1.2747280191971426,0.6171902564559844,0.5089453476143371,0.7999682365709792
11,1,36.2,7.603587597773032,1.32606268573322,0.6115639909059425,0.5157273434660725,0.799990754803689
11,1,36.300000000000004,7.664543462449804,1.3778734878903587,0.6090175034487757,0.5187444547061171,0.7999988304962241
11,1,36.4,7.725391098462784,1.4298115766744413,0.6094761936903339,0.5182030526178796,0.7999972715064384
11,1,36.5,7.786438701187867,1.4815140984139323,0.6126930720542632,0.5143821098077055,0.7999885970646812
11,1,36.6,7.847929712873639,1.5326879986359838,0.6192010660856937,0.5064837810657279,0.7999598619457703
11,1,36.7,7.9102789144050085,1.5828108546270794,0.6287761716549696,0.49449430221394497,0.7999275523215438
11,1,36.800000000000004,7.973684947204634,1.631586859078774,0.6418731041941896,0.4772404494582396,0.7998496911839046
11,1,36.9,8.038653535243844,1.6782589445187255,0.6593205249240697,0.4526150731094738,0.7997274279353217
11,1,37.0,8.105549052189446,1.7221098737006666,0.6805355370825339,0.4196425539001396,0.799517661015718
11,1,37.1,8.174760642660353,1.7621874552987549,0.7060962647816069,0.3743303645962275,0.799184057021461
11,1,37.2,8.24676830514577,1.7969759466199131,0.7357706130715513,0.3105369387177408,0.7986185480990736
11,1,37.300000000000004,8.321914765274665,1.8242948430423038,0.7662865824146579,0.22120609015443193,0.7975758651753116
11,1,37.4,8.400025621628696,1.8412171646507993,0.789527316166506,0.10079515548437712,0.7959353279897844
11,1,37.5,8.479820228507963,1.8444538741391778,0.7936393976271034,-0.04420390651458739,0.7948694728174319
11,1,37.6,8.558753501154118,1.8323763833478817,0.7743395656238476,-0.18471966803899242,0.7960672827412043
11,1,37.7,8.634688141632735,1.8075099405313788,0.7414442945280157,-0.29436275717461413,0.7977399793789878
11,1,37.800000000000004,8.707042360059724,1.773503831912958,0.7077561616006776,-0.37052095834573073,0.7988770649212326
11,1,37.9,8.776239373952869,1.7334057488622345,0.6800460638908632,-0.4204215475480648,0.7995104293604717
11,1,38.0,8.843051572837894,1.6894195224033466,0.6598505150502945,-0.45199194045763136,0.7998121132183444
11,1,38.1,8.908209476962929,1.643007360770707,0.6473003967294986,-0.4700270950980441,0.7999520446454725
11,1,38.2,8.972511652183796,1.5954141033837363,0.6419155956001887,-0.47742534022743843,0.7999941170821385
11,1,38.300000000000004,9.036592596082968,1.5475222927252181,0.6424591951822407,-0.47668977962548276,0.79999185212951
11,1,38.400000000000006,9.101003491220245,1.5000761474586386,0.6483009277773917,-0.4686418504192167,0.7999495464848857
11,1,38.5,9.166252781638445,1.4537939226413767,0.6584423168535238,-0.45418926308052043,0.7998963503611343
11,1,38.6,9.232691954590946,1.4092382948425366,0.6728490737564954,-0.4323619560809009,0.7997891829232731
11,1,38.7,9.300822596389747,1.3673215314251954,0.6886791441582503,-0.40669244554747674,0.7997985426742958
11,1,38.800000000000004,9.370427783422597,1.3278998057330402,0.7039101687542271,-0.3796590110096645,0.7997690231038215
11,1,38.900000000000006,9.441604630140594,1.2913897292232615,0.7178116081156602,-0.3527856955463049,0.7998195119698446
11,1,39.0,9.513990105045727,1.2573426666237806,0.7300307358875315,-0.3266928412789909,0.7997956538287957
11,1,39.1,9.587610777318098,1.226051160967465,0.7413815345616683,-0.30010286433425293,0.7998176723295362
11,1,39.2,9.662266411958063,1.197322093756929,0.7514313012042635,-0.2739512480467061,0.7998114069803459
11,1,39.300000000000004,9.737897037558952,1.171260911358123,0.7607705035141095,-0.24681651071712452,0.7998063196672606
11,1,39.400000000000006,9.814420512660886,1.1479587916135034,0.7690069570470328,-0.21986846084559986,0.7998211300418051
11,1,39.5,9.891698428968354,1.1272872191890038,0.776600269009549,-0.19117348440691995,0.7997845203340627
11,1,39.6,9.969740566462793,1.1097240947321205,0.7833462746071405,-0.16136991744506712,0.799794746292518
11,1,39.7,10.048367683889785,1.09501323569999,0.7889622244428764,-0.13096545430906925,0.7997583021264816
11,1,39.800000000000004,10.127533011351371,1.0835310038703063,0.793795358816844,-0.09717904915297648,0.7997217261481888
11,1,39.900000000000006,10.207126755653155,1.0755774258693944,0.7973158731128365,-0.06143429066353168,0.7996791691591172
11,1,40.0,10.286996185973935,1.0712441457375999,0.7992876004939404,-0.023199258984494264,0.7996242079381981
11,1,40.1,10.366984275751939,1.070937574072496,0.7992926673680856,0.020252777559338853,0.7995492124361434
11,1,40.2,10.446854719447554,1.0752947012494676,0.7963985560900184,0.06959772330877634,0.7994338642014305
11,1,40.300000000000004,10.526263986969944,1.0848571187342515,0.7894094638915377,0.12494154094109788,0.7992356913540967
11,1,40.400000000000006,10.604736612225864,1.1002830094376876,0.7764912031433866,0.18808970640522915,0.798947010892881
11,1,40.5,10.681562227598619,1.122475060015296,0.7544827468623865,0.2614814658035929,0.7985090934183576
11,1,40.6,10.755633161598338,1.1525793025984057,0.718383403908021,0.3469537928884785,0.7977791984065365
11,1,40.7,10.825238908380225,1.1918658185929927,0.6646126061164992,0.4401615719511618,0.7971525108983115
11,1,40.800000000000004,10.88855568282164,1.2406116169886392,0.593799552914902,0.5314942241527714,0.7969215892104404
11,1,40.900000000000006,10.943998818963207,1.2981646634235484,0.5095353492203216,0.6129465899438094,0.7970757769677983
11,1,41.0,10.990462752665701,1.3632009349773981,0.42213273828003395,0.6769350944117116,0.797770124016933
11,1,41.1,11.028425366619212,1.4335516823058883,0.3399153807961852,0.7223213926993663,0.7983048668603792
11,1,41.2,11.058445828824938,1.5076652135172735,0.26409060570270526,0.7538583031238044,0.7987779348536886
11,1,41.300000000000004,11.081243487759753,1.5843233429306514,0.19834469073782657,0.7741937736087721,0.7991974821272116
11,1,41.400000000000006,11.098114766972504,1.66250396823903,0.1435850019860041,0.7864210505988707,0.7994214918429153
11,1,41.5,11.109960488156954,1.741607553050422,0.09730277649450869,0.7936547932855689,0.7995972493816492
11,1,41.6,11.117575322271405,1.8212349268961403,0.05826051294013013,0.7976022240995633,0.799727200523164
11,1,41.7,11.121612590744979,1.901127997870337,0.02465365619340787,0.7994201539472048,0.7998002158668597
11,1,41.800000000000004,11.122506053510087,1.9811189576855834,-0.003735057339092407,0.7998471812073262,0.7998559019839959
11,1,41.900000000000006,11.120865579277162,2.0610974341118045,-0.02713089439312455,0.7994270353104636,0.7998872859446187
11,1,42.0,11.117079874631463,2.1410043647476726,-0.04741703979566836,0.7985100746612037,0.7999166925364323
11,1,42.1,11.111382171318027,2.220799449044042,-0.06534009270119157,0.7972650469341396,0.7999380493370072
11,1,42.2,11.104011856091224,2.3004573741345027,-0.08029948705075185,0.795916601010779,0.7999570259614984
11,1,42.300000000000004,11.095322273907877,2.3799827692462,-0.09333419726268488,0.7945001318922174,0.7999635816432024
11,1,42.400000000000006,11.085345016638687,2.4593574005129484,-0.10470520602596167,0.7930946770021077,0.7999764664401176
11,1,42.5,11.074381232702686,2.5386017046466183,-0.1141962468214004,0.791787589529207,0.7999802308310914
11,1,42.6,11.062505767274407,2.6177149184187867,-0.12248325181599284,0.7905544325860845,0.7999865360472799
11,1,42.7,11.049884582339487,2.696712591163837,-0.1294153061993697,0.7894526976813108,0.7999899270334444
11,1,42.800000000000004,11.036622706034533,2.7756054579550513,-0.13523794730318173,0.7884795509092868,0.7999933153426275
11,1,42.900000000000006,11.022836992878851,2.854408501345697,-0.13999540101119123,0.7876509573050772,0.7999954642670725
11,1,43.0,11.008623625832294,2.9331356494160636,-0.14374998854396637,0.7869763738207638,0.7999974200948832
11,1,43.1,10.994086995170058,3.011803776109846,-0.14657158126141212,0.7864568973734158,0.7999985499109922
11,1,43.2,10.979309309580012,3.090427028890749,-0.14848024771439583,0.7860997477872349,0.7999994983951444
11,1,43.300000000000004,10.964390945627178,3.1690237256672953,-0.1494835547305513,0.7859099755964785,0.7999998892980793
11,1,43.400000000000006,10.9494125986339,3.247609024010047,-0.1496207840771504,0.7858839276870881,0.7999999542654647
11,1,43.5,10.934466788811749,3.3262005112047093,-0.1488130767300433,0.7860369025505918,0.7999995899856388
11,1,43.6,10.919649983287893,3.4048164045201617,-0.14711245032998477,0.7863562021956909,0.7999988436077408
11,1,43.7,10.905044298745752,3.48347175164385,-0.14438870051215957,0.7868593986196508,0.7999973812655068
11,1,43.800000000000004,10.890772243185461,3.5621882842440944,-0.14062999002613452,0.7875380151819584,0.799995574644941
11,1,43.900000000000006,10.876918300740524,3.640979354680244,-0.13575702547835533,0.7883896729960327,0.7999926539997241
11,1,44.0,10.86362083808979,3.7198662188432974,-0.1295303646860475,0.7894323450420551,0.7999884641507643
11,1,44.1,10.851012227803315,3.7988658236886512,-0.12211396730517521,0.7906097880147698,0.7999847860526903
11,1,44.2,10.839198044628755,3.8779881764462534,-0.11275991165008747,0.7919880374859041,0.7999749053539801
11,1,44.300000000000004,10.828460245473297,3.9572634311858343,-0.10185750541160132,0.7934591101132895,0.7999701937137706
11,1,44.400000000000006,10.818826543546434,4.036679998468913,-0.09045547361466078,0.7948374395201228,0.7999679668397713
11,1,44.5,10.810369150750365,4.116230919089856,-0.0782211880716801,0.7961330339850043,0.799966475588517
11,1,44.6,10.803182305932099,4.195906605265911,-0.06599763033066353,0.7972409693909981,0.7999680309142118
11,1,44.7,10.797169624684232,4.275679112968057,-0.05428508488841288,0.7981228350473408,0.7999668307282166
11,1,44.800000000000004,10.792325288954416,4.355531172275382,-0.042717628491537596,0.7988283445852247,0.7999696993616142
11,1,44.900000000000006,10.788626098985924,4.435444781885105,-0.031407085965618364,0.7993569572552559,0.7999737184190695
11,1,45.0,10.786043871761292,4.515402563726429,-0.020485314701517154,0.7997145543331001,0.7999768849976912
11,1,45.1,10.78452903604562,4.595387692751721,-0.01035749511335382,0.7999130022313601,0.7999800552787619
11,1,45.2,10.78397237273862,4.675385164172703,-0.001218887398778179,0.7999816134791757,0.7999825420540352
11,1,45.300000000000004,10.784285258565864,4.755384015447559,0.006970445670333447,0.7999556061742119,0.7999859742285448
11,1,45.400000000000006,10.785366461872687,4.835376285407548,0.014098956915347571,0.7998654153225928,0.7999896644427881
11,1,45.5,10.787105049948934,4.915357098512074,0.020086018422126983,0.799740915975196,0.7999931129834178
11,1,45.6,10.789383665557112,4.995324468602584,0.02488461771199013,0.7996088545139806,0.7999959777497835
11,1,45.7,10.792081973491332,5.0752788694148725,0.02848515382651584,0.7994907626666539,0.7999980522337715
11,1,45.800000000000004,10.795080696322415,5.155222621135918,0.03091318556452194,0.799401808186289,0.7999992974829759
11,1,45.900000000000006,10.798264610604237,5.235159231052132,0.03214996746982024,0.7993536293637113,0.7999999032407742
11,1,46.0,10.801510689816379,5.315093347008657,0.03225700716849644,0.7993493497925428,0.7999999359532658
11,1,46.1,10.804716012037936,5.395029101010637,0.031388343693627974,0.7993835488248457,0.7999995539071467
11,1,46.2,10.807788358555104,5.474970056773628,0.02962486183903934,0.7994502261055487,0.7999989352862884
11,1,46.300000000000004,10.810640984405744,5.554919146231749,0.02694833134407304,0.7995438850118433,0.7999978978860266
11,1,46.400000000000006,10.813178024823918,5.634878833776,0.023718783968760704,0.7996462437243252,0.7999979348819469
11,1,46.48143337498237,10.815,5.7,0.02237381388744164,0.7996864459823853,0.7999993746471357
11,2,0.0,10.844999999999999,5.370000000000001,-0.5030953262203042,0.6218950308583526,0.7999114555193129
11,2,0.1,10.794690467377968,5.432189503085836,-0.4863997279972949,0.6346739413902327,0.7996222278524122
11,2,0.2,10.74772005440054,5.496934788278048,-0.45226225262282327,0.6594086762756746,0.7996004924305061
11,2,0.30000000000000004,10.704238016853406,5.564071238340972,-0.41690350143711896,0.6823184357266214,0.7996042628969366
11,2,0.4,10.664339354113116,5.633398475423372,-0.3803707854281768,0.7033461297558716,0.7996109758187486
11,2,0.5,10.62816385976777,5.704740464292146,-0.34323220764392914,0.7222251880972408,0.7996358988228456
11,2,0.6000000000000001,10.595692912584328,5.77784351304282,-0.30718792111868964,0.7383250386438256,0.7996801120258205
11,2,0.7000000000000001,10.566726275544035,5.852405472020911,-0.2723354522342021,0.7519038262952265,0.799703671706595
11,2,0.8,10.541225822137488,5.928224278301864,-0.2387105714827129,0.7632896763366048,0.7997461265549476
11,2,0.9,10.518984161247493,6.005063407288232,-0.20779812430136246,0.7723309908011693,0.7997969866254063
11,2,1.0,10.499666197277215,6.082690476462099,-0.17922520469753067,0.7794849550289555,0.7998240238423479
11,2,1.1,10.483139120307987,6.160960398294023,-0.1531756111135394,0.7850629155867779,0.799866582168313
11,2,1.2000000000000002,10.469031075054506,6.239703059579455,-0.13060523397444967,0.7891657228350724,0.799900159544504
11,2,1.3,10.457018073513096,6.3187935428610364,-0.11060587504098862,0.7922383556659227,0.7999220410651452
11,2,1.4000000000000001,10.44690990004631,6.398150730712641,-0.09354557251117512,0.7944610618694128,0.7999494690060858
11,2,1.5,10.43830895901086,6.477685755234918,-0.07991630837898356,0.7959648023931258,0.7999666136743787
11,2,1.6,10.430926638370515,6.557343691191268,-0.06891054727302759,0.797005972670668,0.7999794897359468
11,2,1.7000000000000002,10.424526849556253,6.637086949769052,-0.06079785466170051,0.7976773504755599,0.7999909590696475
11,2,1.8,10.418767067438173,6.7168791612863785,-0.055758518467413865,0.7980513068342745,0.7999968129446356
11,2,1.9000000000000001,10.413375145862771,6.796697211135907,-0.05346417124088987,0.7982111462976889,0.7999996573001427
11,2,2.0,10.408074233189994,6.876521390545915,-0.0539921284592495,0.7981749324114062,0.799998982915299
11,2,2.1,10.402576720170922,6.956332197618191,-0.05730154521342001,0.7979403073096805,0.7999951256809712
11,2,2.2,10.39661392414731,7.036109452007852,-0.06353829786015552,0.7974595200830379,0.7999867508065586
11,2,2.3000000000000003,10.38986906059889,7.115824101634799,-0.07268633291075588,0.7966663969015073,0.7999754064620007
11,2,2.4000000000000004,10.38207665756516,7.195442731388153,-0.08448242575460085,0.7954879319962842,0.7999614554546404
11,2,2.5,10.372972575447973,7.274921688034057,-0.09940665012031502,0.793738725121365,0.7999392763487942
11,2,2.6,10.362195327541095,7.354190476412425,-0.11669193492272711,0.7913720373994337,0.7999291901498161
11,2,2.7,10.349634188463426,7.433196095513945,-0.13392481916535104,0.7886465577888515,0.7999370289595777
11,2,2.8000000000000003,10.335410363708025,7.5119197879701956,-0.15028052906858846,0.7857001274279085,0.7999430777607658
11,2,2.9000000000000004,10.31957808264971,7.590336120999527,-0.1653302571752775,0.7826837394075952,0.7999549549010243
11,2,3.0,10.302344312272972,7.668456535851715,-0.1785866639639906,0.7797746910796093,0.7999636025433203
11,2,3.1,10.28386074985691,7.746291059215446,-0.19067321975206397,0.7769136999587545,0.7999694831143376
11,2,3.2,10.26420966832256,7.823839275843466,-0.20136224331896813,0.7742208842414939,0.7999779563401281
11,2,3.3000000000000003,10.243588301193116,7.901135236063745,-0.2103548196371321,0.7718319546219305,0.7999835725313866
11,2,3.4000000000000004,10.222138704395134,7.978205666767852,-0.21809867363856483,0.7696841661078935,0.7999879667845664
11,2,3.5,10.199968566465405,8.055072069285325,-0.22486842550527797,0.7677359444746941,0.7999901807070343
11,2,3.6,10.177165019294076,8.13175285566279,-0.23199461177458858,0.7656068337857747,0.7999845772462872
11,2,3.7,10.153569644110487,8.20819343604248,-0.24113090122568792,0.7627678469509647,0.799974312005156
11,2,3.8000000000000003,10.128938839048939,8.284306425052982,-0.25289782654513715,0.7589313951269006,0.7999588571798665
11,2,3.9000000000000004,10.10299007880146,8.35997971506786,-0.2670324292674451,0.7540571020159774,0.7999427675660349
11,2,4.0,10.07553235319545,8.435117845456178,-0.2833233163660367,0.7480666281075656,0.7999223597855434
11,2,4.1000000000000005,10.046325415528253,8.509593040689374,-0.30249938661994946,0.7404865452564522,0.7998913692566519
11,2,4.2,10.015032475871461,8.583215154507467,-0.324467634872164,0.7310927912629381,0.7998599349362174
11,2,4.3,9.98143188855382,8.65581159894196,-0.3486328529508498,0.7198434845876065,0.7998246735753258
11,2,4.4,9.945305905281291,8.72718385142499,-0.3756870772906922,0.7060373696345934,0.7997684335879718
11,2,4.5,9.90629447309568,8.79701907286888,-0.4056984021296657,0.6891664721567494,0.79971346108187
11,2,4.6000000000000005,9.864166224855357,8.865017145856338,-0.4375596790791718,0.6693333322732826,0.7996659192737454
11,2,4.7,9.818782537279846,8.930885739323537,-0.472007701747863,0.6453817911728663,0.7995679626440749
11,2,4.800000000000001,9.769764684505784,8.99409350409091,-0.5078061083785101,0.6175796923507519,0.7995446955052461
11,2,4.9,9.717221315604144,9.054401677793688,-0.5409324270507483,0.5888696308166601,0.79960948764579
11,2,5.0,9.661578199095635,9.111867430254241,-0.5696055759995815,0.5613104824318,0.7996999249078588
11,2,5.1000000000000005,9.603300200404227,9.166663774280048,-0.592698547020909,0.5370291623990866,0.7998074073849036
11,2,5.2,9.543038489691453,9.21927326273406,-0.6104952313617034,0.5168038673138184,0.7998691547908936
11,2,5.300000000000001,9.481201154131886,9.270024547742812,-0.6242230932504214,0.5002239415326315,0.7999240350368063
11,2,5.4,9.41819387104137,9.319318051040586,-0.6339000777468726,0.487969512193402,0.7999647200956789
11,2,5.5,9.354421138582511,9.367618450181492,-0.6399693296614686,0.48001937142991125,0.7999870873053617
11,2,5.6000000000000005,9.290200005109075,9.415321925326568,-0.6428687393467243,0.47614838693622374,0.7999984390054861
11,2,5.7,9.225847390713167,9.462848127568737,-0.6426398951053756,0.4764557410936021,0.7999975674976154
11,2,5.800000000000001,9.161672026088,9.510613073545288,-0.6393957034061302,0.4807820557442355,0.799986406546932
11,2,5.9,9.097968250031942,9.559004538717584,-0.6328620911838669,0.48930807545010424,0.7999605109993255
11,2,6.0,9.035099607851228,9.608474688635308,-0.6229707032074643,0.5017859884995417,0.7999260436498268
11,2,6.1000000000000005,8.973374109390448,9.659361736417493,-0.6098692787941076,0.5175662319875656,0.799884580243082
11,2,6.2,8.913125752092407,9.711987935032822,-0.5938574050966494,0.535821749325244,0.7998572151566119
11,2,6.300000000000001,8.854602628371119,9.766526086282543,-0.5762066536105976,0.5547522874480251,0.7998526164825238
11,2,6.4,8.797884421370288,9.822938392522426,-0.5579187052765491,0.5731389152915796,0.7998509223093196
11,2,6.5,8.74301888731581,9.881153869340858,-0.5387208365345586,0.5912081860548852,0.7998420212609503
11,2,6.6000000000000005,8.690140254063376,9.941180029733403,-0.5181192960960033,0.6093299673244985,0.7998316160709654
11,2,6.7,8.639395028096608,10.003019862805758,-0.49666055761310446,0.626944057674919,0.7998315828613247
11,2,6.800000000000001,8.590808142540755,10.066568841268387,-0.47437841646677015,0.6439557347381992,0.7998211489525233
11,2,6.9,8.544519344803254,10.131811009753397,-0.4503966388397984,0.6609322115261591,0.7998053016272444
11,2,7.0,8.500728814772796,10.198755283573618,-0.42538932679600094,0.6772992981348693,0.7998064882244589
11,2,7.1000000000000005,8.459441479444054,10.267270869380372,-0.399577900210879,0.6928249625582765,0.7997930526585064
11,2,7.2,8.42081323473062,10.337320276085274,-0.37188735269290873,0.7080529391376089,0.7997744480254082
11,2,7.300000000000001,8.385064008905474,10.408881457207894,-0.343153382317297,0.722418638642111,0.7997768021475253
11,2,7.4,8.352182558267161,10.481804003813696,-0.31361436658455943,0.7357056698375359,0.7997604663643557
11,2,7.5,8.322341135588562,10.5560225911754,-0.282205265637792,0.7482970017658204,0.7997425928418549
11,2,7.6000000000000005,8.295741505139603,10.63146340416686,-0.24993800268850208,0.7596876864303113,0.7997464511342057
11,2,7.7,8.272353535050861,10.707960128461464,-0.21702290299052152,0.7697214773471401,0.7997312630577207
11,2,7.800000000000001,8.252336924541499,10.785407699636288,-0.182439484115541,0.7786277203618042,0.7997157571788646
11,2,7.9,8.235865638227752,10.863685672533824,-0.1473422259575159,0.7860318152212784,0.799722293105659
11,2,8.0,8.222868479349996,10.942614062680542,-0.11225913383868402,0.7918010247271496,0.7997193106891791
11,2,8.1,8.213413811460015,11.022045877479254,-0.07575590583500968,0.7961059986211012,0.7997022685408511
11,2,8.200000000000001,8.207717298182995,11.101835262404762,-0.03902161063934528,0.798763111617177,0.7997156960928323
11,2,8.3,8.205609489332145,11.18179849980269,-0.003133041980063922,0.7997040314883392,0.7997101687053576
11,2,8.4,8.207090689786982,11.26177606870243,0.032659260516872735,0.7990547177352454,0.799721869922576
11,2,8.5,8.212141341435519,11.34160944334974,0.08626168256657962,0.7440949117530451,0.7490783107098946
11,2,8.6,8.224343026300298,11.410595051053038,0.34184199575847884,0.06009035639684157,0.34708327674499
11,2,8.700000000000001,8.280509740587215,11.353627514629105,0.5488272661617799,-0.5817199494632774,0.7997558800572655
11,2,8.8,8.334108479532656,11.294251061160383,0.522258926647261,-0.6055336732653984,0.7996408043121833
11,2,8.9,8.384961525916667,11.232520779976026,0.49271555073320883,-0.629636827325669,0.7995068156426582
11,2,9.0,8.432651589679297,11.168323695695248,0.45886376444784105,-0.6545898678660862,0.7994021825315364
11,2,9.1,8.476734278806235,11.10160280640281,0.4205243231248872,-0.6797558199351457,0.7993176346580543
11,2,9.200000000000001,8.516756454304275,11.032372531708218,0.37773381479119905,-0.7043627417115346,0.7992557204975775
11,2,9.3,8.552281041764477,10.960730258060503,0.3307996061096645,-0.7275579316949958,0.7992302067455969
11,2,9.4,8.582916375526208,10.886860945369218,0.2803273696618547,-0.7484889804011488,0.799261651753345
11,2,9.5,8.608346515696848,10.811032461980274,0.22463862599099826,-0.7669739370987543,0.7991943020792175
11,2,9.600000000000001,8.627844100724408,10.733466157949467,0.16640269128482288,-0.7817089103472199,0.7992237960565676
11,2,9.700000000000001,8.641627053953814,10.654690679910829,0.11048783659802552,-0.7915467063316441,0.7992207144090961
11,2,9.8,8.649941668044013,10.575156816683139,0.05682634506560902,-0.7972314352372578,0.7992541490814881
11,2,9.9,8.652992322966936,10.495244392863379,0.005689655693707607,-0.799350071394727,0.799370320202513
11,2,10.0,8.651079599182754,10.415286802404193,-0.04396585960407151,-0.7982331492648242,0.7994430294873826
11,2,10.100000000000001,8.644199151046122,10.335597763010414,-0.09035722145403469,-0.7944452412284022,0.7995671759016547
11,2,10.200000000000001,8.633008154891947,10.256397754158511,-0.12997962034739885,-0.78902253184134,0.7996569623650959
11,2,10.3,8.618203226976641,10.177793256642147,-0.16392070813043347,-0.7827362488868133,0.7997162208404817
11,2,10.4,8.60022401326586,10.099850504381148,-0.19353245518639994,-0.7760224296996299,0.7997909868255536
11,2,10.5,8.579496735939362,10.022588770702221,-0.21946681280220304,-0.7691527725193836,0.7998510295022517
11,2,10.600000000000001,8.556330650705421,9.94601994987727,-0.24188662355647494,-0.7624504276285649,0.7998998645121358
11,2,10.700000000000001,8.531119411228067,9.870098685176508,-0.2597020887576491,-0.7566082358201385,0.7999382460014949
11,2,10.8,8.504390232953892,9.794698302713243,-0.27321875959524533,-0.7518534782782069,0.7999575884969169
11,2,10.9,8.476475659309019,9.719727989520868,-0.2834897767346263,-0.748060611694477,0.7999757073072679
11,2,11.0,8.447692277606967,9.645086180374348,-0.29065433049945,-0.7453208009550423,0.7999893975387107
11,2,11.100000000000001,8.418344793209128,9.57066382932986,-0.29480884778641325,-0.7436958536029437,0.7999973621202532
11,2,11.200000000000001,8.388730508049683,9.496347009653757,-0.2958196469576393,-0.7432966154449758,0.7999994512861235
11,2,11.3,8.3591808638176,9.422004506240865,-0.29354882041330654,-0.744191557743207,0.799994990348255
11,2,11.4,8.330020743967022,9.347508698105116,-0.2881070124636693,-0.746303564493644,0.799984162972405
11,2,11.5,8.301559461324867,9.272743793342137,-0.27949719552229624,-0.7495521375542751,0.7999669300771198
11,2,11.600000000000001,8.274121304862561,9.197598270594261,-0.26754590086441965,-0.7538777145050659,0.7999452590626033
11,2,11.700000000000001,8.248050281151984,9.121968250441123,-0.2519550984480645,-0.7592058811856575,0.7999218347194084
11,2,11.8,8.223730285172948,9.04575709435713,-0.2307583571538956,-0.7658488498254385,0.7998586626244114
11,2,11.9,8.201898609721205,8.968798480476035,-0.20486919211921162,-0.7731243142630504,0.7998078464133059
11,2,12.0,8.182756446749107,8.891132231504521,-0.17560601125680364,-0.7802034132655109,0.7997217248897758
11,2,12.100000000000001,8.166777407469844,8.812757797822933,-0.1414780807165883,-0.787036768698087,0.7996517508303072
11,2,12.200000000000001,8.154460830605789,8.733724877764903,-0.09977151311725407,-0.7932468713991057,0.7994966878068824
11,2,12.3,8.146823104846392,8.654108423543112,-0.05124720299559726,-0.7977566241882101,0.7994009677571332
11,2,12.4,8.144211390006669,8.574173552927261,-0.0025098189130403625,-0.7994247340943588,0.7994286739120711
11,2,12.5,8.146321141063785,8.49422347672424,0.04277723579285464,-0.7983786123374799,0.7995237961061555
11,2,12.600000000000001,8.15276683716524,8.414497830459766,0.08619670641305532,-0.7949185545386825,0.7995782516716715
11,2,12.700000000000001,8.163560482346396,8.335239765816501,0.12511415083535127,-0.7898640568445359,0.7997116849428669
11,2,12.8,8.177789667332311,8.256525019090859,0.1565169803179245,-0.7843164550993365,0.7997811368539715
11,2,12.9,8.194863878409981,8.178376474796636,0.18277896274961591,-0.7786766263180454,0.799840882674722
11,2,13.0,8.214345459882233,8.10078969382725,0.20534304095278344,-0.7730828448554021,0.7998892732606546
11,2,13.100000000000001,8.235932486600538,8.023759905825555,0.22404757980954315,-0.7679177966206439,0.7999344100519855
11,2,13.200000000000001,8.259154975844142,7.947206134503122,0.23788810693136497,-0.7637758419219196,0.7999651793190287
11,2,13.3,8.28351010798681,7.871004737441172,0.24750212106471992,-0.7607315616505588,0.7999811302917296
11,2,13.4,8.308655400057086,7.795059822173011,0.2537719169661159,-0.7586755172902997,0.7999929539541965
11,2,13.5,8.334264491380033,7.719269633983113,0.2568356249968602,-0.7576501232928123,0.7999989047449637
11,2,13.600000000000001,8.36002252505646,7.6435297975144465,0.25653156248186804,-0.7577527299634994,0.7999985264464707
11,2,13.700000000000001,8.385570803876407,7.567719087990411,0.2529035620648301,-0.758964342773659,0.7999919282761118
11,2,13.8,8.410603237469426,7.491736928959715,0.24627025014721937,-0.7611296940182939,0.7999796542562541
11,2,13.9,8.43482485390585,7.4154931491867515,0.23668189923146343,-0.7641477478448309,0.7999625628491247
11,2,14.0,8.457939617315718,7.338907379390749,0.22411898611100867,-0.767905895851527,0.7999429884804059
11,2,14.100000000000001,8.479648651128054,7.261911970016446,0.20854837954929906,-0.7722610018688698,0.7999246724661948
11,2,14.200000000000001,8.499649293225579,7.184455179016975,0.18931418245629317,-0.77716984658732,0.7998955120036949
11,2,14.3,8.517511487619311,7.106478000698982,0.1663875804181032,-0.7823673519183814,0.7998646762204036
11,2,14.4,8.532926809309199,7.027981708633298,0.14230479580026412,-0.7870969096684632,0.7998576124019824
11,2,14.5,8.545972446779365,6.9490586187652905,0.11878509983571206,-0.7909802752720481,0.7998497957819487
11,2,14.600000000000001,8.556683829276341,6.869785653578886,0.09562409280652417,-0.7941140031389295,0.7998506217453397
11,2,14.700000000000001,8.56509726534067,6.790235818137504,0.07282582893603262,-0.7965366687681623,0.7998589038402344
11,2,14.8,8.571248995063549,6.710478319825255,0.05038764234872417,-0.7982850028694557,0.7998736527150708
11,2,14.9,8.575174793810415,6.630578817563615,0.02811259556343515,-0.7993945209248494,0.7998886910776917
11,2,15.0,8.576871514176235,6.550599415640286,0.005292276296792409,-0.7998711358316584,0.7998886435779851
11,2,15.100000000000001,8.576233249069775,6.470604590397282,-0.01696787934141497,-0.7997162031205214,0.799896189803932
11,2,15.200000000000001,8.573477938307951,6.390656175016181,-0.03798682682631238,-0.7989837077699704,0.7998862195926254
11,2,15.3,8.568635883704513,6.310807848843289,-0.05871154951404378,-0.7977242562775544,0.7998818882184527
11,2,15.4,8.561735628405142,6.23111132376067,-0.07916023170736963,-0.7959560034640099,0.7998826799814853
11,2,15.5,8.552803837363038,6.151616648150487,-0.09935211416960499,-0.7936940748757415,0.7998881966142701
11,2,15.600000000000001,8.54186520557122,6.072372508785521,-0.11930723221652784,-0.7909505912561272,0.7998981519340982
11,2,15.700000000000001,8.528942390919733,5.993426529899261,-0.13914506858044717,-0.7877145972170432,0.7999097678982711
11,2,15.8,8.51403619185513,5.914829589342113,-0.1596339994034608,-0.7838159657188335,0.799906545717243
11,2,15.9,8.497015591039041,5.836663336755494,-0.17984043725908094,-0.7794323616958714,0.799910863366876
11,2,16.0,8.478068104403315,5.758943117002939,-0.19904198004707752,-0.7747394394125884,0.7998993116651576
11,2,16.1,8.457207195029625,5.681715448872976,-0.21811924312452646,-0.7695788116614892,0.79989221247586
11,2,16.2,8.43444425577841,5.605027354670642,-0.23709270617618472,-0.7639440049687671,0.7998896136653272
11,2,16.3,8.409788653794388,5.5289266478792225,-0.25598232713760893,-0.7578256646318486,0.7998916737793242
11,2,16.400000000000002,8.383247790350888,5.45346222174427,-0.27480738528971926,-0.7512115418069989,0.7998986683035675
11,2,16.5,8.354827176736444,5.378684339517823,-0.2937906835290818,-0.7439996076543842,0.7999052330859967
11,2,16.6,8.324489653645072,5.304662300213394,-0.31354878023904575,-0.7358840696412088,0.7998988695710857
11,2,16.7,8.292117420688635,5.231507525589581,-0.333106946759834,-0.7272404121377143,0.7998992780506127
11,2,16.8,8.257868264293105,5.159214217785852,-0.35188350393604395,-0.718326615849211,0.799884446266889
11,2,16.900000000000002,8.221740719901424,5.087842202419737,-0.37068039195135327,-0.7087995931071482,0.7998755004162009
11,2,17.0,8.183732185902835,5.017454299164423,-0.3895078369074696,-0.6986278832372079,0.7998732863703086
11,2,17.1,8.14383915251993,4.948116625772296,-0.4083735935985331,-0.6877770017248075,0.7998788633600377
11,2,17.2,8.102057467183128,4.879898898819462,-0.42783064204044763,-0.6758410126525476,0.7998750731532785
11,2,17.3,8.058273024111841,4.812948423241787,-0.4479835889731518,-0.6626451167360727,0.7998673932117931
11,2,17.400000000000002,8.012460749388497,4.747369875472246,-0.4676573642846904,-0.6489024557672742,0.7998611176138661
11,2,17.5,7.964741551254905,4.683167932088333,-0.486740597873478,-0.6346917023878191,0.7998437139205251
11,2,17.6,7.915112629813803,4.620431534994682,-0.5058435698220691,-0.6195666731570846,0.7998378458270602
11,2,17.7,7.8635728372904925,4.559254597456916,-0.5249466632584401,-0.6034770091442816,0.7998459225575245
11,2,17.8,7.810123297162115,4.499736133165826,-0.5452663575054615,-0.5851449540631108,0.7998187406486509
11,2,17.900000000000002,7.7545195657893995,4.442225606644293,-0.5656437502119189,-0.5654771354174422,0.7998232572473245
11,2,18.0,7.696994547119733,4.386640706082338,-0.5846742071091597,-0.545742136123522,0.7997989794938409
11,2,18.1,7.637584724367568,4.333077179419588,-0.6034027733703766,-0.5249459867184605,0.7997894697249271
11,2,18.2,7.576313992445657,4.281651508738646,-0.6218765779052973,-0.5029360119236514,0.7997969181216382
11,2,18.3,7.5132094087865084,4.2324899770348585,-0.6402569227592565,-0.4793170824351485,0.7997960944236321
11,2,18.400000000000002,7.4482626078938035,4.185788092251615,-0.656887621149906,-0.4563243011293139,0.7998332417580174
11,2,18.5,7.381831884556527,4.141225116808996,-0.6710547326507097,-0.4352312081252201,0.7998378952881978
11,2,18.6,7.314051661363661,4.098741850626571,-0.6839027055992659,-0.4147952285093801,0.7998612331649441
11,2,18.7,7.245051343436676,4.05826607110712,-0.6960639039647134,-0.39405963577533143,0.7998674608646014
11,2,18.8,7.174838880570719,4.019929923471506,-0.7070765310057396,-0.3739963783141462,0.7998940627928229
11,2,18.900000000000002,7.1036360372355265,3.9834667954442895,-0.7162572047307947,-0.35612559339673666,0.799906132993709
11,2,19.0,7.03158743962456,3.948704804792158,-0.7242287097176714,-0.3396496950998369,0.7999182079192443
11,2,19.1,6.958790295291992,3.915536856424322,-0.7313226139788114,-0.3241325775388404,0.7999341807541255
11,2,19.200000000000003,6.8853229168287955,3.8838782892843895,-0.7378674258330022,-0.30896440012447,0.7999420845596853
11,2,19.3,6.8112168101253925,3.8537439763994277,-0.7434902062928899,-0.2952211926205024,0.7999582735528871
11,2,19.400000000000002,6.736624875570216,3.82483405076029,-0.7480232501840405,-0.28355135721970726,0.799962595998734
11,2,19.5,6.661612160088584,3.797033704955486,-0.7519358428639009,-0.2730285074029801,0.7999700479631373
11,2,19.6,6.586237706997437,3.7702283492796935,-0.7552850206039281,-0.26364842334193384,0.7999787206415953
11,2,19.700000000000003,6.510555155967797,3.7443040202870983,-0.7582643509566509,-0.25496753715358267,0.7999832941592434
11,2,19.8,6.434584836806109,3.719234841848977,-0.7607273083271551,-0.24754376476011686,0.7999899706285639
11,2,19.900000000000002,6.358409694302367,3.694795267335075,-0.762574739665137,-0.24180037448474323,0.7999922841354868
11,2,20.0,6.282069888873083,3.6708747669520276,-0.7640351943664179,-0.23715416771430853,0.7999949234181404
11,2,20.1,6.205602655429084,3.6473644337922133,-0.7651342814405631,-0.233591837599338,0.7999972595131825
11,2,20.200000000000003,6.129043032584968,3.624156399432159,-0.7658955447460585,-0.2310892566160021,0.7999988937399839
11,2,20.3,6.052423546479873,3.601146582469013,-0.7663168558053499,-0.22969144851631995,0.7999998031330524
11,2,20.400000000000002,5.975779661423898,3.578218109728896,-0.7663792147974782,-0.22948366143003085,0.7999999073355772
11,2,20.5,5.899147703520378,3.555249850183007,-0.7661016960797582,-0.23040638216322407,0.7999993185483522
11,2,20.6,5.822559322207947,3.5321368332962506,-0.7655047302767031,-0.23237801145308978,0.7999981451746624
11,2,20.700000000000003,5.746046757465035,3.5087742478923887,-0.7645799312699175,-0.23539771262834108,0.7999965964998644
11,2,20.8,5.669643335953964,3.4850572907705826,-0.7632806431869241,-0.2395697026268664,0.7999943641555044
11,2,20.900000000000002,5.593390628827651,3.4608603073670148,-0.7615105304576382,-0.24512516865814504,0.7999903976345951
11,2,21.0,5.517341229862437,3.436032257038953,-0.7593419385296691,-0.2517502231627198,0.799986471430908
11,2,21.1,5.441522241121717,3.410510262734471,-0.756818488584706,-0.25921938165214087,0.7999805700688968
11,2,21.200000000000003,5.365977532145493,3.3841883807085242,-0.7538661348472502,-0.26767004626198343,0.799975876470925
11,2,21.3,5.290749014152268,3.3569762534820744,-0.7506399989229422,-0.27659088788905706,0.7999768291933783
11,2,21.400000000000002,5.215849532360905,3.328870203130713,-0.747315482066476,-0.2854600300592445,0.7999799113088242
11,2,21.5,5.141285917738974,3.299884247470226,-0.7440551027088667,-0.2938633783151765,0.7999835504445767
11,2,21.6,5.067038511819133,3.270097527467678,-0.7411006931891784,-0.30124509215344375,0.7999867767607272
11,2,21.700000000000003,4.993065779101135,3.239635229039537,-0.7384661207870096,-0.30765120355904685,0.7999884215421772
11,2,21.8,4.919345287661731,3.208567286755869,-0.7360649535128907,-0.3133589112148094,0.7999908893404128
11,2,21.900000000000002,4.845852788398558,3.176963446796575,-0.7339143909526946,-0.3183700978267989,0.7999936577484288
11,2,22.0,4.772562409471193,3.1448932671905103,-0.7319312753968035,-0.3229070427307992,0.7999952188289262
11,2,22.1,4.699466533319198,3.1123820382504155,-0.7302614672979288,-0.326671000445927,0.7999973457158885
11,2,22.200000000000003,4.626510116011605,3.079559067101324,-0.7290176484844544,-0.3294394410809307,0.799998173211364
11,2,22.3,4.553663003622308,3.0464941500342295,-0.7280784310909212,-0.33151200122399516,0.799999005483979
11,2,22.400000000000002,4.4808944297934215,3.0132566668565253,-0.7274501222482606,-0.3328899646335337,0.7999996305703675
11,2,22.5,4.408172979172656,2.9799161571075232,-0.7271475096553388,-0.3335512166755219,0.7999999468397995
11,2,22.6,4.335464927862354,2.946546423521421,-0.7272031791538183,-0.33342967611360486,0.7999998829278938
11,2,22.700000000000003,4.262732343341891,2.913230221884801,-0.7276122406165726,-0.3325350567837262,0.7999994604280838
11,2,22.8,4.18994247973904,2.880039412164676,-0.7283461453630693,-0.33092277741223164,0.7999987450461823
11,2,22.900000000000002,4.1170631142692775,2.847045666402355,-0.7294006740640668,-0.3285898528209117,0.7999978966859748
11,2,23.0,4.044062344926227,2.814321441600494,-0.7308644846113808,-0.32531657417224125,0.7999961051764081
11,2,23.1,3.970890217347002,2.781982351567907,-0.7327119542752314,-0.3211290146145451,0.7999941574568764
11,2,23.200000000000003,3.8975199540711793,2.750095638677584,-0.7348050771417292,-0.3163042004989389,0.7999917803618581
11,2,23.3,3.823929201918657,2.7187215114681194,-0.7371502589138572,-0.3107928096502359,0.7999891716436257
11,2,23.400000000000002,3.7500899022884093,2.687937076747537,-0.7397682757524819,-0.30450434745633004,0.79998749954584
11,2,23.5,3.675975546768161,2.6578206419768535,-0.7428595197841936,-0.2968683456950778,0.7999819253019002
11,2,23.6,3.6015179983315715,2.6285634076085214,-0.7462374978149562,-0.2882645251270759,0.7999792744764487
11,2,23.700000000000003,3.5267280472051676,2.6001677369514375,-0.7496347896834052,-0.27929525077355777,0.7999738464527123
11,2,23.8,3.451591040394891,2.57270435745381,-0.7531872794781762,-0.2695566440398167,0.7999699133803375
11,2,23.900000000000002,3.3760905913095325,2.546256408143474,-0.756973387864555,-0.25871942583177265,0.7999652812702962
11,2,24.0,3.300196362821981,2.5209604722874555,-0.7610890739405249,-0.24632181381798546,0.7999568828594626
11,2,24.1,3.2238727765214277,2.4969920453798773,-0.7651991293995799,-0.23323085869393445,0.7999539618509212
11,2,24.200000000000003,3.147156536942063,2.474314300548668,-0.7691265022483389,-0.21990417201905288,0.7999458865024242
11,2,24.3,3.070047476071761,2.453011210976067,-0.7730329676632426,-0.20574214938454105,0.7999436237183284
11,2,24.400000000000002,2.992549943409415,2.43316587067176,-0.7770768745140568,-0.18984633954444163,0.7999313105154459
11,2,24.5,2.91463210116895,2.4150419430671786,-0.7810535820035351,-0.17274264691664776,0.7999279467704092
11,2,24.6,2.8363392270087084,2.3986173412884306,-0.7846249629794215,-0.1556784063651353,0.7999200577175489
11,2,24.700000000000003,2.757707108573064,2.383906261794151,-0.7878874165136835,-0.13818489622005892,0.7999135244787121
11,2,24.8,2.6787617437059725,2.3709803620444188,-0.7908648009773831,-0.11999709946962156,0.7999165189606463
11,2,24.900000000000002,2.599534148377588,2.3599068419002265,-0.7936535670036395,-0.09976778192263502,0.7998997404221125
11,2,25.0,2.5200310303052453,2.3510268056598917,-0.7960032537508077,-0.07891042867732523,0.7999050166963025
11,2,25.1,2.4403334976274267,2.344124756164762,-0.797718628109422,-0.05890235492982576,0.7998903031347845
11,2,25.200000000000003,2.3604873046833585,2.3392463346739265,-0.7989593671472601,-0.03847391644652376,0.7998851871356817
11,2,25.3,2.2805416241979755,2.336429972875457,-0.7996940565536299,-0.017701661432061755,0.7998899504961015
11,2,25.400000000000002,2.2005484933726334,2.3357060023875142,-0.7998815985133589,0.003842712886081401,0.7998908288526699
11,2,25.5,2.120565304495304,2.337198515452673,-0.766849368968769,0.08177399780464789,0.7711970833741228
11,2,25.6,2.0471786195788804,2.3520608019484444,-0.5775865247065664,0.4143062281059464,0.7108135087137734
11,2,25.700000000000003,2.005047999553989,2.4200597610738632,-0.40596241618839635,0.6890331598109505,0.7997325669725996
11,2,25.8,1.9659861363412012,2.489867433910634,-0.37559331429844,0.7060635472892187,0.7997475042513865
11,2,25.900000000000002,1.9299293366943018,2.5612724705317067,-0.3455728039856165,0.721244094640749,0.7997584678567867
11,2,26.0,1.8968715755440781,2.634116252838783,-0.3149275594739436,0.7351442095502101,0.7997601994044324
11,2,26.1,1.8669438247995134,2.708301312441748,-0.2844903609484142,0.7474737253874135,0.7997823051412787
11,2,26.200000000000003,1.8399735033543947,2.7836109979162678,-0.25518078271240263,0.7579927834189348,0.7997939056912716
11,2,26.3,1.8159076682570332,2.8598998691255346,-0.22599585263729516,0.7672113551816651,0.7998045942159528
11,2,26.400000000000002,1.794774332826936,2.9370532689526003,-0.19754922988647827,0.7750447590056257,0.7998250287974422
11,2,26.5,1.7763978222797376,3.0149088209266592,-0.17057684154804598,0.7814383236687501,0.7998389291418201
11,2,26.6,1.760658964517327,3.09334093368635,-0.1444218489450435,0.7867057876273815,0.7998522780733476
11,2,26.700000000000003,1.7475134524907288,3.172249978452138,-0.11921231984256231,0.7909348677620258,0.7998684530871177
11,2,26.8,1.7368165005488148,3.251527907238754,-0.09553569425150599,0.7941568383114941,0.7998825868294832
11,2,26.900000000000002,1.728406313640428,3.3310813461144364,-0.07304335056188371,0.7965521481364739,0.7998941528490737
11,2,27.0,1.722207830436438,3.410838336866049,-0.05153053525451767,0.7982447098818177,0.7999062525808411
11,2,27.1,1.718100206589525,3.490730288090799,-0.03147377423835174,0.7992988823473333,0.7999183094457226
11,2,27.200000000000003,1.7159130755887677,3.5706981133355185,-0.012655116658452314,0.7998267782251283,0.7999268886239714
11,2,27.3,1.7155691832578344,3.650695643735824,0.005214737520136126,0.7999189698155504,0.7999359672862418
11,2,27.400000000000002,1.7169560230927952,3.730681907298628,0.021748045888640988,0.7996493585799485,0.7999450444732422
11,2,27.5,1.7199187924355621,3.810625515451813,0.037159581187022894,0.7990876518727923,0.7999511921671021
11,2,27.6,1.7243879393301995,3.890499437673186,0.051536238515081934,0.7982980980037766,0.799959897217811
11,2,27.700000000000003,1.7302260401385787,3.9702851350525705,0.06379738052644868,0.7974257810152459,0.7999737383125844
11,2,27.8,1.7371474154354893,4.049984593876235,0.07321876436935248,0.7966282152079955,0.7999859378271915
11,2,27.900000000000002,1.7448697930124493,4.129610778094169,0.07961330254946475,0.796023637309009,0.7999949431699537
11,2,28.0,1.7530700759453823,4.2091893213380365,0.08282532467033654,0.7957001475777083,0.7999992245383326
11,2,28.1,1.7614348579465164,4.28875080760971,0.08292058803962199,0.7956903960579211,0.7999993939370506
11,2,28.200000000000003,1.769654193553307,4.3683274005496235,0.0798415040667102,0.7960008308835071,0.7999949928211227
11,2,28.3,1.7774031587598582,4.447950973786411,0.07362353507426711,0.7965914457558725,0.7999864726157955
11,2,28.400000000000002,1.7843789005681607,4.5276456897007975,0.06421616963628729,0.7973918616728355,0.7999734354994714
11,2,28.5,1.7902463926871157,4.607429346120978,0.05138603055362978,0.7983022836103828,0.7999544112970505
11,2,28.6,1.7946561066788866,4.687306146422873,0.03536446600309162,0.7991501089243762,0.7999322109088534
11,2,28.700000000000003,1.7973192858877345,4.767259367905855,0.016244748136724496,0.7997418176240529,0.7999067862561547
11,2,28.8,1.7979050563062313,4.847254509947684,-0.006096441416143961,0.7998589529980826,0.7998821858806018
11,2,28.900000000000002,1.7960999976045053,4.927231158505471,-0.028730089492556843,0.7993841462794151,0.7999002633860797
11,2,29.0,1.7921590384077197,5.007131339203566,-0.048624821816492414,0.7984458007661921,0.7999250402743068
11,2,29.1,1.7863750332412072,5.086920318658708,-0.0658460321395129,0.7972315121344486,0.7999461131155632
11,2,29.200000000000003,1.778989831979817,5.166577641630457,-0.0800716800639929,0.7959487260875697,0.7999661546019904
11,2,29.3,1.7703606972284085,5.246110063876222,-0.09107236899599869,0.7947784865545948,0.7999793866622786
11,2,29.400000000000002,1.7607753581806174,5.3255333389413755,-0.09932399455455787,0.7937997543856845,0.7999895661551136
11,2,29.5,1.7504958983174972,5.404870014753359,-0.1047237797451217,0.793112581711533,0.7999966483137526
11,2,29.6,1.739830602231593,5.484155855283682,-0.1072077450985347,0.7927835939048435,0.7999995796085098
11,2,29.700000000000003,1.7290543492977901,5.563426733534331,-0.10688874011094107,0.7928263021948965,0.7999992176337034
11,2,29.8,1.7184528542094049,5.642721115722661,-0.10375748000702067,0.7932382985437556,0.7999953830704273
11,2,29.900000000000002,1.708302853296386,5.722074393243082,-0.0986139930731369,0.7938913899989046,0.7999926616814816
11,2,30.0,1.6987300555947775,5.801499393722441,-0.0930269623038047,0.7945665377090485,0.7999937490770902
11,2,30.1,1.6896974608356248,5.880987700784891,-0.0880585008098258,0.7951342730908486,0.7999955073677516
11,2,30.200000000000003,1.6811183554328122,5.960526248340613,-0.08390907488820432,0.7955841767240841,0.7999968219326455
11,2,30.3,1.672915645857984,6.040104536129707,-0.08047072825464241,0.795940397158887,0.7999979087068161
11,2,30.400000000000002,1.6650242097818835,6.11971432777239,-0.07776270850042799,0.7962104712973535,0.7999988458972151
11,2,30.5,1.6573631041578984,6.1993466303891775,-0.07584592024159065,0.7963959711020934,0.7999994665029097
11,2,30.6,1.6498550257335656,6.278993521992808,-0.07467844904200938,0.7965066775714646,0.7999998488545189
11,2,30.700000000000003,1.6424274143494966,6.358647965903473,-0.07426522096827526,0.7965454548987374,0.7999999904783145
11,2,30.8,1.6350019815399106,6.438302612972556,-0.07461578080443232,0.796512574941449,0.7999998729905603
11,2,30.900000000000002,1.62750425818861,6.517950480891762,-0.07566937713243149,0.796412891360518,0.7999995926004152
11,2,31.0,1.6198681061134244,6.597585191244659,-0.07710507566635805,0.7962751098974792,0.7999995270847086
11,2,31.1,1.6120832430553385,6.677205502871257,-0.07849664242678855,0.7961392329394599,0.7999996256859816
11,2,31.200000000000003,1.6041687776280666,6.756813037832553,-0.0797250705008814,0.7960172360134266,0.7999997043104614
11,2,31.3,1.5961382289551624,6.836408950073942,-0.08082060897996879,0.795906821253773,0.7999997743463296
11,2,31.400000000000002,1.588004655832073,6.9159944020833075,-0.08175819690892538,0.795811122989349,0.7999998413970889
11,2,31.5,1.5797865895733774,6.995571174671812,-0.08253218594181888,0.7957312757190707,0.7999998905461392
11,2,31.6,1.5714982186437094,7.075140657227121,-0.08316821909906569,0.795665091372733,0.7999999314358032
11,2,31.700000000000003,1.563152945753564,7.154704192946362,-0.08365073925022859,0.7956145412069731,0.7999999652231817
11,2,31.8,1.5547680707936637,7.234263565468516,-0.08397463734520727,0.7955804403048461,0.7999999854455697
11,2,31.900000000000002,1.5463580182845227,7.313820281007331,-0.08415272444471267,0.795561634765626,0.7999999973390145
11,2,32.0,1.5379375259047212,7.393375892421641,-0.0841790109869498,0.795558855471036,0.7999999990057035
11,2,32.1,1.529522216087133,7.4729320521015365,-0.08405509255628107,0.7955719499112845,0.7999999912939303
11,2,32.2,1.5211265073934648,7.552490282403901,-0.08377648033817842,0.7956013177647847,0.7999999721793215
11,2,32.300000000000004,1.5127669200194969,7.632052315654495,-0.0833451797015865,0.7956465869919072,0.7999999439820982
11,2,32.4,1.5044574714531478,7.711619599802278,-0.08277233485875524,0.7957063484712279,0.7999999077596104
11,2,32.5,1.496212453047746,7.791193585348737,-0.08203858265721564,0.7957822820870604,0.7999998559550461
11,2,32.6,1.4880497549217044,7.870776056219692,-0.08114860567185467,0.7958734708782984,0.7999997986564471
11,2,32.7,1.479982731913375,7.950368279524399,-0.08012308580903493,0.7959773013011642,0.7999997331663594
11,2,32.800000000000004,1.4720251377598972,8.029971516479927,-0.07893493096716586,0.7960959203929008,0.7999996486205547
11,2,32.9,1.4641957457199422,8.109587463602976,-0.07758414894070231,0.7962286081714325,0.7999995603982977
11,2,33.0,1.4565083079717571,8.18921723811421,-0.045978728599709306,0.15633603275338714,0.16295704532395605
11,2,33.1,1.455,8.140854670153654,-0.0075415398587868054,-0.641812839802796,0.6418571462242757
11,2,33.2,1.4549999999999998,8.060854670153649,0.0,-0.8000000000000185,0.8000000000000185
11,2,33.300000000000004,1.455,7.980854670153648,0.0,-0.79999999999999,0.79999999999999
11,2,33.4,1.4549999999999998,7.900854670153653,-1.7763568394002505e-15,-0.799999999999983,0.799999999999983
11,2,33.5,1.4549999999999998,7.820854670153655,-8.881784197001252e-16,-0.7999999999999687,0.7999999999999687
11,2,33.6,1.4549999999999996,7.740854670153657,0.0,-0.79999999999999,0.79999999999999
11,2,33.7,1.4549999999999998,7.660854670153655,2.6645352591003757e-15,-0.8000000000000256,0.8000000000000256
11,2,33.800000000000004,1.455,7.58085467015365,1.7763568394002505e-15,-0.8000000000000185,0.8000000000000185
11,2,33.9,1.455,7.500854670153654,-1.7763568394002505e-15,-0.8000000000000114,0.8000000000000114
11,2,34.0,1.4549999999999998,7.420854670153651,0.0,-0.7999999999999972,0.7999999999999972
11,2,34.1,1.455,7.340854670153652,1.7763568394002505e-15,-0.79999999999999,0.79999999999999
11,2,34.2,1.455,7.26085467015365,-1.7763568394002505e-15,-0.8000000000000114,0.8000000000000114
11,2,34.300000000000004,1.4549999999999998,7.180854670153647,-2.6645352591003757e-15,-0.8000000000000043,0.8000000000000043
11,2,34.4,1.4549999999999996,7.100854670153652,-8.881784197001252e-16,-0.8000000000000327,0.8000000000000327
11,2,34.5,1.4549999999999996,7.0208546701536445,0.0,-0.8000000000000327,0.8000000000000327
11,2,34.6,1.4549999999999996,6.9408546701536435,0.0,-0.8000000000000114,0.8000000000000114
11,2,34.7,1.4549999999999996,6.860854670153641,0.0,-0.7999999999999972,0.7999999999999972
11,2,34.800000000000004,1.4549999999999996,6.780854670153641,2.6645352591003757e-15,-0.8000000000000185,0.8000000000000185
11,2,34.9,1.455,6.700854670153642,8.881784197001252e-16,-0.8000000000000114,0.8000000000000114
11,2,35.0,1.4549999999999998,6.6208546701536415,-1.7763568394002505e-15,-0.7999999999999758,0.7999999999999758
11,2,35.1,1.4549999999999998,6.540854670153645,1.7763568394002505e-15,-0.7999999999999758,0.7999999999999758
11,2,35.2,1.455,6.460854670153644,1.7763568394002505e-15,-0.7999999999999687,0.7999999999999687
11,2,35.300000000000004,1.455,6.380854670153648,8.881784197001252e-16,-0.7999999999999723,0.7999999999999723
11,2,35.4,1.4550000000000003,6.300854670153653,8.881784197001252e-16,-0.8000000000000043,0.8000000000000043
11,2,35.5,1.4550000000000003,6.220854670153651,0.0,-0.7999999999999865,0.7999999999999865
11,2,35.6,1.4550000000000003,6.140854670153653,8.881784197001252e-16,-0.7999999999999758,0.7999999999999758
11,2,35.7,1.4550000000000005,6.060854670153653,-2.6645352591003757e-15,-0.8000000000000007,0.8000000000000007
11,2,35.800000000000004,1.4549999999999998,5.980854670153651,-8.881784197001252e-16,-0.8000000000000078,0.8000000000000078
11,2,35.9,1.4550000000000003,5.900854670153655,0.0,-0.8000000000000327,0.8000000000000327
11,2,36.0,1.4549999999999998,5.820854670153648,-2.6645352591003757e-15,-0.8000000000000362,0.8000000000000362
11,2,36.1,1.4549999999999998,5.740854670153646,0.0,-0.7999999999999972,0.7999999999999972
11,2,36.2,1.4549999999999998,5.660854670153646,1.7763568394002505e-15,-0.7999999999999865,0.7999999999999865
11,2,36.300000000000004,1.455,5.580854670153646,1.7763568394002505e-15,-0.79999999999999,0.79999999999999
11,2,36.4,1.455,5.500854670153651,-1.7763568394002505e-15,-0.799999999999983,0.799999999999983
11,2,36.5,1.4549999999999998,5.420854670153653,0.0,-0.79999999999999,0.79999999999999
11,2,36.6,1.455,5.340854670153651,1.7763568394002505e-15,-0.8000000000000078,0.8000000000000078
11,2,36.7,1.455,5.260854670153649,-2.6645352591003757e-15,-0.8000000000000149,0.8000000000000149
11,2,36.800000000000004,1.4549999999999996,5.1808546701536455,-2.6645352591003757e-15,-0.7999999999999865,0.7999999999999865
11,2,36.9,1.4549999999999996,5.100854670153655,7.105427357601002e-15,-0.8000000000000966,0.8000000000000966
11,2,36.919818337692064,1.4549999999999998,5.085,1.120399744797625e-14,-0.8000000000001524,0.8000000000001524
11,3,0.0,5.609999999999999,0.9599999999999999,0.7287838756978715,-0.3299606984517911,0.8000000000000028
11,3,0.1,5.682878387569787,0.9270039301548207,0.7299737868224199,-0.3272748016385645,0.799981578060036
11,3,0.2,5.755994757364483,0.8945450396722869,0.7326007605785492,-0.3213451315191431,0.799979104696694
11,3,0.30000000000000004,5.8293985396854975,0.8627349038509923,0.7366604117020223,-0.3119027433468293,0.799969926607414
11,3,0.4,5.903326839704889,0.8321644910029211,0.7408876274995961,-0.3017232396466998,0.7999696181261388
11,3,0.5,5.977576065185416,0.8023902559216525,0.7442787480908919,-0.2932211096284494,0.7999559200302754
11,3,0.6000000000000001,6.052182589323066,0.7735202690772311,0.7483611353974098,-0.2826557766374225,0.7999616722317419
11,3,0.7000000000000001,6.127248292264899,0.745859100594168,0.753211949403191,-0.2694426087421711,0.7999547237997547
11,3,0.8,6.2028249792037045,0.719631747328797,0.7579575705469814,-0.2557331277072601,0.7999369421125769
11,3,0.9,6.278839806374295,0.694712475052716,0.7625011201188912,-0.2417510688357547,0.7999072055343629
11,3,1.0,6.3553252032274825,0.671281533561646,0.7673484626093092,-0.2258306177848568,0.7998894492353056
11,3,1.1,6.432309498896156,0.6495463514957446,0.7724436337197318,-0.20768160438009753,0.7998755003574209
11,3,1.2000000000000002,6.509813929971429,0.6297452126856264,0.7776954348455476,-0.18697670026381763,0.7998565345242551
11,3,1.3,6.587848585865265,0.6121510114429809,0.7829655267694164,-0.1633519759998756,0.7998242833100115
11,3,1.4000000000000001,6.666407035325313,0.5970748174856514,0.7880539475576072,-0.13641094812088772,0.7997730747082996
11,3,1.5,6.745459375376786,0.5848688218188033,0.7926822713479851,-0.10573396490674636,0.7997029790142723
11,3,1.6,6.824943489594911,0.5759280245043022,0.7964752771884704,-0.07089526672292434,0.7996242905366028
11,3,1.7000000000000002,6.90475443081448,0.5706897684742184,0.7989430456011988,-0.03149039411903232,0.7995634027619642
11,3,1.8,6.98473209871515,0.5696299456804957,0.7991084607524002,0.017772088442602474,0.7993060610139785
11,3,1.9000000000000001,7.06457612296496,0.574244186162739,0.7958163953713822,0.07397070830561603,0.7992467709219315
11,3,2.0,7.143895377789424,0.5844240873416189,0.7870214997842169,0.13673798148274763,0.7988116903892771
11,3,2.1,7.221980422921805,0.6015917824592887,0.7710947151284557,0.20803159880652755,0.7986640130875025
11,3,2.2,7.298114320815116,0.6260304071029245,0.7441362618288494,0.28860219792026776,0.7981415944636787
11,3,2.3000000000000003,7.370807675287575,0.6593122220433423,0.7047755356214367,0.3741975132561617,0.7979550955646428
11,3,2.4000000000000004,7.439069427939403,0.7008699097541569,0.6544486750799194,0.4560154118920168,0.797654765043692
11,3,2.5,7.501697410303559,0.7505153044217456,0.5937679627095136,0.5328422471252625,0.7977977524797283
11,3,2.6,7.557823020481304,0.8074383591792091,0.5264079515253286,0.5999648672554567,0.7981623728101636
11,3,2.7,7.606979000608625,0.870508277872837,0.45651607694923513,0.6551276255220184,0.7984980489864945
11,3,2.8000000000000003,7.649126235871151,0.9384638842836129,0.39044931994487087,0.6969180817879721,0.7988400867310295
11,3,2.9000000000000004,7.685068864597599,1.0098918942304316,0.33199666827860597,0.7268791292316612,0.7991089138913874
11,3,3.0,7.715525569526873,1.083839710129945,0.27921403458252314,0.7489943734733258,0.7993453875531843
11,3,3.1,7.7409116715141035,1.1596907689250964,0.2325225389821668,0.7649904698851389,0.7995480912051499
11,3,3.2,7.762030077323307,1.236837804106973,0.1938785094005695,0.7758315400525468,0.7996895991243685
11,3,3.3000000000000003,7.779687373394218,1.3148570769356058,0.15997333677128722,0.7835882091541952,0.7997511800574092
11,3,3.4000000000000004,7.7940247446775635,1.393555445937812,0.1312421256576215,0.7890121208144825,0.7998528754335378
11,3,3.5,7.805935798525743,1.4726595010985024,0.1072342548593781,0.7926509557086723,0.7998716915862929
11,3,3.6,7.815471595649438,1.5520856370795462,0.0863642133305973,0.7952437090477957,0.7999195797855608
11,3,3.7,7.823208641191863,1.6317082429080618,0.06955691872833114,0.7969105602003035,0.7999403764667347
11,3,3.8000000000000003,7.829382979395105,1.7114677491196069,0.054789810732195576,0.7980764914951504,0.7999550047579418
11,3,3.9000000000000004,7.834166603338303,1.791323541207092,0.04279761663382686,0.7988291192748136,0.7999747482207863
11,3,4.0,7.837942502721872,1.8712335729745695,0.03322843608346915,0.7992900504099367,0.7999804457915658
11,3,4.1000000000000005,7.840812290554996,1.9511815512890796,0.02518993275054271,0.7995915810822964,0.7999882681950177
11,3,4.2,7.84298048927198,2.031151889191029,0.019290109729823257,0.7997616012375204,0.7999942044461268
11,3,4.3,7.84467031250096,2.111133871536583,0.015148516295568015,0.7998534845871887,0.7999969214642174
11,3,4.4,7.846010192531093,2.1911225861084667,0.012424975022319984,0.7999025681545042,0.7999990615897474
11,3,4.5,7.847155307505425,2.271114385167484,0.011323907124356936,0.7999198099333036,0.7999999582476824
11,3,4.6000000000000005,7.848274973955966,2.351106548095127,0.011737134902162438,0.7999136147829535,0.7999997196567278
11,3,4.7,7.849502734485856,2.431097108124075,0.01382221653472726,0.7998784758831459,0.7999978936541504
11,3,4.800000000000001,7.851039417262912,2.511082243271756,0.01746118709097999,0.7998049227414619,0.7999955046724337
11,3,4.9,7.852994971904053,2.5910580926723674,0.02235650186531757,0.7996798605524074,0.7999923078060012
11,3,5.0,7.855510717635976,2.671018215382237,0.029397754644627128,0.7994437147473743,0.7999840504830249
11,3,5.1000000000000005,7.858874522832979,2.7509468356218423,0.038283960979967446,0.7990621847930388,0.7999787727399648
11,3,5.2,7.863167509831969,2.830830652340845,0.047813861608538843,0.7985463451805082,0.7999765188823156
11,3,5.300000000000001,7.868437295154686,2.910656104657944,0.05868767341373626,0.7978133822890392,0.7999690218815938
11,3,5.4,7.8749050445147155,2.9903933287986533,0.06992160862630925,0.796911374994405,0.7999729813864741
11,3,5.5,7.882421616879947,3.0700383796568245,0.08067749328098728,0.7958914515902737,0.7999700373367598
11,3,5.6000000000000005,7.891040543170913,3.149571619116708,0.09234390784158109,0.7946177367188092,0.7999654647693093
11,3,5.7,7.900890398448264,3.2289619270005865,0.10382603192825712,0.7932056371192377,0.7999718917960201
11,3,5.800000000000001,7.911805749556564,3.3082127465405557,0.11535129549999823,0.7916042114495596,0.7999644673097719
11,3,5.9,7.923960657548265,3.387282769290499,0.12719423737455315,0.7897915662293791,0.7999681819349753
11,3,6.0,7.937244597031475,3.466171059786431,0.13839646711150522,0.7879065759236568,0.7999689709561784
11,3,6.1000000000000005,7.951639950970566,3.54486408447523,0.15003965416991605,0.7857690471056351,0.7999655575165258
11,3,6.2,7.967252527865457,3.6233248692075586,0.16123480418196579,0.7835566076321783,0.7999735117137593
11,3,6.300000000000001,7.98388691180696,3.7015754060016657,0.17211035034700473,0.7812345215948362,0.7999683433912128
11,3,6.4,8.001674597934858,3.7795717735265257,0.18302718930809903,0.778753760778045,0.7999727320052673
11,3,6.5,8.02049234966858,3.8573261581572744,0.19293251761675378,0.7763630792087568,0.7999766166035364
11,3,6.6000000000000005,8.04026110145821,3.934844389368278,0.20307457918660532,0.7737691564801459,0.7999737447140458
11,3,6.7,8.061107265505902,4.012079989453303,0.21246733635195625,0.7712527997565424,0.7999832811683008
11,3,6.800000000000001,8.082754568728602,4.089094949319587,0.21974790270055422,0.7692154039780057,0.7999884239527086
11,3,6.9,8.105056846046011,4.165923070248904,0.2256188599021982,0.7675191554383076,0.7999934524158937
11,3,7.0,8.12787834070904,4.242598780407247,0.22954625750130475,0.7663586060737622,0.7999981233954084
11,3,7.1000000000000005,8.150966097546272,4.319194791463657,0.23145120946651332,0.7657869289122559,0.7999995517851095
11,3,7.2,8.174168582602343,4.395756166189699,0.23168500662221447,0.7657164550928108,0.7999997699333645
11,3,7.300000000000001,8.197303098870716,4.472338082482219,0.2302098150724916,0.766159912969858,0.7999984819971168
11,3,7.4,8.22021054561684,4.548988148783671,0.22720267793771853,0.7670547738077858,0.7999963017935671
11,3,7.5,8.24274363445826,4.625749037243776,0.2221732839259758,0.7685204734663991,0.7999904288349144
11,3,7.6000000000000005,8.264645202402036,4.7026922434769505,0.21528761748340486,0.7704721730715676,0.7999850796854304
11,3,7.7,8.28580115795494,4.77984347185809,0.2071255583191558,0.7727000886208586,0.7999790146395747
11,3,7.800000000000001,8.306070314065867,4.857232261201123,0.19660440587210104,0.7754282854303405,0.7999639480962624
11,3,7.9,8.325122039129361,4.934929128944158,0.18372637192074137,0.7785684149552345,0.7999525964112278
11,3,8.0,8.342815588450014,5.012945944192169,0.16956285220462775,0.7817660534137509,0.7999435749588093
11,3,8.1,8.359034609570287,5.091282339626908,0.15243977766308348,0.7852507799317152,0.7999104157324978
11,3,8.200000000000001,8.373303543982631,5.169996100178513,0.13240385469694615,0.7888596468085538,0.7998939449086524
11,3,8.3,8.385515380509675,5.249054268988619,0.11122769007958766,0.7921119955138245,0.7998831242608722
11,3,8.4,8.39554908199855,5.328418499281277,0.08542137978790976,0.7952369762032667,0.7998116406040771
11,3,8.5,8.402599656467256,5.408101664229272,0.05674509868593702,0.7977997114296826,0.7998152197740186
11,3,8.6,8.406898101735736,5.487978441567213,0.026223816924442644,0.7993009141044745,0.7997309796815021
11,3,8.700000000000001,8.407844419852145,5.567961847050168,-0.009074858290240684,0.7996232737929638,0.7996747670424303
11,3,8.8,8.405083130077688,5.647903096325806,-0.04610977548303197,0.7983357255519543,0.7996662066685456
11,3,8.9,8.398622464755539,5.727628992160558,-0.08788484917674566,0.794679944242251,0.7995248341957155
11,3,9.0,8.38750616024234,5.806839085174255,-0.13167289008362815,0.7886689006406087,0.7995851329412281
11,3,9.1,8.372287886738814,5.88536277228868,-0.17769873238065514,0.7793958816433211,0.7993965097573678
11,3,9.200000000000001,8.35196641376621,5.96271826150292,-0.22608309279409866,0.7668117897821141,0.799445986790974
11,3,9.3,8.327071268179994,6.038725130245104,-0.2731305442908081,0.7512615549437172,0.7993711391844497
11,3,9.4,8.297340304908047,6.112970572491664,-0.3202722770057349,0.7324446075951592,0.7994056758703086
11,3,9.5,8.263016812778847,6.185214051764135,-0.3621234354749703,0.7128586339973637,0.7995628896996048
11,3,9.600000000000001,8.224915617813053,6.255542299291137,-0.4016693867143033,0.6912843245042062,0.7995075443850927
11,3,9.700000000000001,8.182682935435986,6.323470916664977,-0.43864530635178767,0.6685760842863004,0.7996272164352937
11,3,9.8,8.137186556542696,6.389257516148397,-0.47007969212707934,0.6468998319852979,0.799658870752333
11,3,9.9,8.088666997010572,6.452850883062037,-0.5016108172564842,0.6227193499590733,0.7996204104462121
11,3,10.0,8.0368643930914,6.513801386140211,-0.530918863018222,0.5980449996937978,0.7997078596383282
11,3,10.100000000000001,7.982483224406926,6.572459883000795,-0.5561459932208521,0.5746660368447962,0.7997120854898423
11,3,10.200000000000001,7.925635194447231,6.62873459350917,-0.5820838451624297,0.5483092332257371,0.7996653162665461
11,3,10.3,7.86606645537444,6.682121729645943,-0.6065364220952603,0.5212269780205361,0.7997274497880763
11,3,10.4,7.804327910028181,6.732979989113277,-0.6277543290370318,0.4954675449167638,0.799727194542351
11,3,10.5,7.740515589567034,6.781215238629295,-0.6499379713634852,0.4658662605168189,0.7996566383817539
11,3,10.600000000000001,7.674340315755482,6.82615324121664,-0.6711291676751614,0.4348795163761352,0.7997090430074528
11,3,10.700000000000001,7.606289756032,6.868191141904523,-0.6896063745858925,0.4048928031312258,0.7996843964320923
11,3,10.8,7.536419040838305,6.907131801842885,-0.7088268621969931,0.37001394643084495,0.7995910461763334
11,3,10.9,7.464524383592602,6.942193931190692,-0.7268956862872713,0.3332452262767376,0.7996434953022986
11,3,11.0,7.39103990358085,6.973780847098232,-0.7425881922564912,0.2964602245031074,0.7995785689919387
11,3,11.100000000000001,7.316006745141303,7.001485976091314,-0.7571569156900111,0.25699447949848775,0.7995828646675148
11,3,11.200000000000001,7.2396085204428475,7.02517974299793,-0.7689011735719831,0.21975997992963414,0.7996896044710384
11,3,11.3,7.162226510426907,7.0454379720772415,-0.7784392307008119,0.1829409356820122,0.7996468106872445
11,3,11.4,7.083920674302686,7.061767930134332,-0.7860504379772237,0.14736049824696806,0.7997439637082483
11,3,11.5,7.0050164228314635,7.074910071726635,-0.7913486849030988,0.11565161105600197,0.7997549851283909
11,3,11.600000000000001,6.9256509373220645,7.084898252345533,-0.7952881640493743,0.08465941121060894,0.7997815200312842
11,3,11.700000000000001,6.845958790021588,7.091841953968758,-0.7978071630422932,0.05715617432851161,0.7998519223365431
11,3,11.8,6.766089504713607,7.096329487211235,-0.7992174244435688,0.031768036725424054,0.7998485479711765
11,3,11.9,6.6861153051328746,7.098195561313843,-0.7998528716546787,0.008381837630714983,0.7998967880272452
11,3,12.0,6.606118930382672,7.098005854737377,-0.799841997104167,-0.011031186280995087,0.7999180629304157
11,3,12.100000000000001,6.52614690571204,7.095989324057643,-0.7993921127319155,-0.02925847954072225,0.7999273770305841
11,3,12.200000000000001,6.446240507836287,7.092154158829233,-0.7986916206815877,-0.044975550841527934,0.7999569395414231
11,3,12.3,6.366408581575723,7.086994213889338,-0.7978862979396837,-0.057623892474254035,0.7999644100982105
11,3,12.4,6.2866632482483515,7.080629380334383,-0.7970004409415807,-0.06891469562360442,0.7999743359220771
11,3,12.5,6.2070084933874075,7.073211274764617,-0.7961905123832942,-0.07784083460520463,0.7999865796006876
11,3,12.600000000000001,6.127425145771692,7.06506121341334,-0.795519736827142,-0.08446513017310764,0.7999912561376439
11,3,12.700000000000001,6.047904546021978,7.056318248729996,-0.7949762325783425,-0.08947823418589707,0.7999959779633152
11,3,12.8,5.968429899256025,7.047165566576161,-0.7946400789557551,-0.09244321227662766,0.7999991266112922
11,3,12.9,5.888976530230828,7.03782960627467,-0.7945268279830096,-0.09341813827342804,0.7999998930895029
11,3,13.0,5.809524533659423,7.028481938921475,-0.7946324457656893,-0.09250756423919881,0.7999989833149981
11,3,13.100000000000001,5.730050041077689,7.01932809342683,-0.7949436222563797,-0.08977450406003129,0.7999967650842835
11,3,13.200000000000001,5.650535809208146,7.010527038109467,-0.7954442036625764,-0.08518202078849413,0.7999921610903458
11,3,13.3,5.570961200345175,7.00229168926913,-0.7961445211017661,-0.07828836144964413,0.7999844786111983
11,3,13.4,5.491306904987794,6.9948693658195396,-0.7969397261708124,-0.06966751820907291,0.7999790561274844
11,3,13.5,5.411573255111013,6.988358185627316,-0.7977790768705937,-0.05910042662017645,0.7999651966924458
11,3,13.600000000000001,5.331751089613674,6.9830492804955036,-0.7986389794673379,-0.0457701730776634,0.7999494535707804
11,3,13.700000000000001,5.251845459217544,6.979204151011785,-0.7993476279060339,-0.030853383533013812,0.7999428489051192
11,3,13.8,5.171881564032468,6.976878603788901,-0.7997981211221621,-0.013354975381261625,0.7999096135926701
11,3,13.9,5.091885834993112,6.976533155935532,-0.7998606022898969,0.007093376935330298,0.7998920546498154
11,3,14.0,5.011909443574489,6.978297279175966,-0.7993730603430116,0.028588872925794817,0.7998841248939245
11,3,14.100000000000001,4.932011222924509,6.982250930520691,-0.7979761598370771,0.05424691989863106,0.7998179042674758
11,3,14.200000000000001,4.852314211607073,6.989146663155693,-0.7955875269092161,0.08223978083467642,0.7998267903272922
11,3,14.3,4.772893717542667,6.9986988866876265,-0.7919621307195541,0.11137501778671322,0.799755219477089
11,3,14.4,4.6939217854631625,7.011421666713035,-0.7865725548275364,0.14437297473779154,0.799712410709348
11,3,14.5,4.61557920657716,7.0275734816351845,-0.7797254275445056,0.17776459666027478,0.7997324516269502
11,3,14.600000000000001,4.53797669995426,7.04697458604509,-0.7702568711777538,0.21467564404269268,0.7996132063327166
11,3,14.700000000000001,4.461527832341608,7.0705086104437225,-0.7585779333102494,0.25301931944295575,0.7996619641552458
11,3,14.8,4.386261113292211,7.097578449933682,-0.702302245642553,0.31351712416107347,0.769104304614662
11,3,14.9,4.321067383213098,7.133212035275936,-0.3032463463140047,0.577291782167066,0.6520921317654588
11,3,15.0,4.32561184402941,7.213036806367094,0.014606740148511932,0.798987572260252,0.7991210781127585
11,3,15.100000000000001,4.3239887312428005,7.293009549727989,-0.0334577864785075,0.7990364906900282,0.7997366672413345
11,3,15.200000000000001,4.318920286733708,7.3728441045050985,-0.0631223828680838,0.797370634689031,0.7998652163229335
11,3,15.3,4.311364254669184,7.4524836766657945,-0.08558299356236532,0.7953203482952915,0.7999118108889502
11,3,15.4,4.301803688021235,7.531908174164156,-0.10412994831052913,0.7931280095926212,0.7999344258972148
11,3,15.5,4.290538265007078,7.611109278584318,-0.12064757805967474,0.7907931027304187,0.799943478889395
11,3,15.600000000000001,4.2776741724093,7.690066794710241,-0.1358160141069682,0.7883399521018362,0.799953667263192
11,3,15.700000000000001,4.263375062185684,7.768777269004685,-0.1503888027386644,0.7856890306832298,0.7999525266696281
11,3,15.8,4.247596411861568,7.847204600846886,-0.1646737632170705,0.7828233865583201,0.7999561880720149
11,3,15.9,4.23044030954227,7.925341946316348,-0.17848793847374012,0.7797879706705757,0.799954513321314
11,3,16.0,4.21189882416682,8.003162194981,-0.1924562665957339,0.7764580503640204,0.7999540727610953
11,3,16.1,4.191949056223122,8.080633556389152,-0.20689484832564276,0.7727330047803918,0.7999511078438629
11,3,16.2,4.170519854501691,8.157708795937078,-0.22183647202734846,0.7685731732222294,0.7999475876071054
11,3,16.3,4.147581761817652,8.234348191033597,-0.23719185449088087,0.7639667096501341,0.7999406911080817
11,3,16.400000000000002,4.123081483603515,8.310502137867108,-0.25322316931617905,0.7587941242428684,0.7999315573622733
11,3,16.5,4.0969371279544164,8.386107015882171,-0.2701533088863428,0.7529217385673874,0.7999212178143402
11,3,16.6,4.069050821826246,8.461086485580585,-0.2881491884195668,0.7462072510023248,0.799909505028726
11,3,16.7,4.039307290270504,8.535348466082636,-0.30739314746943336,0.7384740568881369,0.7998965431904229
11,3,16.8,4.0075721923323595,8.608781296958211,-0.3281849149642895,0.7294532799474069,0.7998796322173405
11,3,16.900000000000002,3.973670307277645,8.68123912207212,-0.35105976616526746,0.7186905921326314,0.7998494399822786
11,3,17.0,3.937360239099306,8.752519415384738,-0.375885603084118,0.7059842684295887,0.7998148372442041
11,3,17.1,3.898493186660821,8.822435975758035,-0.40262380147623844,0.6910266859567784,0.7997648443258715
11,3,17.2,3.856835478804059,8.890724752576093,-0.43202881235243495,0.6729609709971953,0.7997032969721605
11,3,17.3,3.812087424190334,8.957028169957473,-0.4651314287027972,0.6503919120959409,0.7995979522778429
11,3,17.400000000000002,3.7638091930634983,9.020803134995282,-0.501128864181922,0.6229672625911107,0.799511318729463
11,3,17.5,3.7118616513539497,9.081621622475694,-0.5406098152847285,0.5887328571588952,0.799290528832079
11,3,17.6,3.6556872300065533,9.13854970642706,-0.5832594864016194,0.546280791689469,0.7991334881272051
11,3,17.7,3.5952097540736268,9.190877780813588,-0.6286533031166464,0.4927438202403849,0.7987499282657613
11,3,17.8,3.5299565693832244,9.237098470475136,-0.6750318397362847,0.42640646289311945,0.7984299945861092
11,3,17.900000000000002,3.4602033861263677,9.276159073392213,-0.7182059120248923,0.3478767496555619,0.7980212810561043
11,3,18.0,3.3863153869782465,9.30667382040625,-0.7555598000688875,0.25597046556640635,0.7977414936697351
11,3,18.1,3.30909142611259,9.327353166505494,-0.7816977708720749,0.16124418505710025,0.7981548046595343
11,3,18.2,3.229975832803832,9.338922657417669,-0.794840685400807,0.07990578383393654,0.7988470751392537
11,3,18.3,3.1501232890324293,9.34333432327228,-0.7991633813143508,0.01648672774576454,0.7993334236884815
11,3,18.400000000000002,3.0701431565409596,9.342220002966823,-0.7991079168146484,-0.03023004414807673,0.7996795097318936
11,3,18.5,2.9903017056695003,9.337288314442665,-0.797486031723901,-0.061614849320548615,0.7998627135024665
11,3,18.6,2.91064595019618,9.329897033102712,-0.7959388959079696,-0.08014279788002909,0.7999634954616597
11,3,18.7,2.831113926487907,9.32125975486666,-0.7952298343865891,-0.087209589778098,0.799997501275964
11,3,18.8,2.751599983318863,9.312455115147094,-0.7952198130063444,-0.08731515959836855,0.7999990550579006
11,3,18.900000000000002,2.672069963886636,9.303796722946986,-0.7948337843168343,-0.09062440780870418,0.7999834548177219
11,3,19.0,2.5926332264554963,9.294330233585352,-0.7931220843754989,-0.1040564617619566,0.7999189883722936
11,3,19.1,2.5134455470115364,9.282985430594595,-0.7891403046686563,-0.12990461233428618,0.7997609822679903
11,3,19.200000000000003,2.434805165521763,9.268349311118495,-0.7814106780320706,-0.169167803424223,0.7995125974354106
11,3,19.3,2.3571634114051228,9.249151869909749,-0.7672883881900301,-0.22317365653889,0.7990856972967246
11,3,19.400000000000002,2.2813474878837576,9.223714579810718,-0.742164113828796,-0.29436450475245834,0.7984096902677486
11,3,19.5,2.208730588639364,9.190278968959257,-0.7018342063101972,-0.37918810793065916,0.7977185433115478
11,3,19.6,2.1409806466217187,9.147876958224586,-0.64819187961767,-0.46506925819728906,0.7977732307632694
11,3,19.700000000000003,2.0790922127158282,9.097265117319797,-0.588398758997295,-0.5394876776670472,0.7982856969432314
11,3,19.8,2.0233008948222597,9.039979422691177,-0.5304032061859552,-0.5973212535849868,0.7988242867594105
11,3,19.900000000000002,1.9730115714786378,8.9778008666028,-0.47859869919125053,-0.6400287356091425,0.7991830186340265
11,3,20.0,1.92758115498401,8.91197367556935,-0.43265739954872373,-0.6722363250292176,0.7994336132994733
11,3,20.1,1.8864800915688935,8.843353601596956,-0.3936394127689571,-0.6960490893878557,0.7996476237210691
11,3,20.200000000000003,1.8488532724302176,8.772763857691777,-0.3611917866728067,-0.7135447460331363,0.7997534691086918
11,3,20.3,1.8142417342343322,8.70064465239033,-0.3342766679643887,-0.7266488371467261,0.7998496254122167
11,3,20.400000000000002,1.7819979388373401,8.627434090262431,-0.31298736438371755,-0.7361314138798534,0.7999065875242046
11,3,20.5,1.7516442613575887,8.55341836961436,-0.2963008497383637,-0.7430483928638978,0.7999469405487453
11,3,20.6,1.7227377688896677,8.478824411689653,-0.28427196012612654,-0.7477644947007533,0.7999764289333925
11,3,20.700000000000003,1.6947898693323624,8.403865470674207,-0.27509082600475665,-0.7511959993253683,0.7999814947574837
11,3,20.8,1.6677196036887167,8.328585211824578,-0.2660787696423128,-0.7544326471123881,0.7999790814036153
11,3,20.900000000000002,1.6415741154038999,8.25297894125173,-0.2557419417833007,-0.7579891119757889,0.7999696460872363
11,3,21.0,1.6165712153320566,8.17698738942942,-0.2439905238828457,-0.7618479119219899,0.7999647596266486
11,3,21.1,1.592776010627331,8.100609358867331,-0.23080986676597615,-0.7659316106517053,0.7999527653505819
11,3,21.200000000000003,1.5704092419788607,8.023801067299077,-0.21599935726405128,-0.7702306270067396,0.7999443362620167
11,3,21.3,1.5495761391745209,7.946563233465984,-0.19988575710105927,-0.7745577966056345,0.7999338073706094
11,3,21.400000000000002,1.5304320905586488,7.8688895079779515,-0.18196215073521138,-0.7789489440962782,0.7999197971102419
11,3,21.5,1.5131837090274787,7.790773444646729,-0.16264372053662335,-0.783201369382482,0.7999108480528253
11,3,21.6,1.4979033464513245,7.712249234101456,-0.14209083334962802,-0.7871764560872876,0.7998978546915432
11,3,21.700000000000003,1.4847655423575525,7.6333381534292695,-0.11990839091611516,-0.7908466569875259,0.7998852774494836
11,3,21.8,1.4739216682681013,7.554079902703951,-0.096787626640233,-0.7940008798039813,0.799878266863243
11,3,21.900000000000002,1.465408017029506,7.474537977468474,-0.07278309254096449,-0.7965494224059242,0.7998677146222605
11,3,22.0,1.4593650497599084,7.394770018222767,-0.047741079790617924,-0.7984350515470027,0.799861076836746
11,3,22.1,1.4558598010713826,7.3148509671590745,-0.02256261780773805,-0.7995443885523628,0.7998626763313248
11,3,22.200000000000003,1.454852526198361,7.234861140512291,0.003118491142508617,-0.799847480783427,0.799853560036211
11,3,22.3,1.4564834992998843,7.15488147100239,0.028809037049794206,-0.7993440217821473,0.7998630043792464
11,3,22.400000000000002,1.4606143336083197,7.074992336155861,0.05405496689797129,-0.7980300625621979,0.7998586876438651
11,3,22.5,1.4672944926794784,6.99527545848995,0.078921294588989,-0.7959668589996483,0.7998698715199667
11,3,22.6,1.4763985925261176,6.915798964355931,0.027572980565725658,-0.631174728052784,0.6317767062734932
11,3,22.700000000000003,1.4728090887926237,6.869040512879392,-0.2783984562374586,0.06977029899290699,0.2870080052140703
11,3,22.8,1.4207189012786277,6.9297530241545084,-0.5136291943535314,0.613210693369787,0.7999014337750074
11,3,22.900000000000002,1.370083249921918,6.99168265155335,-0.4983351871121142,0.6256787778576225,0.7998824237195576
11,3,23.0,1.321051863856205,7.054888779726033,-0.4814709922652636,0.638723355915289,0.7998636394939993
11,3,23.1,1.2737890514688657,7.119427322736406,-0.46288769040077415,0.6523006088475825,0.7998506724554838
11,3,23.200000000000003,1.2284743257760489,7.1853489014955505,-0.44155091271265157,0.6668896371327477,0.7998181022160123
11,3,23.3,1.1854788689263356,7.252805250162956,-0.4166298135509834,0.6826868487170472,0.7997760529990503
11,3,23.400000000000002,1.1451483630658525,7.321886271238959,-0.3898540454083328,0.6983090903685181,0.7997635665698641
11,3,23.5,1.1075080598446692,7.39246706823666,-0.36003317770856746,0.7140429255188607,0.7996756770931964
11,3,23.6,1.0731417275241395,7.46469485634273,-0.3251443098197946,0.7305241770835522,0.799615154628645
11,3,23.700000000000003,1.0424791978807093,7.538571903653373,-0.28672946466957683,0.7463783659295942,0.7995589102983177
11,3,23.8,1.0157958345902243,7.613970529528649,-0.24379476386273868,0.7613828250081198,0.7994621273732945
11,3,23.900000000000002,0.9937202451081619,7.690848468654996,-0.19499256650988794,0.7752110829977283,0.7993586955782891
11,3,24.0,0.9767973212882465,7.769012746128193,-0.1425215008731362,0.786471974145222,0.7992812673439895
11,3,24.1,0.9652159449335349,7.84814286348404,-0.08614971970269547,0.7945589408013376,0.7992156683975837
11,3,24.200000000000003,0.9595673773477073,7.927924534288463,-0.024079165215554532,0.798775628439266,0.7991384803562035
11,3,24.3,0.960400111890424,8.007897989171893,0.04001102174553228,0.798099150722777,0.7991014555396202
11,3,24.400000000000002,0.967569581696814,8.087544364433018,0.10349308760995779,0.7922979508412666,0.799028699165626
11,3,24.5,0.9810987294124153,8.166357579340145,0.16625357360308968,0.7815555282148807,0.7990427362907688
11,3,24.6,1.000820296417432,8.243855470075994,0.22651939546646993,0.7663410395632155,0.799118029731106
11,3,24.700000000000003,1.0264026085057099,8.319625787252791,0.2828692305187692,0.7475024206080434,0.7992339272010197
11,3,24.8,1.0573941425211855,8.393355954197602,0.33435999023666696,0.7260872030139254,0.7993742736989033
11,3,24.900000000000002,1.0932746065530432,8.464843227855575,0.38123597032571244,0.7027218592431055,0.7994741249898426
11,3,25.0,1.1336413365863276,8.533900326046222,0.4228874374623901,0.6785810752065515,0.7995661701147607
11,3,25.1,1.177852094045521,8.600559442896884,0.45865223619545326,0.6550040711082374,0.7996200391032323
11,3,25.200000000000003,1.2253717838254194,8.664901140267872,0.48951777605925173,0.6323476259754699,0.7996819199874463
11,3,25.3,1.275755649257371,8.727028968091977,0.5162439009345912,0.610826666020742,0.7997605774068756
11,3,25.400000000000002,1.3286205640123374,8.78706647347202,0.5402112733502316,0.5897907173162054,0.7998007940025083
11,3,25.5,1.3837979039274169,8.844987111555216,0.5608378768860396,0.570282393645769,0.7998506939750621
11,3,25.6,1.440788139389545,8.901122952201174,0.5777444657544031,0.5531850005197043,0.7998764357760678
11,3,25.700000000000003,1.499346797078299,8.955624111659159,0.5930856817092574,0.5367325866678954,0.7998953027989002
11,3,25.8,1.559405275731396,9.008469469534752,0.6064450913295056,0.5216355443586806,0.7999245526523295
11,3,25.900000000000002,1.6206358153441998,9.059951220530895,0.6174577704179018,0.5085726205248235,0.7999376279416618
11,3,26.0,1.682896829814976,9.110183993639716,0.6274353883579256,0.4962271759411081,0.7999478587422735
11,3,26.1,1.7461228930157846,9.159196655719116,0.6359233057309339,0.4853297269793657,0.799964620881214
11,3,26.200000000000003,1.8100814909611649,9.20724993903559,0.6431967214592547,0.47565395006765243,0.7999679385518489
11,3,26.3,1.874762237307635,9.254327445732645,0.6495671962851102,0.46693517990213707,0.7999787526678067
11,3,26.400000000000002,1.9399949302181865,9.300636975016017,0.6548305671193528,0.45953081416689656,0.799982275305362
11,3,26.5,2.005728350731505,9.346233608566024,0.65939642035746,0.452964200870845,0.7999876289360951
11,3,26.6,2.071874214289678,9.391229815190187,0.6632920956488295,0.4472436935105861,0.7999895783916232
11,3,26.700000000000003,2.138386769861273,9.435682347268143,0.667554808656103,0.4408426480488856,0.7999822891156028
11,3,26.8,2.2053851760208985,9.479398344799964,0.6726787254170503,0.4329730050243441,0.7999764313456479
11,3,26.900000000000002,2.272922514944683,9.522276948273012,0.6791910364391729,0.4226450481462223,0.7999558117182727
11,3,27.0,2.3412233833087326,9.563927354429207,0.6868179495556586,0.4101157830504931,0.7999461552748149
11,3,27.1,2.4102861048558144,9.60430010488311,0.6955720400648815,0.3950177676275146,0.7999121824684546
11,3,27.200000000000003,2.480337791321711,9.642930907954712,0.7057081771382627,0.3765495036155144,0.7998834664830246
11,3,27.3,2.5514277402834664,9.679610005606213,0.716518132343964,0.3554762301028873,0.799850976211096
11,3,27.400000000000002,2.623641417790503,9.71402615397529,0.7288661154049763,0.329233295523494,0.7997752040834978
11,3,27.5,2.697200963364461,9.745456664710911,0.7419972597140543,0.2982988999600167,0.7997138032699709
11,3,27.6,2.7720408697333134,9.773685933967293,0.7550047221485077,0.263377195051433,0.7996247103108469
11,3,27.700000000000003,2.8482019077941647,9.798132103721198,0.7684729796668623,0.22052137744320532,0.7994875848864161
11,3,27.8,2.9257354656666856,9.817790209455934,0.7810827590792915,0.16985980392062316,0.7993388702664666
11,3,27.900000000000002,3.0044184596100223,9.832104064505321,0.7911020422218726,0.11278792546931271,0.7991017190191051
11,3,28.0,3.0839558741110595,9.840347794549798,0.7974278020232735,0.049381493662387754,0.7989553375226912
11,3,28.1,3.163904020014676,9.841980363237798,0.7988926562407723,-0.015914814655147325,0.7990511607656574
11,3,28.200000000000003,3.2437344053592163,9.837164831618768,0.79536950116516,-0.07839501295570273,0.7992236366875296
11,3,28.3,3.3229779202477077,9.826301360646658,0.7877043089409419,-0.13603342316276468,0.7993642289604325
11,3,28.400000000000002,3.401275267147404,9.809958146986215,0.7774167288060418,-0.1865596778466383,0.7994881385147176
11,3,28.5,3.4784612660089156,9.78898942507733,0.7659317068167972,-0.22952881470646247,0.7995841771119823
11,3,28.6,3.5544616085107625,9.764052384044923,0.754109125296111,-0.2661650394825159,0.7997026954422468
11,3,28.700000000000003,3.6292830910681397,9.735756417180827,0.742190179363238,-0.29799978367363167,0.799781303490377
11,3,28.8,3.70289964438341,9.704452427310198,0.7310147340057327,-0.32463049328431026,0.7998546733647849
11,3,28.900000000000002,3.775486037869286,9.670830318523965,0.7214240122253948,-0.3455156258411378,0.7998960264407992
11,3,29.0,3.847184446828489,9.635349302141972,0.7128471180303642,-0.36295043613800004,0.7999275172020027
11,3,29.1,3.9180554614753578,9.598240231296364,0.7055658984558342,-0.37697611361148375,0.7999588910046608
11,3,29.200000000000003,3.9882976265196577,9.559954079419674,0.6999874603999672,-0.38726977194517076,0.7999752002278947
11,3,29.3,4.058052953555351,9.52078627690733,0.6956418763261354,-0.3950463961730293,0.7999870469125386
11,3,29.400000000000002,4.127426001784884,9.48094480018507,0.6927129356670356,-0.4001776845590612,0.7999958690265182
11,3,29.5,4.196595540688758,9.440750739995519,0.6912276722174582,-0.4027441108230789,0.7999990710256095
11,3,29.6,4.265671536228375,9.400395978020454,0.6909845762347757,-0.4031622239446264,0.7999996646313857
11,3,29.700000000000003,4.334792455935715,9.360118295206592,0.6920644471691553,-0.40130089022210313,0.7999972522006566
11,3,29.8,4.404084425662205,9.320135799976033,0.6943511301646765,-0.39732024491960516,0.7999917930728656
11,3,29.900000000000002,4.4736626819686505,9.28065424622267,0.6977825340864179,-0.3912472423272959,0.7999842932862974
11,3,30.0,4.543640932479488,9.241886351510574,0.7023701517190268,-0.3829252146287061,0.799972218282766
11,3,30.1,4.6141367123124555,9.20406920329693,0.7079251364598349,-0.3725321514866877,0.7999613757694657
11,3,30.200000000000003,4.685225959771457,9.167379921213236,0.7145292313415972,-0.35965445638062477,0.7999395917418117
11,3,30.3,4.757042558580775,9.132138312020805,0.7218779870731709,-0.34464257592443204,0.799928955195798
11,3,30.400000000000002,4.82960155718609,9.09845140602835,0.7299454723263601,-0.32713766178798664,0.7998996451617315
11,3,30.5,4.903031653046046,9.066710779663207,0.7380346357289618,-0.3084823644978343,0.7999103029351203
11,3,30.6,4.977208484331882,9.036754933128783,0.7460075643533983,-0.2885924150929995,0.7998830340254128
11,3,30.700000000000003,5.052233165916728,9.008992296644607,0.7536690412537439,-0.26799746764351084,0.7998997852279197
11,3,30.8,5.12794229258263,8.98315543960008,0.7609634268920047,-0.2464135516823589,0.7998655984100941
11,3,30.900000000000002,5.204425851295128,8.959709586308136,0.7680180902419167,-0.22348859967053158,0.7998743283301046
11,3,31.0,5.281545910631013,8.938457719665974,0.774461474486067,-0.19990786646183523,0.7998460667756364
11,3,31.1,5.359318146192341,8.919728013015769,0.7806028659874116,-0.1743418085998556,0.7998349208515653
11,3,31.200000000000003,5.437666483828497,8.903589357946002,0.7859783684543373,-0.1482065259689378,0.7998294630844274
11,3,31.3,5.516513819883208,8.89008670782198,0.7908111779182114,-0.11950249252450362,0.7997894503179934
11,3,31.400000000000002,5.595828719412139,8.879688859441101,0.7947772686068397,-0.08941399044552156,0.7997910779582006
11,3,31.5,5.675469273604576,8.872203909732876,0.797633384571526,-0.058129870010162676,0.7997487717842562
11,3,31.6,5.755355396326443,8.868062885439068,0.7993645069517399,-0.023845055227639023,0.7997200770475925
11,3,31.700000000000003,5.835342174994926,8.86743489868735,0.7996225041519622,0.011230684039524874,0.7997013676431037
11,3,31.8,5.915279897156836,8.870309022246973,0.7981674034236406,0.04871590619443111,0.7996527017426885
11,3,31.900000000000002,5.994975655679653,8.877178079926235,0.7946485441658311,0.08903643200783762,0.7996210320955552
11,3,32.0,6.074209605990001,8.888116308648542,0.7889825418308227,0.12976938452457176,0.7995833568013483
11,3,32.1,6.1527721640458175,8.903131956831151,0.7807670297559106,0.17227069763520575,0.7995463388807352
11,3,32.2,6.2303630119411855,8.922570448175582,0.7693665583025151,0.21743342166997337,0.7995012156922401
11,3,32.300000000000004,6.306645475706323,8.946618641165147,0.7551444040710216,0.26251209617549165,0.7994721206134889
11,3,32.4,6.381391892755387,8.97507286741068,0.7382677174023726,0.30677586357378317,0.7994689819060837
11,3,32.5,6.454299019186794,9.007973813879902,0.7177909466872308,0.35200748543624627,0.7994580119989417
11,3,32.6,6.524950082092834,9.04547436449793,0.6955333151539236,0.3943180517184999,0.799533187804034
11,3,32.7,6.59340568221758,9.086837424223603,0.6730634067575139,0.4316261723091941,0.7995720743862411
11,3,32.800000000000004,6.659562763444339,9.13179959895977,0.6482061000614792,0.46813055166189343,0.7995732371435283
11,3,32.9,6.723046902229873,9.18046353455598,0.622606273764859,0.5017840422864666,0.799641042733994
11,3,33.0,6.7840840181973086,9.232156407417062,0.5975226637051207,0.5314190244740047,0.7996496190295883
11,3,33.1,6.8425514349709,9.286747339450782,0.5705110798361872,0.5603191502037461,0.7996501999630217
11,3,33.2,6.898186234164548,9.344220237457812,0.5433981068359657,0.5867148897719474,0.7996973580005251
11,3,33.300000000000004,6.951231056338094,9.404090317405174,0.5161225493271715,0.6108284612088255,0.7996836217822146
11,3,33.4,7.001410744029981,9.466385929699573,0.48742566237161356,0.6339831651300756,0.7996989621143414
11,3,33.5,7.048716188812414,9.530886950431187,0.4593299208459243,0.6546646431853702,0.7997310618085002
11,3,33.6,7.093276728199167,9.59731885833665,0.42926893351165774,0.6747132001740184,0.7996935161468429
11,3,33.7,7.134569975514747,9.665829590465991,0.39840691059167455,0.6934292874383701,0.7997326072410004
11,3,33.800000000000004,7.172958110317503,9.736004715824325,0.36789501216256326,0.7100537533926072,0.7997018648727926
11,3,33.9,7.208148977947259,9.80784034114451,0.3350114008397469,0.7261329634266289,0.7996885139023491
11,3,34.0,7.23996039048545,9.881231308509648,0.3020100394938652,0.7404867846998684,0.7997066601387257
11,3,34.1,7.2685509858460335,9.955937698084487,0.2669756725966792,0.7537746379026729,0.7996575607744573
11,3,34.2,7.293355525004787,10.031986236090184,0.23000170172893775,0.7658748700339473,0.7996656172099202
11,3,34.300000000000004,7.314551326191822,10.109112672091278,0.19323180245582705,0.7759521953539661,0.7996501353435559
11,3,34.4,7.332001885495952,10.187176675160973,0.15277181388100303,0.7848598502100685,0.7995900271941009
11,3,34.5,7.345105688968022,10.266084642133288,0.11068247220055127,0.7918960825653514,0.7995936563247458
11,3,34.6,7.354138379936063,10.345555891674046,0.0683511454748782,0.7966254217419433,0.7995523382826524
11,3,34.7,7.358775918062999,10.42540972648168,0.02185375486534724,0.7991887140747167,0.7994874528759748
11,3,34.800000000000004,7.358509130909132,10.505393634488993,-0.026031553057030976,0.7990477654882042,0.7994716838551902
11,3,34.9,7.353569607451592,10.585219279579318,0.03197201042930686,0.36053603895402375,0.36195088732526826
11,3,35.0,7.364903532994996,10.577500842279788,0.179932709900676,-0.41904134298930984,0.45603884398862915
11,3,35.1,7.389556149431728,10.501411010981455,0.2297018411856797,-0.7659424161509207,0.7996441212834628
11,3,35.2,7.410843901232132,10.424312359049601,0.19477502858858742,-0.7755389377626258,0.7996236338100988
11,3,35.300000000000004,7.428511155149446,10.346303223428928,0.15731035837517737,-0.7839961550269336,0.7996227360131417
11,3,35.4,7.442305972907167,10.267513128044218,0.1151906067616224,-0.7912057254653675,0.7995469816685503
11,3,35.5,7.451549276501769,10.188062078335857,0.06949742586324703,-0.7964809664812265,0.799507237095754
11,3,35.6,7.4562054580798165,10.10821693474797,0.023384071944796858,-0.7991054247562772,0.7994474933950507
11,3,35.7,7.456226090890728,10.0282409933846,-0.02372994637752157,-0.7990641777761738,0.7994164562730697
11,3,35.800000000000004,7.4514594688043125,9.948404099192734,-0.07538602052898824,-0.7957290583828751,0.7992920532859651
11,3,35.9,7.44114888678493,9.869095181708028,-0.12963376619939737,-0.7887226994305934,0.7993049542797306
11,3,36.0,7.425532715564434,9.790659559306619,-0.18106143509339745,-0.7785782259549023,0.7993543001755626
11,3,36.1,7.404936599766251,9.713379536517046,-0.23472932652115475,-0.7639478326350826,0.7991959382510118
11,3,36.2,7.378586850260203,9.6378699927796,-0.2883388317482414,-0.7454905145172717,0.7993093200564892
11,3,36.300000000000004,7.347268833416602,9.564281433613589,-0.33757059793669697,-0.7245120714834314,0.799294470340282
11,3,36.4,7.311072730672866,9.492967578482915,-0.3870049760219203,-0.6993092376216126,0.7992535650772213
11,3,36.5,7.269867838212218,9.42441958608927,-0.43228709883086935,-0.672484728828735,0.7994422094957628
11,3,36.6,7.22461531090669,9.358470632717166,-0.47516426561493574,-0.6427549363015359,0.7993215795018752
11,3,36.7,7.1748349850892295,9.295868598828962,-0.5152827422216646,-0.6112882824540264,0.7994933825223771
11,3,36.800000000000004,7.121558762462355,9.23621297622636,-0.5503160593389254,-0.5798851564939156,0.7994464083903915
11,3,36.9,7.064771773221447,9.179891567530182,-0.5835489278711918,-0.5465041054695661,0.7994973974408598
11,3,37.0,7.00484897688812,9.12691215513245,-0.6122987765402996,-0.5142453823097455,0.7995987149687298
11,3,37.1,6.942312017913386,9.077042491068232,-0.6391883673599708,-0.480325555782926,0.799546376707744
11,3,37.2,6.877011303416124,9.030847043975863,-0.6632634506023152,-0.4467192005371885,0.7996727136982195
11,3,37.300000000000004,6.80965932779292,8.987698650960793,-0.6837905998349996,-0.41453376995153235,0.799629808632056
11,3,37.4,6.740253183449127,8.947940289985558,-0.7030436869250565,-0.3810338132214639,0.7996606733754426
11,3,37.5,6.6690505904079105,8.911491888316501,-0.7193047196284255,-0.3495259175159191,0.7997297335319432
11,3,37.6,6.596392239523441,8.878035106482374,-0.7342269806416155,-0.31685553788096854,0.799679117513982
11,3,37.7,6.522205194279584,8.848120780740306,-0.7476104272265758,-0.28402463617464946,0.7997445497482588
11,3,37.800000000000004,6.446870154078123,8.821230179247442,-0.7584834469265083,-0.253561152050537,0.799743957208001
11,3,37.9,6.3705085048942856,8.7974085503302,-0.7685995990181489,-0.22089697838936218,0.799712960175343
11,3,38.0,6.293150234274497,8.77705078356957,-0.7771792315045047,-0.1887507779108759,0.7997714761379612
11,3,38.1,6.215072658593383,8.759658394748024,-0.7840699163891358,-0.15749932753970342,0.7997322501699711
11,3,38.2,6.136336250996668,8.745550918061628,-0.7900128379007327,-0.12426843146029398,0.7997267827862032
11,3,38.300000000000004,6.057070091013234,8.734804708455966,-0.7944409937862851,-0.0921485598985825,0.799767372239905
11,3,38.400000000000006,5.977448052239409,8.727121206081911,-0.7975622244354312,-0.05842640935277643,0.7996994105013779
11,3,38.5,5.897557646126151,8.723119426585411,-0.799388009604943,-0.023428062999592214,0.7997312448792191
11,3,38.6,5.817570450318423,8.722435593481993,-0.7996296929810107,0.010680224173917452,0.7997010148082285
11,3,38.7,5.737631707529947,8.725255471420196,-0.7982259085680923,0.04771588900152324,0.7996508032713793
11,3,38.800000000000004,5.657925268604802,8.731978771282298,-0.7952110229681999,0.08466179246758543,0.7997050644793713
11,3,38.900000000000006,5.578589502936304,8.742187829913712,-0.7898694114481657,0.12421635847507417,0.7995770074572428
11,3,39.0,5.499951386315173,8.756822042977312,-0.7823761358498622,0.1652706937752484,0.7996416823604895
11,3,39.1,5.422114275766335,8.77524196866876,-0.7721314784366875,0.2073439748133623,0.7994864250781429
11,3,39.2,5.3455250906278335,8.798290837939984,-0.7589160735211813,0.25156740166353586,0.7995247114558435
11,3,39.300000000000004,5.270331061062096,8.825555449001468,-0.7427031602253287,0.2958045753038121,0.7994425126169854
11,3,39.400000000000006,5.196984458582766,8.857451753000747,-0.7244726616647483,0.33828522344486345,0.7995608356471358
11,3,39.5,5.12543652872915,8.89321249369044,-0.7047369247663156,0.37764721746498964,0.7995445916195874
11,3,39.6,5.056037073629506,8.932981196493744,-0.684516974414958,0.4134188561548271,0.7996740829153924
11,3,39.7,4.988533133846156,8.975896264921406,-0.6641659918008749,0.44537127658063724,0.799669956086826
11,3,39.800000000000004,4.923203875269329,9.022055451809873,-0.6444191514110607,0.473684333192665,0.7997830269626451
11,3,39.900000000000006,4.859649303563942,9.07063313155994,-0.6257667729860508,0.49806922300112433,0.7997855994416999
11,3,40.0,4.798050520672121,9.121669296410095,-0.6083057174553268,0.5193713115222494,0.7998639916393169
11,3,40.1,4.737988160072879,9.174507393864388,-0.5927455816191838,0.5370791714996486,0.7998758409827199
11,3,40.2,4.679501404348283,9.229085130710027,-0.5785946035067333,0.5523574759481775,0.7999190561819085
11,3,40.300000000000004,4.622269239371531,9.284978889054026,-0.5666747071604981,0.5646078640905827,0.7999389126229366
11,3,40.400000000000006,4.566166462916182,9.342006703528146,-0.5562399673957792,0.5749166997371447,0.799957569477974
11,3,40.5,4.511021245892377,9.399962229001451,-0.547964808086892,0.5828367477628333,0.7999775655882237
11,3,40.6,4.456573501298806,9.45857405308071,-0.5412770927747168,0.5890614610828564,0.7999839348985196
11,3,40.7,4.402765827337432,9.517774521218024,-0.5362649759210463,0.5936419342381072,0.7999942940331272
11,3,40.800000000000004,4.349320506114595,9.577302439928333,-0.5332939666036509,0.596316668289802,0.799997514806206
11,3,40.900000000000006,4.296107034016701,9.637037854875986,-0.5317803864215023,0.5976696862774062,0.7999996457983812
11,3,41.0,4.242964428830297,9.696836377183812,-0.5318407722079925,0.5976159515054462,0.7999996452977675
11,3,41.1,4.1897388795751045,9.756561045177072,-0.5334810440562308,0.5961490991265137,0.7999973579685622
11,3,41.2,4.1362682200190495,9.816066197009118,-0.5366740082028656,0.5932706133226091,0.799993132290968
11,3,41.300000000000004,4.08240407793453,9.875215167841596,-0.5410772289921049,0.5892519517446715,0.7999890189050594
11,3,41.400000000000006,4.028052774220627,9.933916587358054,-0.5468646565095838,0.5838725199463397,0.7999800448060151
11,3,41.5,3.973031146632616,9.99198967183086,-0.554386546535337,0.5767180288369431,0.7999675791961488
11,3,41.6,3.9171754649135617,10.04926019312544,-0.5634223923064781,0.5678722267862852,0.7999522848942736
11,3,41.7,3.860346668171319,10.105564117188118,-0.5747699316889445,0.5563321695920251,0.7999162189233844
11,3,41.800000000000004,3.8022214785757713,10.160526627043845,-0.5895078785426904,0.5406090768612302,0.7998610584649404
11,3,41.900000000000006,3.742445092462779,10.213685932560365,-0.6064027452703122,0.5215315901816737,0.7998246614282386
11,3,42.0,3.680940929521711,10.264832945080178,-0.6261446485147424,0.4974492254525984,0.7996954750197355
11,3,42.1,3.617216162759833,10.313175777650883,-0.6496818688018635,0.46606510864374684,0.7995643914938867
11,3,42.2,3.551004555761336,10.358045966808929,-0.6750924484055858,0.42816043129215586,0.7994192697318057
11,3,42.300000000000004,3.4821976730787143,10.398807863909315,-0.7038541406572634,0.3781683355494465,0.7990131046063097
11,3,42.400000000000006,3.410233727629881,10.43367963391882,-0.7335335029730352,0.3161800805713568,0.7987748389464966
11,3,42.5,3.3354909724841106,10.462043880023586,-0.761441117507669,0.23892714321832642,0.798046837721821
11,3,42.6,3.25794550412835,10.481465062562483,-0.784335965984507,0.14515860638365297,0.7976552692385942
11,3,42.7,3.1786237792872067,10.491075601300317,-0.79633117730069,0.04730702393618458,0.7977351054421523
11,3,42.800000000000004,3.09867926866821,10.49092646734972,-0.7967631070686512,-0.047075064305026615,0.7981525608961066
11,3,42.900000000000006,3.0192711578734746,10.481660588439311,-0.7887510174496111,-0.12660576639847676,0.7988474119712364
11,3,43.0,2.9409290651782913,10.465605314070025,-0.7755672004188199,-0.1923861410364367,0.7990725308933961
11,3,43.1,2.864157717789714,10.443183360232023,-0.7608142001098273,-0.24569686367828325,0.7995030931210343
11,3,43.2,2.7887662251563237,10.416465941334367,-0.746712187019039,-0.2860323240172278,0.7996208980669857
11,3,43.300000000000004,2.714815280385904,10.385976895428577,-0.7334740000328086,-0.3188337842848341,0.7997743998938179
11,3,43.400000000000006,2.64207142514976,10.3526991844774,-0.7227353161738375,-0.34272330701318054,0.7998784922817638
11,3,43.5,2.5702682171511397,10.317432234025942,-0.7137884635726355,-0.36107772749310385,0.799919430955998
11,3,43.6,2.499313732435236,10.280483638978781,-0.7067564494887826,-0.37475363066052836,0.7999656008774614
11,3,43.7,2.4289169272533813,10.242481507893835,-0.7022359716118256,-0.3832004481751099,0.7999862144482303
11,3,43.800000000000004,2.358866538112869,10.203843549343757,-0.6996269894060685,-0.387963756624238,0.7999961254652362
11,3,43.900000000000006,2.2889915293721654,10.164888756568986,-0.6984247107864583,-0.3901308701612436,0.799999482806031
11,3,44.0,2.2191815959555803,10.12581737531151,-0.6980119092699049,-0.3908699581472419,0.7999999685404022
11,3,44.1,2.149389147518187,10.08671476493954,-0.6979769008592491,-0.3909324980725586,0.799999982613958
11,3,44.2,2.0795862157837286,10.047630875696996,-0.6982257583991327,-0.39048758167936626,0.7999998507111384
11,3,44.300000000000004,2.0097439958383587,10.008617248603667,-0.6988225502211591,-0.38941762878346253,0.7999994039403648
11,3,44.400000000000006,1.9398217057394946,9.969747349940302,-0.699729017291828,-0.38778537893862364,0.7999988735984315
11,3,44.5,1.8697981923799962,9.931060172815943,-0.7008821634541871,-0.38569570690013677,0.7999981158536675
11,3,44.6,1.7996452730486603,9.892608208560278,-0.7023297087578104,-0.38305185857698376,0.7999973413475274
11,3,44.7,1.729332250628432,9.854449801100545,-0.70424843031393,-0.37950834746428797,0.7999952733577299
11,3,44.800000000000004,1.6587955869858722,9.816706539067418,-0.7065077926294423,-0.3752828925225984,0.7999940690194242
11,3,44.900000000000006,1.5880306921025416,9.779393222596024,-0.7089522008813178,-0.3706398485744842,0.7999919502631142
11,3,45.0,1.5170051468096115,9.742578569352522,-0.7118862532355674,-0.3649639455996265,0.7999879493676274
11,3,45.1,1.445653441455431,9.7064004334761,-0.7153787450212388,-0.35806010533477917,0.7999836172450756
11,3,45.2,1.3739293978053617,9.670966548285564,-0.7191492052785815,-0.35041980019657615,0.7999810096637443
11,3,45.300000000000004,1.3018236003997126,9.636316473436784,-0.7234459892199876,-0.34143587164312805,0.7999703455523768
11,3,45.400000000000006,1.229240199961362,9.602679373956938,-0.7284548073930868,-0.33059351029039163,0.7999615462384566
11,3,45.5,1.1561326389210982,9.570197771378705,-0.7338170448697134,-0.3184934418332901,0.799953453540976
11,3,45.6,1.0824767909874224,9.538980685590282,-0.7400872195624082,-0.3035620366028695,0.7999243730666656
11,3,45.7,1.0081151950086145,9.509485364058131,-0.7469973350292074,-0.2861029856338959,0.7999124557908617
11,3,45.800000000000004,0.9330773239815788,9.481760088463503,-0.7546356035942958,-0.26512969133835185,0.7998553915810638
11,3,45.900000000000006,0.8571880742897531,9.45645942579046,-0.7632482726740295,-0.23900990898221863,0.7997960129505386
11,3,46.0,0.7804276694467762,9.43395810666706,-0.7722202954965596,-0.20781008464783213,0.7996932012078963
11,3,46.1,0.7027440151904445,9.414897408860895,-0.7816487532197676,-0.16824390175032278,0.7995503635707943
11,3,46.2,0.6240979188028205,9.400309326316995,-0.7907821504714052,-0.11630998485527044,0.7992899486927215
11,3,46.300000000000004,0.5445875850961612,9.39163541188984,-0.7973234013008192,-0.04734360460785325,0.7987277528414622
11,3,46.400000000000006,0.4646332385426543,9.390840605395423,-0.7964245657864306,0.043974636687565294,0.7976376731699099
11,3,46.5,0.3853026719388784,9.400430339227352,-0.7794385349195501,0.16154333966230183,0.7960029398857673
11,3,46.6,0.30874553155874784,9.423149273327883,-0.7304059419895892,0.30926410392728343,0.7931816475887756
11,3,46.7,0.2392214835409585,9.46228316001281,-0.6396231811454491,0.46742846991909914,0.7922166296850466
11,3,46.800000000000004,0.1808208953296562,9.516634967311704,-0.5115457525605056,0.6051356855945258,0.7923813822539313
11,3,46.900000000000006,0.13691233302885591,9.583310297131716,-0.3740132911683416,0.7016601244926974,0.7951181498831996
11,3,47.0,0.10601823709598855,9.65696699221024,-0.254559256892933,0.7551456988203284,0.7968973846843296
11,3,47.1,0.08600048165027116,9.734339436895779,-0.1584125505249004,0.7823573399756327,0.7982340155477915
11,3,47.2,0.07433572699100803,9.813438460205369,-0.08335661925675997,0.7946054767206334,0.7989656998947712
11,3,47.300000000000004,0.06932915779891892,9.893260532239907,-0.02464481363150095,0.7990152577555776,0.7993952395186897
11,3,47.400000000000006,0.06940676426470778,9.973241511756486,0.021686589836045933,0.799280777504876,0.7995749304896421
11,3,47.5,0.07366647576612771,10.053116687740879,0.05840795229203877,0.7976053107515781,0.7997410334790073
11,3,47.6,0.08108835472311551,10.132762573906799,0.08781491653413254,0.7949763711001694,0.7998117842176938
11,3,47.7,0.09122945907295446,10.212111961960915,0.1131215006305269,0.7918372435163263,0.7998766743220084
11,3,47.800000000000004,0.10371265484922121,10.291130022610066,0.13510503073853153,0.7884277778534141,0.7999198273713011
11,3,47.900000000000006,0.11825046522066116,10.3697975175316,0.15379602980417428,0.785028243107881,0.7999515993237171
11,3,48.0,0.1344718608100553,10.448135671231638,0.1699696453704378,0.7816945685126129,0.7999600482458311
11,3,48.1,0.1522443942947481,10.52613643123412,0.18433148713063474,0.7784383654206835,0.7999652404364935
11,3,48.2,0.17133815823618276,10.603823344315776,0.19670350599009012,0.7754017385706007,0.799962577529164
11,3,48.300000000000004,0.19158509549276667,10.681216778948242,0.20751630584426906,0.7725765907927098,0.7999610026945929
11,3,48.400000000000006,0.21284141940503717,10.758338662474321,0.21699325708070494,0.7699727667944529,0.7999650837527835
11,3,48.5,0.23498374690890667,10.835211332307129,0.2253222720860606,0.7675906089564961,0.7999784179940289
11,3,48.6,0.2579058738222484,10.911856784265616,0.23418501768056865,0.7649365299221031,0.7999815731098541
11,3,48.7,0.2818207504450211,10.988198638291552,0.24244676466557613,0.7623624440879482,0.7999855810279053
11,3,48.800000000000004,0.3063952267553643,11.064329273083208,0.2484476569130758,0.7604248449413404,0.7999826142046208
11,3,48.900000000000006,0.3315102818276369,11.140283607279821,0.2544519586964311,0.7584414486159687,0.7999870188091426
11,3,49.0,0.3572856184946494,11.216017562806398,0.2610141907977226,0.7562096415055848,0.7999883934806773
11,3,49.1,0.3837131199871804,11.291525535580934,0.26611189862135975,0.7544321090183885,0.7999895934984396
11,3,49.2,0.4105079982189221,11.366903984610078,0.270916366010731,0.7527205244484065,0.7999899157479077
11,3,49.300000000000004,0.4378963931893274,11.442069640470619,0.27617816561421415,0.7508079840031883,0.7999918799618931
11,3,49.400000000000006,0.4657436313417657,11.517065581410717,0.27981599090508924,0.7494624410072248,0.7999943370091471
11,3,49.5,0.49385959137034396,11.59196212867206,0.2811596002858039,0.7489654726132358,0.7999999999997754
11,3,49.5040560899521,0.495,11.594999999999999,0.2811596002858047,0.7489654726135818,0.8000000000000996
21,1,0.0,5.1,2.19,0.7278797789694558,0.3319476663270571,0.7999988911321084
21,1,0.1,5.172787977896945,2.2231947666327057,0.7287759936359706,0.3299681088336648,0.7999958760814717
21,1,0.2,5.245755198727194,2.255993621766733,0.7305359293909746,0.3260536860552161,0.7999960939412943
21,1,0.30000000000000004,5.3188951637751405,2.288405503843749,0.7322316151573354,0.32222827340127225,0.7999963740012108
21,1,0.4,5.392201521758661,2.3204392764469874,0.7338192479401862,0.3185972819034628,0.7999968229210507
21,1,0.5,5.465659013363178,2.3521249602244416,0.7353066948631515,0.31514968746337324,0.7999970381312881
21,1,0.6000000000000001,5.539262860731291,2.383469213939662,0.7367193676192478,0.31183387219539505,0.7999973690417228
21,1,0.7000000000000001,5.613002886887028,2.4144917346635206,0.7380226020842073,0.3087377015094983,0.799997705947031
21,1,0.8,5.686867381148132,2.4452167542415615,0.7392474216315712,0.30579386999780667,0.7999979008204718
21,1,0.9,5.760852371213342,2.475650508663082,0.740392471148283,0.30301177737509555,0.7999982178486872
21,1,1.0,5.834945875377789,2.5058191097165805,0.7414309870920412,0.30046238316680096,0.7999984701976324
21,1,1.1,5.90913856863175,2.5357429852964417,0.7424037195923674,0.2980512345737889,0.799998638308555
21,1,1.2000000000000002,5.983426619296263,2.565429356631338,0.7432952301575142,0.29582164909743014,0.7999989045302719
21,1,1.3,6.057797614663252,2.594907315115927,0.7440875605232193,0.29382345603572624,0.7999990756508247
21,1,1.4000000000000001,6.132244131400908,2.624194047838484,0.74481623370691,0.29197181456786225,0.7999992265592489
21,1,1.5,6.206760861404632,2.653301678029499,0.7454643634132267,0.29031352609130856,0.7999994128439447
21,1,1.6,6.2813370040835546,2.682256753056746,0.7460248446850315,0.28887053898906956,0.7999995357393409
21,1,1.7000000000000002,6.355965830341638,2.711075785827313,0.7465186257147849,0.28759239561722616,0.799999652847391
21,1,1.8,6.430640729226511,2.739775232180191,0.7469337098347069,0.2865129276311844,0.7999997653669846
21,1,1.9000000000000001,6.50535257230858,2.768378371353551,0.7472698403568359,0.28563531782404183,0.7999998431845924
21,1,2.0,6.580094697297876,2.796902295744999,0.747536074189604,0.2849380204254146,0.7999999110617195
21,1,2.1,6.654859787146502,2.825365975438634,0.7477260214817179,0.2844393304213888,0.799999959932153
21,1,2.2,6.72963990159422,2.8537901618292767,0.7478414528154644,0.2841357815404262,0.7999999880629582
21,1,2.3000000000000003,6.804428077709595,2.8821931317467193,0.7478842474861906,0.2840231525294694,0.7999999992567275
21,1,2.4000000000000004,6.879216751091458,2.910594792335171,0.747853416990921,0.28410429977872553,0.7999999915360977
21,1,2.5,6.953998761107781,2.939013991702465,0.7477486414060976,0.2843798750509805,0.7999999650366718
21,1,2.6,7.028766479372676,2.9674707673453664,0.7475687074347235,0.2848524135185695,0.7999999186393567
21,1,2.7,7.103512502594725,2.995984474406179,0.7473179996838581,0.28550933920208976,0.7999998596394233
21,1,2.8000000000000003,7.178230079309447,3.0245726351857845,0.7469900873595137,0.2863659280362434,0.799999772095863
21,1,2.9000000000000004,7.252910520066629,3.053257660013428,0.7465847144436921,0.2874208446037265,0.7999996735959889
21,1,3.0,7.3275470221981855,3.0820568041065304,0.7461117864109781,0.2886459959507146,0.7999995679997339
21,1,3.1,7.402132877348824,3.11098685920357,0.7455542535656434,0.2900825941902667,0.7999994102885193
21,1,3.2,7.476657872911314,3.1400733229445836,0.7449174230344653,0.29171367664809544,0.7999992726770806
21,1,3.3000000000000003,7.551116361955716,3.169329594533189,0.7442165128550755,0.2934968094145596,0.7999991219637026
21,1,3.4000000000000004,7.62550117548233,3.1987726848274955,0.7434198385814526,0.2955083056749288,0.7999988844488098
21,1,3.5,7.699800329672008,3.2284312556681756,0.7425430153025587,0.2977042704240045,0.7999987263760516
21,1,3.6,7.77400977854284,3.2583135389122955,0.7416015077165952,0.3000413332574787,0.7999984986926241
21,1,3.7,7.848120631215328,3.288439522319671,0.7405566465923314,0.3026102799878352,0.7999982052269838
21,1,3.8000000000000003,7.922121107861306,3.3188355949098622,0.7394326237092486,0.30534607394118396,0.7999980186705703
21,1,3.9000000000000004,7.996007155957177,3.349508737107908,0.7382331784830285,0.3082338598865597,0.7999977113678027
21,1,4.0,8.069767743557913,3.3804823668871746,0.7369269103135281,0.31134315123478373,0.7999973930989076
21,1,4.1000000000000005,8.143392538019881,3.411777367354865,0.7355455747925319,0.31459211868812886,0.7999971835810185
21,1,4.2,8.21687685851642,3.4434007906248003,0.7340696083456493,0.31801988325758046,0.7999967725209272
21,1,4.3,8.29020645968901,3.4753813440063808,0.7324871110904638,0.32164733636752985,0.7999964855585182
21,1,4.4,8.363374280734512,3.5077302578983063,0.7308385422407113,0.3253752493526605,0.7999962673136882
21,1,4.5,8.436374168137153,3.540456393876913,0.7290646057715193,0.32932953137045473,0.7999957122519247
21,1,4.6000000000000005,8.509187201888816,3.573596164172397,0.7271903357479204,0.3334472892213185,0.799995549421507
21,1,4.7,8.581812235286735,3.6071458517211767,0.7252492393904006,0.33764731501949896,0.7999951053451712
21,1,4.800000000000001,8.654237049766897,3.6411256271762964,0.7231704259075684,0.34207584649889355,0.7999945935225241
21,1,4.9,8.726446320468249,3.675561021020956,0.7210062943506514,0.3466136976322005,0.7999944574055027
21,1,5.0,8.798438308637026,3.710448366702736,0.7186937572037522,0.35138069192279886,0.7999931920334015
21,1,5.1000000000000005,8.870185071908999,3.7458371594055158,0.7150176738258764,0.3587530124429996,0.7999712481210149
21,1,5.2,8.941441843402202,3.7821989691913362,0.7073823246168516,0.37341267183855464,0.7998917280919642
21,1,5.300000000000001,9.011661536832369,3.8205196937732264,0.6930342262058886,0.39906014005729773,0.7997158458323462
21,1,5.4,9.080048688643382,3.862010997202796,0.6706524579670443,0.43519137796401,0.7994787394493064
21,1,5.5,9.145792028425777,3.907557969366028,0.6385693933163736,0.48048925677541376,0.799150045959475
21,1,5.6000000000000005,9.207762567306657,3.958108848557879,0.5945270653162282,0.5335143181434105,0.7988115917145638
21,1,5.7,9.264697441489023,4.01426083299471,0.5432157757060807,0.5857677129635341,0.7988787095213442
21,1,5.800000000000001,9.316405722447874,4.075262391150586,0.4901758947474235,0.6309657743962624,0.7989932516929741
21,1,5.9,9.362732620438507,4.140453987873962,0.43637798813433903,0.6694434433077809,0.7991121775545356
21,1,6.0,9.40368132007474,4.209151079812142,0.38349980232961656,0.7012060673785605,0.7992259050577385
21,1,6.1000000000000005,9.43943258090443,4.280695201349674,0.32844475322534095,0.7285313223604462,0.799145696091467
21,1,6.2,9.469370270719809,4.354857344284231,0.2679653481370323,0.7527499719162414,0.7990231210810504
21,1,6.300000000000001,9.493025650531838,4.431245195732923,0.20039271389036628,0.7732420189081246,0.798786867434273
21,1,6.4,9.509448813497883,4.509505748065856,0.12205755484938408,0.7890664007767683,0.7984508948774582
21,1,6.5,9.517437161501714,4.589058475888276,0.03678278461978124,0.7975247081973613,0.7983724904013612
21,1,6.6000000000000005,9.516805370421839,4.6690106897053285,-0.04431979181301671,0.7975093643655633,0.7987399014680022
21,1,6.7,9.508573203139111,4.748560348761389,-0.11205645255948582,0.7913310167548993,0.7992255167589176
21,1,6.800000000000001,9.494394079909942,4.827276893056308,-0.16290936245747645,0.7828136739737772,0.7995853353686676
21,1,6.9,9.475991330647616,4.905123083556145,-0.19889004237876406,0.7746735930316859,0.7997977398680548
21,1,7.0,9.454616071434188,4.9822116116626445,-0.22149864502630834,0.768664306028537,0.7999415385581767
21,1,7.1000000000000005,9.431691601642354,5.058855944761852,-0.23106808826486258,0.7658966726079228,0.7999938590553468
21,1,7.2,9.408402453781216,5.135390946184229,-0.2282004134633553,0.7667369475638957,0.7999756092934623
21,1,7.300000000000001,9.386051518949683,5.212203334274632,-0.21207843805291304,0.7712445685995846,0.7998721450840269
21,1,7.4,9.365986766170634,5.289639859904145,-0.1805075112192327,0.7789945664788576,0.7996346016838844
21,1,7.5,9.349950016705836,5.368002247570403,-0.12740432707911964,0.7888395611937788,0.7990617722447226
21,1,7.6000000000000005,9.34050590075481,5.447407772142902,-0.08588257879913641,0.795154620370738,0.7997791492894287
21,1,7.7,9.33277350094601,5.52703317164455,-0.07841513105971387,0.7961465752374401,0.7999989387751818
21,1,7.800000000000001,9.324822874542866,5.60663708719039,-0.0805187870950661,0.7959367587109831,0.7999991243386497
21,1,7.9,9.316669743526997,5.686220523386747,-0.08237153565480781,0.7957473996068956,0.7999993711667951
21,1,8.0,9.308348567411905,5.7657865671117685,-0.08394061264478836,0.7955835672910929,0.7999995243716107
21,1,8.1,9.29988162099804,5.845337236844965,-0.08530596551240421,0.795438456803943,0.7999996539465762
21,1,8.200000000000001,9.291287374309423,5.924874258472558,-0.08642431063520206,0.7953178659385252,0.7999997933435856
21,1,8.3,9.282596758870998,6.004400810032671,-0.08727387406560183,0.7952251724623949,0.7999998775076558
21,1,8.4,9.273832599496304,6.083919292965036,-0.08790019397371651,0.7951562507383194,0.7999999419930217
21,1,8.5,9.265016720076256,6.163432060180334,-0.08828209194449954,0.7951139854327813,0.7999999859930613
21,1,8.6,9.256176181107403,6.242942090051592,-0.0884130562949963,0.7950994465670647,0.7999999990341717
21,1,8.700000000000001,9.247334108817256,6.322451949493748,-0.08830009164016417,0.7951119871192667,0.7999999864027563
21,1,8.8,9.23851616277937,6.401964487475446,-0.08794415549530044,0.7951513968153243,0.7999999489644627
21,1,8.9,9.229745277718196,6.4814822288568115,-0.08735754341924462,0.7952159987128553,0.7999998906256982
21,1,9.0,9.22104465409552,6.561007687218017,-0.08650522811469585,0.7953090620611576,0.7999997866798302
21,1,9.1,9.212444232095256,6.6405440412690435,-0.08541030874897615,0.7954272889642482,0.7999996830434429
21,1,9.200000000000001,9.203962592345725,6.720093145010868,-0.0841072087201411,0.7955660030119276,0.7999995548167934
21,1,9.3,9.195622790351228,6.79965724187143,-0.08251592555657794,0.7957324123017955,0.7999993437235392
21,1,9.4,9.18745940723441,6.879239627471225,-0.08068126047563595,0.7959203715397436,0.7999991897645278
21,1,9.5,9.179486538256102,6.958841316179379,-0.07866115949879315,0.7961223561034032,0.7999989899376927
21,1,9.600000000000001,9.171727175334652,7.038464098691907,-0.07633414174603814,0.7963485137408313,0.7999986603322128
21,1,9.700000000000001,9.164219709906893,7.118111018927547,-0.07376158880643402,0.7965907184888579,0.7999984654771809
21,1,9.8,9.156974857573365,7.197782242389678,-0.07102344131477167,0.7968392488036997,0.7999981985293699
21,1,9.9,9.15001502164394,7.277478868688287,-0.06796542539876782,0.7971054440383227,0.7999977424750442
21,1,10.0,9.143381772493612,7.357203331197343,-0.06465782973518941,0.7973803251728029,0.7999975111953472
21,1,10.100000000000001,9.137083455696901,7.436954933722849,-0.061202336520565837,0.7976526620823066,0.7999971845716501
21,1,10.200000000000001,9.131141305189498,7.516733863613804,-0.05742191504175054,0.7979331339618128,0.7999966016185208
21,1,10.3,9.125599072688551,7.596541560515211,-0.05338499527884011,0.7982131089687243,0.7999963281480974
21,1,10.4,9.12046430613373,7.676376485407549,-0.04921543489420799,0.7984806678173229,0.7999959599334386
21,1,10.5,9.11575598570971,7.756237694078676,-0.04484575065824714,0.7987377886715947,0.7999957477412557
21,1,10.600000000000001,9.11149515600208,7.836124043141868,-0.040656847477180236,0.7989628715372774,0.799996655831682
21,1,10.700000000000001,9.107624616214274,7.916030268386132,-0.037019948221129084,0.7991404510958375,0.7999974607109411
21,1,10.8,9.104091166357854,7.995952133361034,-0.033836156191981104,0.7992821808227646,0.7999980562767903
21,1,10.9,9.100857384975878,8.075886704550685,-0.031115159080762567,0.7993933666367354,0.7999986923410783
21,1,11.0,9.097868134541702,8.15583080668838,-0.028933948670506027,0.7994757709641647,0.7999991760898338
21,1,11.100000000000001,9.095070595241777,8.235781858743518,-0.02723500740562912,0.7995357904925839,0.7999995161917198
21,1,11.200000000000001,9.092421133060576,8.315737964786898,-0.026004892583294748,0.7995770178535224,0.7999997886985976
21,1,11.3,9.089869616725117,8.395697262314222,-0.02527888843231807,0.799600458406097,0.799999947052257
21,1,11.4,9.087365355374112,8.475658056468117,-0.02504292587160961,0.7996079320616829,0.7999999957201074
21,1,11.5,9.084861031550796,8.555618848726558,-0.025296783963192127,0.7995998847758585,0.7999999393827769
21,1,11.600000000000001,9.082305998581475,8.63557803342329,-0.026034973196750855,0.7995760360506239,0.7999997857848364
21,1,11.700000000000001,9.079654036911446,8.715534055936685,-0.02724640194779937,0.7995354222099778,0.7999995361171083
21,1,11.8,9.076856718191916,8.795485117865285,-0.028985323275222186,0.7994738588198658,0.7999991249380812
21,1,11.9,9.0738569722564,8.875428827700658,-0.031205323007192476,0.7993898562247495,0.7999986965108186
21,1,12.0,9.070615653590478,8.955363089110234,-0.03385757977268611,0.799281387991968,0.7999981705594273
21,1,12.100000000000001,9.067085456301863,9.035285105299051,-0.037090178545014396,0.799137052731183,0.7999973189907468
21,1,12.200000000000001,9.063197617881475,9.115190499656471,-0.040814574252479474,0.7989548479384041,0.7999966740653923
21,1,12.3,9.058922541451366,9.195076074886732,-0.04492244209724561,0.7987335696272879,0.7999958381476306
21,1,12.4,9.054213129462026,9.274937213581929,-0.04964906584060458,0.7984523500085672,0.799994490589184
21,1,12.5,9.048992728283245,9.354766544888443,-0.05488679442421329,0.798108533463072,0.7999936195925198
21,1,12.600000000000001,9.043235770577184,9.434558920274544,-0.06047663603694531,0.7977033085127943,0.7999924949139231
21,1,12.700000000000001,9.036897401075857,9.514307206591003,-0.06670166718022585,0.7972050310457135,0.7999906086506383
21,1,12.8,9.029895437141139,9.593999926483686,-0.07345833009070901,0.7966097313665657,0.7999894939107809
21,1,12.9,9.022205735057716,9.673629152864315,-0.08054028281581083,0.7959235426287989,0.7999881392038436
21,1,13.0,9.013787380577977,9.753184635009445,-0.08826391781902743,0.7951015900805842,0.7999856609573933
21,1,13.100000000000001,9.004552951493912,9.832649470880433,-0.09653302992283841,0.7941387181986954,0.7999843308517677
21,1,13.200000000000001,8.99448077459341,9.912012378649186,-0.10509211820841813,0.7930498853284433,0.7999827960206327
21,1,13.3,8.983534527852228,9.991259447946122,-0.11429238891138738,0.7917731772899472,0.7999796962666552
21,1,13.4,8.971622296811132,10.070367014107175,-0.12403910218067438,0.7903033895651319,0.7999782162208696
21,1,13.5,8.958726707416092,10.149320125859148,-0.1340274984715748,0.7886692094853558,0.7999765573670293
21,1,13.600000000000001,8.944816797116816,10.228100856004247,-0.14463998209455298,0.7867883420575836,0.7999728868018177
21,1,13.700000000000001,8.929798710997183,10.306677794270666,-0.15578555971255525,0.7846559487953897,0.7999713111074342
21,1,13.8,8.913659685174306,10.385032045763325,-0.16711319694982052,0.7823199863649748,0.7999696129609448
21,1,13.9,8.896376071607218,10.46314179154366,-0.17900706716295645,0.7796803438927071,0.7999656047274365
21,1,14.0,8.877858271741715,10.540968114541865,-0.19141336632342387,0.7767258762619917,0.7999638514721926
21,1,14.100000000000001,8.858093398342533,10.618486966796057,-0.20394231032787502,0.7735290549927143,0.7999622896485764
21,1,14.200000000000001,8.837069809676139,10.695673925540408,-0.21689643463021469,0.7699932509164427,0.7999585425584071
21,1,14.3,8.814714111416489,10.772485616979345,-0.23045766491301123,0.766039147263335,0.799954192724243
21,1,14.4,8.790978276693536,10.848881754993075,-0.25010720932334607,0.7597028023349139,0.7998137058284468
21,1,14.5,8.76469266955182,10.924426177446328,-0.2955221639428913,0.7422093535937577,0.7988792611800314
21,1,14.600000000000001,8.731873843904959,10.997323625711827,-0.3829802247470866,0.6984655571795528,0.7965726502419426
21,1,14.700000000000001,8.688096624602403,11.064119288882239,-0.49896013336323364,0.6181951500859668,0.7944346784196086
21,1,14.8,8.632081817232311,11.12096265572902,-0.6165089962837911,0.49876141809915,0.792998294249819
21,1,14.9,8.564794825345645,11.16387157250207,-0.7096695312558907,0.356862586975204,0.7943435966731215
21,1,15.0,8.490147910981134,11.19233517312406,-0.763084097131042,0.23042476520138422,0.7971153691357422
21,1,15.100000000000001,8.412178005919436,11.209956525542346,-0.7865834643394649,0.13800350000625627,0.7985978414610517
21,1,15.200000000000001,8.33283121811324,11.219935873125312,-0.7958771070168353,0.0753056823218472,0.7994318703075617
21,1,15.3,8.25300258451607,11.225017662006715,-0.7989489033930894,0.03754697455525502,0.7998306855399292
21,1,15.4,8.173041437434623,11.227445268036364,-0.7997129734584902,0.020737190351866275,0.7999817941562855
21,1,15.5,8.093059989824372,11.229165100077088,-0.7996279268628257,0.023227354832485503,0.799965206388037
21,1,15.600000000000001,8.013115852062057,11.23209073900286,-0.7983481357814171,0.04694261200032912,0.7997270501409074
21,1,15.700000000000001,7.933390362668088,11.238553622477154,-0.7930800251878125,0.09728136787069275,0.799024149126104
21,1,15.8,7.854499847024495,11.251547012577,-0.77642814582385,0.18178020477598977,0.7974237947765682
21,1,15.9,7.778104733503319,11.274909663432352,-0.7290925016048106,0.3128383577196132,0.793374888660503
21,1,16.0,7.708681346703534,11.314114684120922,-0.6258984052661489,0.48048485369485405,0.7890592552811694
21,1,16.1,7.6529250524500885,11.371006634171323,-0.5550136208265286,0.2957870379562948,0.6289118309635559
21,1,16.2,7.597678622538229,11.373272091712183,-0.6051228661895109,-0.21632462817616727,0.6426274410114821
21,1,16.3,7.531900479212187,11.327741708536088,-0.6620016447196662,-0.44908402266650427,0.799951646679893
21,1,16.400000000000002,7.465278293594294,11.283455287178882,-0.6700651616651925,-0.4369725751166058,0.7999577190586001
21,1,16.5,7.397887446879149,11.240347193512767,-0.6773368358597551,-0.42562675010744044,0.7999645739778272
21,1,16.6,7.329810926422344,11.198329937157393,-0.6837535278688733,-0.4152537618254115,0.7999716079857371
21,1,16.7,7.261136741305373,11.157296441147684,-0.6894397234079435,-0.4057523078788421,0.7999762918748456
21,1,16.8,7.191922981740756,11.117179475581624,-0.6943997601729919,-0.3972160162866203,0.7999822438797759
21,1,16.900000000000002,7.122256789270773,11.07785323789036,-0.698640753933482,-0.38971609820708863,0.7999859625384068
21,1,17.0,7.05219483095406,11.039236255940207,-0.7022605660062808,-0.3831631629356309,0.7999899449357465
21,1,17.1,6.981804676069516,11.001220605303233,-0.7052338203373054,-0.3776695653355304,0.799993151175858
21,1,17.2,6.911148066886599,10.9637023428731,-0.7076319892847067,-0.37316202542835697,0.7999955809133104
21,1,17.3,6.840278278212575,10.926588200217562,-0.7094565555462964,-0.36968591741583623,0.7999976760861269
21,1,17.400000000000002,6.769256755777339,10.889765159389933,-0.7107169032453413,-0.3672598901784525,0.7999989646821656
21,1,17.5,6.6981348975635076,10.853136222181872,-0.7114442231870939,-0.36585072485126346,0.7999997722377691
21,1,17.6,6.62696791113992,10.816595014419681,-0.7116316052342242,-0.3654865481180636,0.7999999740146847
21,1,17.7,6.555808576516664,10.780038912558261,-0.7112819402218591,-0.36616572610543585,0.7999995859124512
21,1,17.8,6.484711523095548,10.743361869198594,-0.7104004592923019,-0.36787097127410817,0.7999986650419294
21,1,17.900000000000002,6.4137284846582014,10.706464718303438,-0.7089651436046651,-0.37062605603542664,0.7999970301562117
21,1,18.0,6.342918494374616,10.669236657991508,-0.7069643471520486,-0.3744239625111945,0.7999949323881412
21,1,18.1,6.272335615227792,10.631579925801201,-0.7043967140633214,-0.37922651126854845,0.7999921734817904
21,1,18.2,6.202039151561952,10.593391355737799,-0.7011986984849905,-0.38510010344949563,0.7999885651894387
21,1,18.3,6.132095875530795,10.554559905111303,-0.6973891157175274,-0.3919497521631925,0.7999851167003439
21,1,18.400000000000002,6.062561328418445,10.51500140530516,-0.692880837569021,-0.39985438498972314,0.7999796149064411
21,1,18.5,5.993519708016991,10.474589028113359,-0.6876630832441109,-0.40875383473896676,0.7999751330326509
21,1,18.6,5.925028711769624,10.433250638357366,-0.6824169558016102,-0.41746459403150027,0.7999809927963427
21,1,18.7,5.85703631685667,10.39109610930706,-0.6801939618213595,-0.42110769436439455,0.7999971974645494
21,1,18.8,5.788989919405353,10.349029099484486,-0.6839855295365709,-0.414845559359037,0.7999581506149779
21,1,18.900000000000002,5.720239210949353,10.308126997435252,-0.6941135838868853,-0.39744461537474507,0.7998474164655875
21,1,19.0,5.6501672026279754,10.269540176409537,-0.7094257528519456,-0.3690828850678258,0.7996918624442415
21,1,19.1,5.578354060378965,10.234310420421687,-0.7283220451615016,-0.32972532180436787,0.7994822007444733
21,1,19.200000000000003,5.504502793595673,10.203595112048664,-0.7479368473222259,-0.2821660262447452,0.7993917649995282
21,1,19.3,5.42876669091452,10.177877215172739,-0.7649075411661315,-0.23234688156537686,0.7994176755025951
21,1,19.400000000000002,5.351521285362447,10.157125735735589,-0.778374546582203,-0.18225241613896515,0.7994265932251319
21,1,19.5,5.27309178159808,10.141426731944945,-0.7886355442439736,-0.13078763888049139,0.7994069227426807
21,1,19.6,5.193794176513653,10.13096820795949,-0.7955800666663073,-0.07783453843355659,0.7993784196798978
21,1,19.700000000000003,5.113975768264816,10.125859824258233,-0.7989862334684723,-0.02300012857800482,0.7993172131180092
21,1,19.8,5.033996929819959,10.126368182243889,-0.798452093626377,0.035191668217500194,0.7992272513673914
21,1,19.900000000000002,4.954285349539542,10.132898157901733,-0.7931343352541766,0.09750592543964132,0.799105424368353
21,1,20.0,4.875370062769123,10.145869367331816,-0.7820674352967103,0.1634893426052244,0.7989732401633127
21,1,20.1,4.7978718624802,10.165596026422778,-0.7638527014764271,0.23357834337461725,0.7987676708821323
21,1,20.200000000000003,4.7225995224738355,10.19258503600674,-0.7368199000960836,0.3078687541385392,0.7985529005347227
21,1,20.3,4.650507882460984,10.227169777250486,-0.7002203595731658,0.38361012629914626,0.7984142289313364
21,1,20.400000000000002,4.582555450559203,10.26930706126657,-0.6532157003880528,0.4588076184710701,0.7982450638748413
21,1,20.5,4.519864742383373,10.3189313009447,-0.5967492448976088,0.5301700443626629,0.7982417786769709
21,1,20.6,4.463205601579682,10.375341070139102,-0.5349460793743894,0.5927432481483237,0.7984434019161633
21,1,20.700000000000003,4.412875526508493,10.437479950574366,-0.4745699707258133,0.642676058129922,0.7989049835919877
21,1,20.8,4.36829160743452,10.503876281765086,-0.4217544251694818,0.6789765203393685,0.7993033906610161
21,1,20.900000000000002,4.328524641474598,10.573275254642239,-0.37794168558013297,0.7046096559057631,0.799571563335509
21,1,21.0,4.292703270318493,10.644798212946238,-0.34341143824172704,0.72228853179422,0.7997700538759259
21,1,21.1,4.259842353826253,10.717732961001083,-0.31848694461310956,0.7337543524545893,0.7998933576640374
21,1,21.200000000000003,4.229005881395871,10.791549083437157,-0.3025971366967113,0.7405258218554422,0.7999646992034876
21,1,21.3,4.199322926486911,10.865838125372171,-0.2954256276359182,0.7434501566105709,0.7999965230101682
21,1,21.400000000000002,4.169920755868688,10.94023911475927,-0.2972400266103108,0.7427173390803006,0.7999879244025002
21,1,21.5,4.139874921164849,11.014381593188231,-0.3085014565167796,0.7380504432615851,0.7999322505510055
21,1,21.6,4.108220464565332,11.087849203411587,-0.33025897778490787,0.728431855386674,0.7998024508274556
21,1,21.700000000000003,4.073823125607866,11.160067964265568,-0.3640304639732399,0.711885342074261,0.7995617042860168
21,1,21.8,4.035414371770684,11.230226271826439,-0.4115148521794936,0.6850101368577768,0.7991141102259555
21,1,21.900000000000002,3.9915201551719672,11.297069991637121,-0.4735217982847253,0.6428118611154545,0.7983921231083849
21,1,22.0,3.9407100121137395,11.358788644049529,-0.49723646402930655,0.1038335928000862,0.5079621207867197
21,1,22.1,3.8920728623661067,11.317836710197135,-0.47116436926072325,-0.5334195741569232,0.7117108295892429
21,1,22.200000000000003,3.846477138261594,11.252104729218143,-0.44838563115543906,-0.6624468163920056,0.7999284085307666
21,1,22.3,3.8023957361350194,11.185347346918734,-0.43384087497991786,-0.672077261030914,0.799941091329953
21,1,22.400000000000002,3.7597089632656107,11.11768927701196,-0.42053735142531323,-0.6804948154967221,0.7999530347850023
21,1,22.5,3.7182882658499565,11.049248383819391,-0.40853496066927164,-0.6877796786365238,0.7999635619416695
21,1,22.6,3.678001971131757,10.980133341284656,-0.39790056829486176,-0.6939967103838214,0.7999726847042589
21,1,22.700000000000003,3.638708152190983,10.910449041742625,-0.3887273881621205,-0.6991849817129747,0.7999803878598004
21,1,22.8,3.600256493499333,10.840296344942063,-0.3810450730192514,-0.7034083637015627,0.7999866710124341
21,1,22.900000000000002,3.562499137587133,10.769767369002313,-0.3748514111562926,-0.7067342774844434,0.799991824594053
21,1,23.0,3.5252862112680745,10.698949489445173,-0.37016327972908414,-0.7092054292096179,0.7999957465388117
21,1,23.1,3.4884664816413165,10.62792628316039,-0.366991777408991,-0.7108547368954063,0.7999983885311568
21,1,23.200000000000003,3.451887855786275,10.556778542066091,-0.3653446622166747,-0.7117042047360798,0.7999997482807303
21,1,23.3,3.4153975491979818,10.485585442213175,-0.3652340165987198,-0.7117610952829878,0.7999998397745292
21,1,23.400000000000002,3.378841052466531,10.414426323009494,-0.36666094738596655,-0.7110257447533428,0.7999986625238946
21,1,23.5,3.342065359720789,10.343380293262507,-0.36961384985358947,-0.7094924460617875,0.7999962056299581
21,1,23.6,3.304918282495813,10.272527833797136,-0.3740846578886874,-0.7071411551339395,0.7999924653094294
21,1,23.700000000000003,3.26724842814305,10.201952062235717,-0.3800630098396276,-0.7039403958902923,0.7999874826611592
21,1,23.8,3.2289056805278884,10.131739754619078,-0.38753298450664175,-0.6998488039085018,0.799981351290632
21,1,23.900000000000002,3.189741831241722,10.061982301454016,-0.3964903840243075,-0.6948047404770108,0.7999739070826429
21,1,24.0,3.149607603723027,9.992778806523676,-0.40692077077978084,-0.6887375199021974,0.7999649273643444
21,1,24.1,3.108357677085766,9.924234797473577,-0.41873466272164883,-0.6816074752647765,0.7999546662789311
21,1,24.200000000000003,3.065860671178696,9.856457311470718,-0.43185390042132,-0.6733578379706415,0.7999428537499439
21,1,24.3,3.0219868970015025,9.78956322987945,-0.4462271422976869,-0.663904918106617,0.7999302487150451
21,1,24.400000000000002,2.976615242719159,9.723676327849397,-0.4617582991378839,-0.6531821128890272,0.7999172453578466
21,1,24.5,2.929635237173926,9.658926807301645,-0.4784201776546091,-0.6410590075818376,0.7999015674374431
21,1,24.6,2.880931207188237,9.595464526333028,-0.4979689419531823,-0.6259099154862184,0.7998351639268787
21,1,24.700000000000003,2.8300414487832883,9.5337448242044,-0.5237356602180014,-0.6043042298036738,0.79967658709168
21,1,24.8,2.7761840751446374,9.474603680372295,-0.5568582544436431,-0.5736081733321541,0.7994482172445391
21,1,24.900000000000002,2.71866979789456,9.419023189537969,-0.5961583080279045,-0.5321936177812177,0.7991462788737457
21,1,25.0,2.656952413539057,9.368164956816052,-0.6384393788645237,-0.4803070312488842,0.7989365962027497
21,1,25.1,2.5909819221216557,9.322961783288193,-0.6777941976134265,-0.42308534720247337,0.7990032448844411
21,1,25.200000000000003,2.5213935740163698,9.283547887375557,-0.7106733994777059,-0.3654114107890152,0.7991133710932494
21,1,25.3,2.448847242226115,9.249879501130389,-0.7373903397997612,-0.3081741818945858,0.799196996751367
21,1,25.400000000000002,2.373915506056418,9.22191305099664,-0.7593311001727976,-0.2490776493699869,0.7991391587860711
21,1,25.5,2.296981022191556,9.200063971256391,-0.7774788003644897,-0.18395786086046684,0.7989454171522388
21,1,25.6,2.2184197459835207,9.185121478824549,-0.7910294812524832,-0.11020173220583729,0.7986689314050845
21,1,25.700000000000003,2.138775125941057,9.178023624815223,-0.7979605730625181,-0.028394372297050552,0.7984656013507443
21,1,25.8,2.0588276313710177,9.179442604365137,-0.7971067654891097,0.05174190276401447,0.7987843389114182
21,1,25.900000000000002,1.9793537728432355,9.188372005368025,-0.7904042843304815,0.11856893498345755,0.7992480997982366
21,1,26.0,1.9007467745049218,9.203156391361828,-0.7815006043133454,0.16913793665611365,0.799594169662593
21,1,26.1,1.8230536519805671,9.222199592699248,-0.773251894393951,0.2044370348421083,0.7998206007592373
21,1,26.200000000000003,1.7460963956261295,9.244043798330251,-0.7674249703247646,0.22578013746942105,0.7999485955695382
21,1,26.3,1.6695686579156148,9.267355620193133,-0.7649793163519529,0.2340970296003917,0.799996733564599
21,1,26.400000000000002,1.5931005323557395,9.29086320425033,-0.7663272127296432,0.22955129704836708,0.7999694962600583
21,1,26.5,1.5163032153696867,9.313265879602806,-0.7713992516150112,0.21144123078286015,0.7998526110897995
21,1,26.6,1.4388206820327376,9.333151450406902,-0.7795020336895142,0.1782048081998724,0.7996126400899637
21,1,26.700000000000003,1.3604028086317816,9.34890684124278,-0.7889592124072422,0.1275940219934526,0.7992101558981353
21,1,26.8,1.2810288395512897,9.358670254805592,-0.38966556756528625,-0.2169159210516156,0.4459728370110083
21,1,26.900000000000002,1.2824696951187275,9.305523657032454,0.15761295469163628,-0.6363764952422244,0.6556042153490204
21,1,27.0,1.3125514304896158,9.231394955757148,0.2985709706350672,-0.7421909119910879,0.7999949839518551
21,1,27.1,1.3421838892457407,9.157085474634236,0.2942657522193697,-0.7439093441497135,0.7999959032660657
21,1,27.200000000000003,1.3714045809334905,9.082613086927203,0.29042940507839443,-0.7454165131956003,0.799996885918237
21,1,27.3,1.4002697702614195,9.008002171995116,0.28709290606730065,-0.746708677352153,0.7999976159634287
21,1,27.400000000000002,1.4288231621469503,8.933271351456774,0.2841993455648417,-0.7478154741593599,0.799998282130451
21,1,27.5,1.4571096393743879,8.858439077163245,0.28179231720313425,-0.7487264402567178,0.7999988702330824
21,1,27.6,1.485181625587577,8.783526063405432,0.27987375848809926,-0.7494461703658715,0.7999993018536489
21,1,27.700000000000003,1.5130843910720084,8.708549843090069,0.2784243837515392,-0.7499861979091449,0.7999996465759466
21,1,27.8,1.5408665023378845,8.633528823823603,0.2774652856505462,-0.7503417960464347,0.7999998722720701
21,1,27.900000000000002,1.5685774482021175,8.558481483880781,0.27699118652596244,-0.7505170578722868,0.7999999822314586
21,1,28.0,1.5962647396430767,8.483425412249147,0.2770005620406044,-0.7505135951043016,0.7999999798794961
21,1,28.1,1.623977560610238,8.408378764859922,0.2774924362054083,-0.7503317502038342,0.799999867196965
21,1,28.200000000000003,1.6517632268841593,8.333359062208379,0.27847320436657874,-0.7499680575793235,0.7999996330870995
21,1,28.3,1.6796722014835535,8.258385153344058,0.27994080804200827,-0.7494211154438375,0.7999992901748714
21,1,28.400000000000002,1.7077513884925608,8.183474839119611,0.2818721789671521,-0.748696367058912,0.7999988595760017
21,1,28.5,1.736046637276984,8.108645879932276,0.2843038492586576,-0.7477757195005239,0.799998253359228
21,1,28.6,1.7646121583442924,8.033919695219508,0.28721406438062935,-0.7466620763036147,0.7999976093514688
21,1,28.700000000000003,1.7934894501531107,7.95931346467155,0.29056341628187,-0.7453642476376459,0.7999968503299405
21,1,28.8,1.822724841600666,7.884846845691979,0.2944203512570045,-0.7438481336737439,0.7999958682419616
21,1,28.900000000000002,1.852373520404511,7.810543837936802,0.29873335081229335,-0.7421255520197008,0.7999949686392324
21,1,29.0,1.882471511763124,7.736421735288041,0.3034709130793676,-0.740199660410596,0.7999938326994696
21,1,29.1,1.9130677030203846,7.662503905854682,0.3087021293380676,-0.7380318924123443,0.7999925492625561
21,1,29.200000000000003,1.9442119376307383,7.58881535680557,0.31434815435100383,-0.7356436082189646,0.7999914252398584
21,1,29.3,1.975937333890585,7.51537518421089,0.32042385639601356,-0.7330159356297798,0.7999898809578123
21,1,29.400000000000002,2.0082967089099406,7.442212169679615,0.3269529753431346,-0.7301255286402153,0.7999884597029399
21,1,29.5,2.0413279289592117,7.369350078482848,0.33382996454849234,-0.7270055472851737,0.7999871942811726
21,1,29.6,2.075062701819639,7.2968110602225815,0.34116422033835825,-0.7235905212551472,0.7999851671683516
21,1,29.700000000000003,2.1095607730268844,7.224631974231817,0.3488791717992825,-0.719901132157375,0.7999839477119672
21,1,29.8,2.144838536179495,7.152830833791106,0.3570052970116109,-0.7159024258332423,0.7999806656465327
21,1,29.900000000000002,2.1809618324292064,7.081451489065168,0.3681172803660555,-0.7102140364852758,0.7999464417852046
21,1,30.0,2.218461992252706,7.01078802649405,0.38659407555318026,-0.7002155202425442,0.7998479568276429
21,1,30.1,2.2582806475398423,6.9414083850166595,0.4151410072675219,-0.6834663605013773,0.7996676321148002
21,1,30.200000000000003,2.3014901937062113,6.874094754393773,0.4534250350437734,-0.6583916754777093,0.7994209534048957
21,1,30.3,2.3489656545485964,6.809730049921119,0.49991908093723225,-0.6234253022414222,0.7991108777634901
21,1,30.400000000000002,2.4014740098936573,6.7494096939454895,0.5520861157670076,-0.5773747698320619,0.798849612919308
21,1,30.5,2.4593828777019975,6.694255095954706,0.6020291136964762,-0.5252599014155024,0.7989599600563146
21,1,30.6,2.521879832632952,6.644357713662389,0.6444416587666932,-0.47245644679232157,0.7990745557640994
21,1,30.700000000000003,2.5882712094553377,6.59976380659624,0.6803604241704573,-0.4192649574624596,0.7991704519896883
21,1,30.8,2.6579519174670434,6.560504722169897,0.7103786776426482,-0.3662703642372236,0.7992445466612743
21,1,30.900000000000002,2.7303469449838667,6.526509733748796,0.7364660705065909,-0.31018406346215244,0.7991222849059533
21,1,31.0,2.805245131568361,6.498467909477466,0.7597998892070414,-0.24700598593321388,0.7989416929450306
21,1,31.1,2.8823069228252747,6.477108536562153,0.7792124215221392,-0.17528220666424943,0.7986838234417201
21,1,31.200000000000003,2.961087615872791,6.463411468144615,0.7929248717451429,-0.09312357921786685,0.7983745068815747
21,1,31.3,3.0408918971743026,6.4584838207185795,0.7985300321462372,-0.00848268473533409,0.7985750861251493
21,1,31.400000000000002,3.120793622302038,6.461714931197549,0.796355429993767,0.06552687561466541,0.7990467710393286
21,1,31.5,3.200162983173055,6.471589195841513,0.7897751931178192,0.12397006200304617,0.7994457029325555
21,1,31.6,3.278748660925601,6.4865089435981576,0.7821928930937929,0.16654635247468974,0.7997270844038368
21,1,31.700000000000003,3.3566015617918166,6.50489846633645,0.7757833801317631,0.19489445416230922,0.7998898056306806
21,1,31.8,3.4339053369519537,6.525487834430619,0.771849148349979,0.2102793699623291,0.7999803255332858
21,1,31.900000000000002,3.510971391461812,6.546954340328917,0.7711497430645231,0.21288264102157228,0.7999943406529821
21,1,32.0,3.588135285564858,6.568064362634932,0.7738455034625922,0.2026118564597681,0.7999302642151667
21,1,32.1,3.6657404921543297,6.587476711620872,0.7796776302798953,0.17812204163761436,0.7997653836444943
21,1,32.2,3.7440708116208388,6.603688770962455,0.7876669063198385,0.13667854840135618,0.7994374152518552
21,1,32.300000000000004,3.8232738734183,6.614812421301145,0.40260180062592,-0.33474284833630463,0.5235847442196299
21,1,32.4,3.8245911717460266,6.536740201295202,-0.009527245897380965,-0.790013094818697,0.7900705401414513
21,1,32.5,3.8213684242388233,6.456809802337407,-0.04981361812461671,-0.7981906266232706,0.7997435044937311
21,1,32.6,3.814628448121103,6.377102075970545,-0.0877381033660285,-0.794806081774194,0.7996340928246586
21,1,32.7,3.8038208035656176,6.297848585982566,-0.13282221865056698,-0.7883271339540698,0.7994381851622406
21,1,32.800000000000004,3.7880640043909892,6.2194366491797295,-0.1878754462458474,-0.7767508376695567,0.7991489517745952
21,1,32.9,3.76624571431645,6.142498418448658,-0.255563060774751,-0.7566748330105675,0.7986671903516065
21,1,33.0,3.7369513922360396,6.06810168257762,-0.3369544698011673,-0.7233341847839796,0.797966576741213
21,1,33.1,3.6988548203562153,5.99783158149186,-0.43103195934371286,-0.6703202956332568,0.7969428139543872
21,1,33.2,3.6507450003672957,5.934037623450966,-0.53197094179367,-0.592078536728792,0.7959585897317472
21,1,33.300000000000004,3.59246063199748,5.879415874146099,-0.6272881757686406,-0.4892500723885256,0.7955225256341435
21,1,33.4,3.5252873652135706,5.836187608973263,-0.703750347680618,-0.3719813594899115,0.796011735886195
21,1,33.5,3.4517105624613587,5.8050196022481195,-0.7547815463151295,-0.25614434169904143,0.7970602903433927
21,1,33.6,3.374331055950543,5.784958740633454,-0.783034618902203,-0.15434637006881147,0.7981015075494701
21,1,33.7,3.2951036386809154,5.774150328234357,-0.7956223280293386,-0.07184123083608185,0.7988592187030626
21,1,33.800000000000004,3.2152065903446725,5.770590494466237,-0.7993032737975199,-0.008123765851710374,0.7993445559175633
21,1,33.9,3.135242983921415,5.772525575064014,-0.7986110383949026,0.040279405194848295,0.7996261758653448
21,1,34.0,3.0554843826656954,5.778646375505207,-0.7961786119853418,0.07609972439468038,0.7998071956639624
21,1,34.1,2.976007261524344,5.78774551994295,-0.7934017545522583,0.10175166165221228,0.7998998342140021
21,1,34.2,2.8968040317552415,5.7989967078356495,-0.7910284806623,0.1192061416978909,0.7999600999033667
21,1,34.300000000000004,2.817801565391882,5.8115867482825285,-0.7894607583767694,0.1293585854185686,0.7999887078192524
21,1,34.4,2.7389118800798906,5.824868424919362,-0.7888408748345981,0.13314983090801036,0.799999252050054
21,1,34.5,2.6600333904249656,5.83821671446413,-0.7892399467800804,0.1307226800767438,0.7999925703904198
21,1,34.6,2.5810638907238723,5.851012960934712,-0.7906091561874984,0.12201106090853386,0.7999684598979726
21,1,34.7,2.5019115591874637,5.862618926645837,-0.7928364262810597,0.10618670492277715,0.7999157550270398
21,1,34.800000000000004,2.422496605467658,5.872250301919268,-0.7955644152940291,0.08254107698753543,0.7998348381212165
21,1,34.9,2.342798676128661,5.879127142043344,-0.7981591271761772,0.04919322216847988,0.79967366181584
21,1,35.0,2.2628647800324257,5.882088946352963,-0.7994183473900733,0.003942453978499572,0.7994280687386756
21,1,35.1,2.1829150066506444,5.879915632839044,-0.7970566669380226,-0.05574147354165149,0.799003405614109
21,1,35.2,2.103453446644819,5.8709406516446325,-0.787084656310558,-0.13353847015397946,0.7983324991571962
21,1,35.300000000000004,2.0254980753885308,5.853207938808247,-0.7632433433938921,-0.23076061393848946,0.797364949179706
21,1,35.4,1.9508047779660436,5.824788528856937,-0.718076859352287,-0.3440238577138395,0.7962328746124191
21,1,35.5,1.8818827035180767,5.78440316726548,-0.6384483912861256,-0.47161562747530894,0.7937491092371514
21,1,35.6,1.8231150997088168,5.730465403361873,-0.5086497518395454,-0.6056528637741607,0.7909108429173753
21,1,35.7,1.7801527531501664,5.663272594510646,-0.346356722380218,-0.7129150504063944,0.7925975323163195
21,1,35.800000000000004,1.7538437552327724,5.5878823932805926,-0.19162006917804675,-0.771919400235646,0.7953476041153069
21,1,35.9,1.741828739314557,5.508888714463521,-0.06053468104054893,-0.79468286968849,0.7969851384969575
21,1,36.0,1.7417368190246636,5.428945819342898,0.044283732270521625,-0.7970475192102278,0.7982767670570061
21,1,36.1,1.7506854857686616,5.349479210621473,0.1215666615572033,-0.7898016528441651,0.7991026867915906
21,1,36.2,1.7660501513361047,5.270985488774063,0.17530755891501926,-0.7801157186504106,0.799570681489879
21,1,36.300000000000004,1.785746997551666,5.193456066891389,0.21067818200158683,-0.7715774737934638,0.7998231644788721
21,1,36.4,1.8081857877364207,5.116669994015373,0.23143530666183487,-0.7657416499432799,0.7999516083035987
21,1,36.5,1.832034058884032,5.0403077369027365,0.23959970952314258,-0.7632736924183199,0.7999967189566907
21,1,36.6,1.85610572964105,4.964015255531707,0.23594022219637445,-0.7643916429834761,0.7999764823499829
21,1,36.7,1.8792221033233079,4.887429408306039,0.2202545245485652,-0.7689640236550979,0.7998860701749672
21,1,36.800000000000004,1.9001566345507637,4.810222450800685,0.19081742976105254,-0.7765893460801827,0.7996888794686718
21,1,36.9,1.9173855892755178,4.732111539090005,0.1440885432395369,-0.786208335545048,0.7993028557270433
21,1,37.0,1.9289743431986701,4.652980783691679,0.07579633965725208,-0.7950053343718473,0.7986103973685356
21,1,37.1,1.9325448572069683,4.5731104722156335,-0.01873107238626126,-0.7972502239804911,0.7974702331182542
21,1,37.2,1.9252281287214177,4.493530738895578,-0.14101909888087683,-0.783413277269279,0.7960042394679608
21,1,37.300000000000004,1.9043410374307925,4.416427816761775,-0.2826633404561232,-0.7428757737307627,0.794835189982108
21,1,37.4,1.8686954606301953,4.344955584149428,-0.42261604624612126,-0.6732937023828427,0.7949394519163706
21,1,37.5,1.8198178281815693,4.28176907628521,-0.5393307691740237,-0.5854848242795185,0.7960340181421035
21,1,37.6,1.7608293067953888,4.227858619293523,-0.6241957412372585,-0.4961747953885549,0.7973767935910883
21,1,37.7,1.6949786799341158,4.1825341172074975,-0.681002452974818,-0.41669083729231104,0.7983705874098108
21,1,37.800000000000004,1.6246288162004234,4.144520451835059,-0.7183046692345014,-0.3499251067659479,0.7990051177490958
21,1,37.9,1.551317746087219,4.112549095854309,-0.17332616861617378,-0.46117916563046535,0.49267452089465164
21,1,38.0,1.5899635824771974,4.052284618708966,0.4655206853980314,-0.5941838434166868,0.7548270982886602
21,1,38.1,1.6444218831668265,3.9937123271709702,0.5639855956876128,-0.566483212635351,0.7993641112414165
21,1,38.2,1.7027607016147215,3.9389879761818944,0.5953100227761503,-0.5340138540956438,0.7997279659883254
21,1,38.300000000000004,1.7634838877220582,3.8869095563518394,0.6119767815420101,-0.5151721352450842,0.7999486921543759
21,1,38.400000000000006,1.8251560579231254,3.835953549132876,0.6155632670842248,-0.5109543100520355,0.7999952767011542
21,1,38.5,1.8865965411389003,3.7847186943414344,0.6181418950622728,-0.5077587043481806,0.7999489385407802
21,1,38.6,1.9487844369355773,3.734401808263242,0.6322514900781684,-0.48977661251754867,0.7997643883514878
21,1,38.7,2.0130468391545357,3.6867633718379227,0.6513821328855034,-0.4641042172741585,0.7998071064538792
21,1,38.800000000000004,2.0790608635126797,3.641580964808409,0.6672715199915178,-0.44104770818451655,0.7998589639971568
21,1,38.900000000000006,2.1465011431528414,3.5985538302010185,0.6799166012801479,-0.421384319846549,0.7999070756712221
21,1,39.0,2.2150441837687067,3.5573041008391013,0.6896033547428502,-0.4054076153171806,0.7999425738324948
21,1,39.1,2.2844218141014085,3.5174723071375844,0.6966627759711521,-0.39320968639586695,0.7999705500200415
21,1,39.2,2.354376738962939,3.4786621635599264,0.7013081483158281,-0.38490048210270444,0.7999884374271105
21,1,39.300000000000004,2.424683443764576,3.440492210717043,0.7037253896518489,-0.38048328553886535,0.7999980966321709
21,1,39.400000000000006,2.495121816893311,3.4025655064521523,0.703979782072647,-0.38001447364649366,0.7999990835918959
21,1,39.5,2.5654794001791026,3.364489315987746,0.7021234641788681,-0.38341876404373565,0.7999920671927692
21,1,39.6,2.6355465097290813,3.325881753643406,0.6986967683933543,-0.38961649094518336,0.7999863649961508
21,1,39.7,2.7052187538577757,3.286566017798708,0.6949645078148396,-0.3962413876831654,0.7999893152007737
21,1,39.800000000000004,2.774539411292051,3.2466334761067723,0.6916775137719195,-0.40195735649044906,0.7999921871459083
21,1,39.900000000000006,2.8435542566121614,3.2061745465006166,0.688902391887865,-0.40670053642664783,0.7999948949078016
21,1,40.0,2.9123198896696207,3.165293368821444,0.6866736260245663,-0.41045627405403273,0.7999968884864772
21,1,40.1,2.980888981817072,3.1240832916898116,0.6850013404486113,-0.4132441400149709,0.7999984722942333
21,1,40.2,3.049320157759345,3.082644540818449,0.6838443737285349,-0.4151575041425062,0.7999993004534487
21,1,40.300000000000004,3.117657856562781,3.0410517908613093,0.6830281594882806,-0.4164996057611656,0.7999996176581301
21,1,40.400000000000006,3.185925789657003,2.9993446196662146,0.6824295122111419,-0.41748011628897785,0.7999998041458483
21,1,40.5,3.2541437590050064,2.9575557676035156,0.6820332943464091,-0.41812734381027283,0.799999931399278
21,1,40.6,3.322332448526282,2.915719150904162,0.6818415506643483,-0.41844006249043275,0.7999999913183501
21,1,40.7,3.3905120691378783,2.8738677551054277,0.6818527815822755,-0.41842175470541676,0.7999999878514038
21,1,40.800000000000004,3.4587030048427394,2.8320347999630773,0.6820681824519568,-0.4180704081111557,0.799999919782211
21,1,40.900000000000006,3.5269257056282712,2.7902536734831953,0.682485700366982,-0.4173882266709388,0.7999997893555478
21,1,41.0,3.5952001449161326,2.7485571546288914,0.6831058975776187,-0.4163720423739292,0.799999590609871
21,1,41.1,3.6635468851437927,2.7069792650084112,0.6839260622150825,-0.41502298467264787,0.7999993352394874
21,1,41.2,3.731985357359151,2.6655525576943604,0.6849460640489085,-0.4133367777728125,0.7999990015716912
21,1,41.300000000000004,3.8005360979535765,2.6243119094538474,0.6861626216197969,-0.41131332438191315,0.7999986213252205
21,1,41.400000000000006,3.8692178816831126,2.5832898928179766,0.687574594780024,-0.4089476900092617,0.7999981478421219
21,1,41.5,3.9380510169095784,2.5425223714519967,0.689178391396176,-0.4062380686962772,0.799997639762457
21,1,41.6,4.007053559962344,2.502042279078723,0.6909713250359424,-0.403179692884029,0.7999970229794521
21,1,41.7,4.076245281916769,2.4618864328751897,0.6929498764473756,-0.3997682775597031,0.7999963793739849
21,1,41.800000000000004,4.145643535251821,2.4220886235667813,0.6951091179209392,-0.3960003873417186,0.7999956203577725
21,1,41.900000000000006,4.215267105500959,2.382686355406845,0.6974460483998968,-0.3918682591179703,0.7999948268162612
21,1,42.0,4.285132744931798,2.343714971743189,0.6999527261111638,-0.3873712401551632,0.7999939352831363
21,1,42.1,4.355257650723189,2.305212107375814,0.7026270968410024,-0.38249694508994025,0.799992968855572
21,1,42.2,4.425658164300001,2.2672155827252,0.7054574539841987,-0.3772491608601243,0.7999919679293885
21,1,42.300000000000004,4.496349141520031,2.2297622752037882,0.7083886848384111,-0.3717282060439828,0.799997742481672
21,1,42.32631411033042,4.515,2.2199999999999998,0.7087778475417214,-0.3709901296759308,0.7999998209267547
21,2,0.0,9.060000000000002,10.59,-0.19345902916761304,0.7760575903109768,0.799807338954673
21,2,0.1,9.040654097083241,10.667605759031098,-0.2218168703246306,0.7678395111901182,0.79923728573265
21,2,0.2,9.015636625935077,10.743567902238023,-0.27831504301508403,0.7491769014759697,0.79920291095167
21,2,0.30000000000000004,8.984991088480225,10.817441139326293,-0.33562086490714194,0.7252327090793216,0.799126928140674
21,2,0.4,8.948512452953649,10.888614444053887,-0.3913226232113516,0.696825390791922,0.7991864742907804
21,2,0.5,8.906726563837955,10.956806217484678,-0.4436431792126285,0.6647079454245031,0.7991595104685626
21,2,0.6000000000000001,8.859783817111122,11.021556033138788,-0.49324938397718654,0.628826150372781,0.7991978992630833
21,2,0.7000000000000001,8.808076687042519,11.082571447559234,-0.5385742740446275,0.5905472497295889,0.7992548422286092
21,2,0.8,8.752068962302197,11.139665483084705,-0.5799419018542338,0.5500133436312282,0.7992792301184294
21,2,0.9,8.692088306671673,11.19257411628548,-0.6167759177728982,0.5085157089884049,0.7993752304347321
21,2,1.0,8.628713778747617,11.241368624882387,-0.6495118828355686,0.4659853426463272,0.799379775517132
21,2,1.1,8.56218593010456,11.285771184814744,-0.6781651420646497,0.42339404059044483,0.7994813778438306
21,2,1.2000000000000002,8.493080750334688,11.326047433000475,-0.7028694668585231,0.3809688058010394,0.7994765277576664
21,2,1.3,8.421612036732855,11.361964945974949,-0.7243264085841261,0.33855749875897345,0.7995435736333016
21,2,1.4000000000000001,8.348215468617864,11.393758932752272,-0.742228742620604,0.29732686772832295,0.7995666155144914
21,2,1.5,8.273166288208733,11.421430319520612,-0.757530827710184,0.2558898177724842,0.7995827372892136
21,2,1.6,8.196709303075828,11.44493689630677,-0.7700772857908973,0.21538304432998245,0.7996304658252626
21,2,1.7000000000000002,8.119150831050554,11.464506928386609,-0.7801326439251426,0.1754999772442858,0.799629404243227
21,2,1.8,8.040682774290797,11.480036891755626,-0.7880274487919152,0.13590449117767633,0.7996607347942987
21,2,1.9000000000000001,7.961545341292172,11.491687826622146,-0.7936503050704786,0.09814702066804415,0.7996959699813907
21,2,2.0,7.881952713276699,11.499666295889233,-0.7973501323789733,0.06132326821743561,0.7997048060563559
21,2,2.1,7.802075314816379,11.503952480265635,-0.7993298313763546,0.025334214332389138,0.799731205933588
21,2,2.2,7.722086747001428,11.50473313875571,-0.7997058361410936,-0.00878073309932148,0.7997540407099467
21,2,2.3000000000000003,7.642134147588161,11.50219633364577,-0.7986826164664222,-0.041648199870735425,0.7997677752936304
21,2,2.4000000000000004,7.562350223708144,11.496403498781564,-0.796343872028018,-0.07402870697386987,0.7997773515002781
21,2,2.5,7.482865373182559,11.487390592251,-0.7928583153941418,-0.10512206688524373,0.7997968224717212
21,2,2.6,7.403778560629314,11.475379085404512,-0.7883858522705651,-0.1346675702350879,0.7998047302519582
21,2,2.7,7.325188202728445,11.460457078203982,-0.7828955077847226,-0.16362996618791925,0.7998125667580863
21,2,2.8000000000000003,7.24719945907237,11.442653092166928,-0.7763822961640585,-0.19219745255040266,0.7998183109705854
21,2,2.9000000000000004,7.169911743495634,11.422017587693901,-0.7690405992219311,-0.21977085011172903,0.7998266498501153
21,2,3.0,7.093391339227986,11.398698922144584,-0.7609560484234876,-0.24631524428821194,0.7998282985747946
21,2,3.1,7.0177205338109365,11.372754538836258,-0.7520364347834629,-0.27235687681795184,0.7998356503631547
21,2,3.2,6.942984052271293,11.344227546780994,-0.74205780140516,-0.2984643762332695,0.7998317101156808
21,2,3.3000000000000003,6.869308973529904,11.313061663589604,-0.7312229820265159,-0.32411836075149836,0.7998373342248966
21,2,3.4000000000000004,6.79673945586599,11.279403874630693,-0.7197281261535551,-0.34888560940266444,0.799831072180105
21,2,3.5,6.725363348299194,11.243284541709071,-0.7073338830128932,-0.37337593281325354,0.7998317380938722
21,2,3.6,6.655272679263411,11.204728688068041,-0.6937424510198653,-0.39804526653290395,0.7998241197640271
21,2,3.7,6.586614858095221,11.163675488402491,-0.6789910037424605,-0.42271191152936893,0.7998213196158296
21,2,3.8000000000000003,6.519474478514919,11.120186305762166,-0.6633548277550929,-0.44683608417454224,0.7998137993473403
21,2,3.9000000000000004,6.453943892544202,11.074308271567583,-0.6466519027275943,-0.4706743193512182,0.7998081008579186
21,2,4.0,6.390144097969402,11.026051441891925,-0.6282810778998957,-0.4949020176673713,0.7997906725751994
21,2,4.1000000000000005,6.328287676964223,10.975327868034109,-0.6083412585518815,-0.5192054827154422,0.7997833582528849
21,2,4.2,6.268475846259025,10.922210345348836,-0.5872432056544419,-0.5429350256773873,0.7997706075460702
21,2,4.3,6.210839035833335,10.866740862898633,-0.5643802174079653,-0.5666346112865028,0.7997498437069359
21,2,4.4,6.155599802777432,10.808883423091535,-0.539213093163923,-0.590601843867546,0.7997257641336502
21,2,4.5,6.102996417200551,10.748620494125124,-0.5123315065817629,-0.6140556539130557,0.7997173992973577
21,2,4.6000000000000005,6.053133501461079,10.686072292308925,-0.4834512632951551,-0.6369981976341563,0.7996823292851012
21,2,4.7,6.006306164541519,10.621220854598294,-0.4517260560127099,-0.6598375719611695,0.7996512058719161
21,2,4.800000000000001,5.962788290258537,10.554104777916692,-0.418060809749214,-0.6816567618343612,0.7996441593625727
21,2,4.9,5.922694002591676,10.484889502231422,-0.3838742907862063,-0.7015296231429531,0.7996894917864725
21,2,5.0,5.886013432101296,10.413798853288101,-0.37877976781009437,-0.7042228804920683,0.7996273994247665
21,2,5.1000000000000005,5.846938049029657,10.344044926133007,-0.4413968691329586,-0.6633813281445882,0.796809878585385
21,2,5.2,5.797734058274704,10.281122587659183,-0.54152527361871,-0.5834146461841385,0.7960039392804423
21,2,5.300000000000001,5.738632994305915,10.227361996896178,-0.6309946935333528,-0.48591502561152566,0.7964092637471637
21,2,5.4,5.671535119568033,10.183939582536878,-0.6971921430385102,-0.38715980783064197,0.7974770223110444
21,2,5.5,5.599194565698213,10.149930035330051,-0.7399185021013324,-0.2996969089598096,0.7983092301808515
21,2,5.6000000000000005,5.523551419147767,10.124000200744916,-0.7662621832923442,-0.2262396588517248,0.7989631510785056
21,2,5.7,5.445942129039744,10.104682103559707,-0.7816126451197967,-0.16767622170997498,0.7993957982990015
21,2,5.800000000000001,5.367228890123807,10.090464956402922,-0.7901344506456773,-0.12308705249997587,0.7996642249033517
21,2,5.9,5.287915238910608,10.080064693059711,-0.7947892374262935,-0.08950431982867002,0.7998130751598538
21,2,6.0,5.2082710426385495,10.072564092437188,-0.7972838867519982,-0.06475665991578694,0.7999093830414931
21,2,6.1000000000000005,5.128458461560208,10.067113361076554,-0.7985155960904926,-0.048112164903763244,0.7999637101840819
21,2,6.2,5.048567923420451,10.062941659456436,-0.7990642336960683,-0.038472073760900116,0.7999898437053741
21,2,6.300000000000001,4.9686456148209945,10.059418946324374,-0.7992356363221589,-0.03494604196254869,0.7999992676347488
21,2,6.4,4.888720796156019,10.055952451063927,-0.7991233991485664,-0.03729681861184275,0.7999932873126647
21,2,6.5,4.808820934991282,10.051959582602006,-0.7986742552839843,-0.04555345590533477,0.7999723016444671
21,2,6.6000000000000005,4.728985945099222,10.04684175988286,-0.7976550189266689,-0.060279366744630636,0.7999294539358068
21,2,6.7,4.6492899312059475,10.03990370925308,-0.7956168256384366,-0.0822298129062986,0.7998549089488589
21,2,6.800000000000001,4.5698625799715344,10.030395797301601,-0.7918676006201686,-0.11192563816732104,0.7997384856258356
21,2,6.9,4.490916411081914,10.017518581619616,-0.7853143647409233,-0.15031168443692167,0.7995700431773971
21,2,7.0,4.412799707023351,10.000333460414216,-0.7737683709007754,-0.20023010309887468,0.7992556449556212
21,2,7.1000000000000005,4.336162736901759,9.977472560999841,-0.7545297712968946,-0.26243727715988996,0.7988670103443006
21,2,7.2,4.261893752763972,9.947846004982239,-0.7238347580494313,-0.33655433312530647,0.7982515744462384
21,2,7.300000000000001,4.191395785291872,9.91016169437478,-0.6770492867138671,-0.421574708115628,0.79757192225061
21,2,7.4,4.126483895421199,9.863531063359114,-0.6111273837186602,-0.5115377581046587,0.7969614527049316
21,2,7.5,4.0691703085481405,9.807854142753849,-0.5317233642259573,-0.5940824534034732,0.7972852046198148
21,2,7.6000000000000005,4.020139222576007,9.744714572678419,-0.4579977601670784,-0.6542186039389861,0.7986012334437862
21,2,7.7,3.977570756514725,9.677010421966052,-0.40396466386249585,-0.6898644836729488,0.7994375869840519
21,2,7.800000000000001,3.939346289803508,9.606741675943828,-0.3715843639497649,-0.70831423101464,0.7998649819749657
21,2,7.9,3.9032538837247714,9.535347575763124,-0.35939370169939977,-0.7147169749003908,0.7999901168339287
21,2,8.0,3.867467549463628,9.46379828096375,-0.3664724863777522,-0.7110234973691547,0.7999103056486746
21,2,8.1,3.829959386449221,9.393142876289295,-0.3937676116099986,-0.6958929172128947,0.7995748146234444
21,2,8.200000000000001,3.788714027141628,9.324619697521172,-0.4434391708367649,-0.6643361863651194,0.7987370448067049
21,2,8.3,3.7412715522818676,9.26027563901627,-0.5182643668474327,-0.6055628335205228,0.7970597840094397
21,2,8.4,3.6850611537721414,9.203507130817068,-0.5873695265577759,-0.5318427088866216,0.7923759383806183
21,2,8.5,3.623797646970313,9.153907097238946,-0.48176567301392836,-0.6072498338880834,0.7751454859906418
21,2,8.6,3.5887080191693563,9.082057164039451,-0.30985672403004827,-0.735746851965402,0.7983323991944914
21,2,8.700000000000001,3.5618263021643037,9.006757726845866,-0.2244512702718886,-0.7659881749018496,0.7981956256558481
21,2,8.8,3.543817765114978,8.92885952905908,-0.13356932558099643,-0.7868922184837857,0.7981479363166305
21,2,8.9,3.535112437048105,8.849379283149108,-0.04286443978696397,-0.7971973607639811,0.7983489163312663
21,2,9.0,3.5352448771575853,8.769420056906284,0.041287580724077344,-0.7975684372935987,0.7986363856530707
21,2,9.1,3.5433699531929204,8.68986559569039,0.11551153176193552,-0.7905909052375435,0.798984914384688
21,2,9.200000000000001,3.5583471835099725,8.611301875858775,0.17831880822898327,-0.7791395140981692,0.7992846675605232
21,2,9.3,3.5790337148387166,8.534037692870756,0.22925751981906473,-0.7659637638164085,0.7995370522204632
21,2,9.4,3.604198687473785,8.458109123095493,0.2691875200863798,-0.7530380786728017,0.7997051137147241
21,2,9.5,3.632871218855992,8.383430077136197,0.29977914265807826,-0.7415269895739911,0.799831113823086
21,2,9.600000000000001,3.664154516005401,8.309803725180695,0.3221552066438811,-0.7321711672839868,0.7999116172239015
21,2,9.700000000000001,3.697302260184768,8.236995843679399,0.33734381182644313,-0.7253559017835585,0.7999637689482155
21,2,9.8,3.7316232783706895,8.164732544823984,0.3460636813925184,-0.7212664799974746,0.7999908791648127
21,2,9.9,3.7665149964632714,8.092742547679904,0.34881192014461604,-0.7199508555343925,0.7999993687620496
21,2,10.0,3.8013856623996127,8.020742373717106,0.3457199931852344,-0.7214304504667552,0.7999901302820328
21,2,10.100000000000001,3.8356589951003186,7.948456457586552,0.3366270163863163,-0.7256860561918614,0.7999612492567691
21,2,10.200000000000001,3.8687110656768766,7.875605162478733,0.3211687799215639,-0.732603459085901,0.79991075343499
21,2,10.3,3.899892751084631,7.801935765769372,0.29874024848689373,-0.7419455147347804,0.7998305338639363
21,2,10.4,3.9284591153742547,7.727216059531777,0.2682690591011614,-0.7533721392256325,0.7997111154863538
21,2,10.5,3.953546562904863,7.651261337924246,0.22867831401357108,-0.7661437170656527,0.7995435988732974
21,2,10.600000000000001,3.974194778176969,7.573987316118647,0.17901845043146736,-0.7790235706590138,0.7993280485740527
21,2,10.700000000000001,3.989350252991157,7.495456623792442,0.11794801091387441,-0.790283097985359,0.7990363622763835
21,2,10.8,3.997784380359744,7.415930696521576,0.04583681363211056,-0.7974239960671525,0.7987402850662103
21,2,10.9,3.9985176157175784,7.335971824579011,-0.033242846192926834,-0.797915688462723,0.7986078716854398
21,2,11.0,3.991135811121158,7.256347558829032,-0.1119493803348739,-0.7908723066968761,0.7987563265836459
21,2,11.100000000000001,3.9761277396506034,7.177797363239636,-0.18475106330063085,-0.7772707067111781,0.7989259708521235
21,2,11.200000000000001,3.954185598461032,7.100893417486795,-0.25139931654040026,-0.7584587423396343,0.7990377213801613
21,2,11.3,3.925847876342523,7.026105614771709,-0.313912365773529,-0.7348382456412139,0.7990796084512424
21,2,11.4,3.8914031253063266,6.953925768358553,-0.37336836980499655,-0.7065035844480718,0.7990940210067989
21,2,11.5,3.8511742023815243,6.884804897882095,-0.43010802914644586,-0.6734490390677692,0.7990785474266855
21,2,11.600000000000001,3.805381519477036,6.819235960544997,-0.4847702499926889,-0.6352008058345646,0.7990508488268154
21,2,11.700000000000001,3.7542201523829863,6.757764736715181,-0.5364176914622547,-0.5922324292568746,0.7990514313717194
21,2,11.8,3.698097981184586,6.700789474693623,-0.5845357533683249,-0.5447326306741189,0.7990091901142446
21,2,11.9,3.637313001709322,6.648818210580358,-0.6301729762722204,-0.491034238572972,0.7988946134971288
21,2,12.0,3.5720633859301425,6.602582626979029,-0.6730890001772174,-0.43006895435546966,0.7987540971162359
21,2,12.100000000000001,3.5026952016738773,6.5628044197092645,-0.712411472445158,-0.3607537991793137,0.7985445571123673
21,2,12.200000000000001,3.4295810914411096,6.530431867143165,-0.7463441330501013,-0.2838227060812457,0.7984891316890846
21,2,12.3,3.353426375063857,6.506039878493015,-0.7710878644530581,-0.2088878245569319,0.7988808534161432
21,2,12.4,3.2753635185504986,6.488654302231779,-0.7860204147662007,-0.14487571786179387,0.7992603243344437
21,2,12.5,3.196222292110618,6.477064734920657,-0.7941394752873219,-0.09283534928542281,0.7995473146015621
21,2,12.600000000000001,3.1165356234930335,6.470087232374694,-0.7980026475309963,-0.05295461576680793,0.7997577238123367
21,2,12.700000000000001,3.036621762604418,6.466473811767297,-0.7995031951775324,-0.024907220853172873,0.7998910730528953
21,2,12.8,2.9566349844575277,6.46510578820406,-0.3668302076510219,-0.3020766491864961,0.475199645653312
21,2,12.9,2.963255721074214,6.406058481929997,0.1711389248595676,-0.6706513991072356,0.6921429265163239
21,2,13.0,2.990862769429441,6.330975508382614,0.26616289788498726,-0.7543263944345142,0.7999068680484676
21,2,13.100000000000001,3.0164883006512118,6.255193203043095,0.2463607154113454,-0.7610261055414043,0.7999089544526342
21,2,13.200000000000001,3.0401349125117108,6.178770287274332,0.22673623794278797,-0.767105491174128,0.7999125928412107
21,2,13.3,3.061835548239769,6.101772104808269,0.20733777867096848,-0.7725776150351216,0.7999156991318322
21,2,13.4,3.081602468245904,6.024254764267309,0.1881631215506836,-0.777474255031489,0.7999197319409406
21,2,13.5,3.099468172549906,5.946277253801973,0.16943475644550787,-0.7817742062385165,0.7999244003226873
21,2,13.600000000000001,3.115489419535006,5.867899923019605,0.15124020005531413,-0.7855020160053598,0.7999293814214202
21,2,13.700000000000001,3.129716212560969,5.789176850600899,0.13350046695171258,-0.7887155191221034,0.7999340877724703
21,2,13.8,3.1421895129253485,5.710156819195185,0.1163569646618221,-0.791431953746109,0.7999396731227273
21,2,13.9,3.1529876054933332,5.6308904598516785,0.09996439542031865,-0.7936739315919432,0.7999444918495048
21,2,14.0,3.162182392009412,5.551422032876797,0.08429612822385302,-0.7954962166608475,0.7999500409120899
21,2,14.100000000000001,3.169846831138104,5.471791216519508,0.06929211374833244,-0.7969480568003924,0.7999547501363019
21,2,14.200000000000001,3.176040814759079,5.392032421516718,0.05507166641974415,-0.7980621386300797,0.7999600399751629
21,2,14.3,3.1808611644220526,5.312178788793492,0.04173904402948381,-0.7988747467582051,0.7999643797097977
21,2,14.4,3.1843886235649754,5.232257472165077,0.02918600451593001,-0.7994361781018569,0.7999687654638197
21,2,14.5,3.1866983653252388,5.1522915531731215,0.017414332560854007,-0.7997833188809658,0.7999728846272183
21,2,14.600000000000001,3.187871490077146,5.072300808388883,0.00650563852282815,-0.7999503569382895,0.7999768102253255
21,2,14.700000000000001,3.1879994930298046,4.992301481785463,-0.0035573683016814073,-0.7999723195317756,0.7999802290596206
21,2,14.8,3.1871600164168097,4.912306344482529,-0.01285140610046831,-0.7998801078846611,0.7999833408442555
21,2,14.9,3.185429211809711,4.832325460208532,-0.02131284884483975,-0.7997024255803744,0.799986379262183
21,2,15.0,3.182897446647842,4.752365859366455,-0.028961602385935592,-0.799464366392229,0.7999887796361204
21,2,15.100000000000001,3.179636891332524,4.672432586930085,-0.035853811390031964,-0.7991872294992959,0.7999910771914598
21,2,15.200000000000001,3.1757266843698355,4.592528413466595,-0.04194548435677525,-0.7988927165827029,0.7999931226371982
21,2,15.3,3.1712477944611694,4.512654043613544,-0.0473040357467891,-0.7985949184848664,0.7999946972497906
21,2,15.4,3.1662658772204777,4.432809429769622,-0.05192078391715782,-0.7983096022919653,0.7999962430625084
21,2,15.5,3.1608636376777377,4.352992123155152,-0.05579843084778524,-0.7980490338848476,0.7999973283515475
21,2,15.600000000000001,3.1551061910509204,4.273199622992651,-0.05897831277470189,-0.7978213239690888,0.7999983164716913
21,2,15.700000000000001,3.1490679751227977,4.193427858361334,-0.062496850356307476,-0.7975483768046701,0.7999932935020285
21,2,15.8,3.1426068209796587,4.113689947631718,-0.08231669183606449,-0.7954339792962877,0.7996819700193075
21,2,15.9,3.132604636755585,4.034341062502077,-0.14743827226230266,-0.784221544935864,0.7979608233925312
21,2,16.0,3.1131191665271984,3.9568456386445456,-0.2740673009012369,-0.7451317136583384,0.7939358639856882
21,2,16.1,3.077791176575337,3.8853147197704088,-0.4316769517704273,-0.6648705862622144,0.7927155146497818
21,2,16.2,3.0267837761731142,3.823871521392103,-0.5595958808999786,-0.5657303891822281,0.7957376597626244
21,2,16.3,2.9658720003953416,3.772168641933964,-0.6603842153164958,-0.43767078221972255,0.7922518699555134
21,2,16.400000000000002,2.894706933109813,3.736337364948157,-0.749269015991807,-0.24372377703691583,0.7879120114698537
21,2,16.5,2.816018197196981,3.7234238865265805,-0.792698701225186,-0.047604292624306765,0.7941268158174469
21,2,16.6,2.7361671928647766,3.7268165064232965,-0.7950310035945751,0.07446448852399712,0.7985106491010234
21,2,16.7,2.6570119964780665,3.7383167842313796,-0.7899031489900885,0.12577807360805693,0.7998544296214228
21,2,16.8,2.5781865630667595,3.7519721211449077,-0.7907259578965267,0.11935376889856997,0.7996829763360433
21,2,16.900000000000002,2.498866804898759,3.762187538011094,-0.7957942109278839,0.04600943407016089,0.7971231361400758
21,2,17.0,2.4190277208811835,3.76117400795894,-0.7773788657732386,-0.12665378224744117,0.7876287713818415
21,2,17.1,2.343391031744112,3.7368567815616047,-0.1770847619190139,-0.44283899000988924,0.47693331187587706
21,2,17.2,2.383610768497377,3.6726062099569643,0.4487604745620306,-0.6352839065260802,0.7777992063638124
21,2,17.3,2.433143126656518,3.6098000002563895,0.5125070368005797,-0.6137171110828881,0.7995699814312921
21,2,17.400000000000002,2.486112175857494,3.5498627877403846,0.5451178410206001,-0.5850104663615738,0.7996191007920874
21,2,17.5,2.5421666948606374,3.492797906984075,0.5740721470214822,-0.5567135660286944,0.7996804515468912
21,2,17.6,2.6009266052617903,3.4385200745346465,0.5987363853927352,-0.5302153944195283,0.7997584783374376
21,2,17.7,2.661913971939184,3.386754828100169,0.6193049218416764,-0.5061255520121222,0.7998135161504213
21,2,17.8,2.7247875896301252,3.337294964132222,0.6359938464991863,-0.48509350277863206,0.7998774151223882
21,2,17.900000000000002,2.7891127412390233,3.2897361275444417,0.6488679828793043,-0.46780787802406465,0.7999211648326572
21,2,18.0,2.8545611862059856,3.2437333885274096,0.6584151154288236,-0.4543384579514793,0.7999586855574976
21,2,18.1,2.9207957643247875,3.1988684359541466,0.6647469320997033,-0.4450677884561802,0.7999836373684418
21,2,18.2,2.9875105726259257,3.1547198308361737,0.6681125743135645,-0.4400235429653545,0.7999969564440114
21,2,18.3,3.0544182791875,3.110863727361076,0.668625787273248,-0.43924718922817085,0.7999990854067393
21,2,18.400000000000002,3.121235730080577,3.066870392990538,0.6662434955110275,-0.4428348052617448,0.7999894124686651
21,2,18.5,3.187666978289705,3.0222967663087275,0.6609807202702012,-0.45061734170275614,0.7999696876833349
21,2,18.6,3.2534318741346167,2.9767469246499876,0.6526712220211035,-0.46251375498567704,0.7999366834978076
21,2,18.7,3.3182012226939253,2.9297940153115922,0.6410729584237025,-0.47839020476611616,0.7998948218599022
21,2,18.8,3.381646465819357,2.8810688836967646,0.6260811169416804,-0.49776961144326215,0.799845079416832
21,2,18.900000000000002,3.4434174460822633,2.830240093022938,0.6072149710417598,-0.5205176277000589,0.7997803584758395
21,2,19.0,3.5030894600277085,2.7769653581567533,0.5846885491708811,-0.5456329766816506,0.7997349840878717
21,2,19.1,3.5603551559164393,2.7211134976866083,0.5611872308849009,-0.5698379111312821,0.7997789401270367
21,2,19.200000000000003,3.6153269062046904,2.6629977759304952,0.5414486039926807,-0.588777550460243,0.7998909892551527
21,2,19.3,3.6686448767149757,2.6033579875945603,0.5282640131428913,-0.6007295120315597,0.7999617579656596
21,2,19.400000000000002,3.720979708833268,2.542851873524184,0.5217034391084816,-0.606479129501519,0.7999946330435833
21,2,19.5,3.7729855645366714,2.482062161694257,0.521832707594811,-0.606366978566447,0.7999939296091774
21,2,19.6,3.82534625035223,2.421578477810895,0.5287345553046912,-0.6003109818203978,0.7999584394625883
21,2,19.700000000000003,3.878732475597611,2.3619999653301758,0.5425948150815856,-0.5877035766871082,0.7998778828072693
21,2,19.8,3.9338652133685468,2.304037762473474,0.5634941612922653,-0.5675099156986647,0.7997456934718555
21,2,19.900000000000002,3.9914313078560637,2.248497982190443,0.5910665801867196,-0.5384382645940953,0.7995470386367052
21,2,20.0,4.05207852940589,2.1963501095546554,0.6248513435263732,-0.49836965478973916,0.7992568512824632
21,2,20.1,4.116401576561338,2.148824051232496,0.6630452852873674,-0.4456783451075488,0.7989106568569541
21,2,20.200000000000003,4.184687586463365,2.1072144405331446,0.7024306229726953,-0.37985378664609293,0.7985597531300862
21,2,20.3,4.256887701155876,2.072853293903277,0.737671665251387,-0.30588281253483274,0.7985760957598055
21,2,20.400000000000002,4.332221919513642,2.0460378780261785,0.764197608888967,-0.2326089371939375,0.798814686328505
21,2,20.5,4.409727222933669,2.0263315064644893,0.7819713292666002,-0.16425726855274725,0.7990366762967661
21,2,20.6,4.488616185366961,2.0131864243156294,0.792803288193273,-0.10084745088782299,0.7991916304120293
21,2,20.700000000000003,4.568287880572326,2.0061620162869245,0.7982027643035003,-0.04270044773928916,0.799344094354168
21,2,20.8,4.648256738227661,2.0046463347677714,0.7993711310413971,0.010450607452673566,0.7994394413203119
21,2,20.900000000000002,4.728162106780605,2.0082521377774594,0.7972360328765156,0.06022566210430824,0.7995076125294787
21,2,21.0,4.807703944802964,2.016691467188633,0.7924268315152538,0.10662751661289072,0.7995684527320577
21,2,21.1,4.886647473083655,2.0295776411000377,0.7854044153446509,0.1499898112311957,0.7995980484693811
21,2,21.200000000000003,4.964784827871896,2.0466894294348728,0.7763720970869628,0.1914289953869126,0.7996240950659572
21,2,21.3,5.041921892501047,2.06786344017742,0.7652909742141247,0.23181603419619456,0.7996305077497078
21,2,21.400000000000002,5.1178430227147205,2.0930526362741113,0.7521065009816397,0.27155484917167705,0.7996288044633569
21,2,21.5,5.192343192697375,2.122174410011755,0.7367037765467828,0.31086419376669383,0.7996055285855074
21,2,21.6,5.265183778024077,2.15522547502745,0.7155566545575667,0.3561053045443927,0.799269862941342
21,2,21.700000000000003,5.33545452360889,2.1933954709206347,0.6755013472829745,0.4244528798352363,0.797785884421089
21,2,21.8,5.400284047480672,2.2401160509944966,0.6008141755402576,0.5215070525241039,0.795579838459031
21,2,21.900000000000002,5.455617358716941,2.2976968814254555,0.4928339138606965,0.6238278680768339,0.7950135065774292
21,2,22.0,5.498850830252811,2.364881624609863,0.3766189704819354,0.701894911053536,0.7965540252172002
21,2,22.1,5.530941152813328,2.4380758636361626,0.2704770907147207,0.7502664526126299,0.797532197793568
21,2,22.200000000000003,5.552946248395757,2.514934915132391,0.1753669699631928,0.7787245124612063,0.7982264343292665
21,2,22.3,5.566014546805966,2.593820766128403,0.09145113059638632,0.7934056104194962,0.7986587330847204
21,2,22.400000000000002,5.571236474515033,2.6736160372162896,0.01611694474540215,0.7986989623929741,0.798861557740476
21,2,22.5,5.569237935755046,2.7535605586069973,-0.05448327262385533,0.7970959107691833,0.7989557672116517
21,2,22.6,5.560339819990262,2.8330352193701254,-0.12344448904254435,0.7893604209395502,0.7989545769446713
21,2,22.700000000000003,5.5445490379465365,2.9114326427949098,-0.19514400881185523,0.7745539538758024,0.7987584188224873
21,2,22.8,5.521311018227891,2.9879460101452855,-0.27307366071392636,0.7502356644948751,0.7983876104097378
21,2,22.900000000000002,5.489934305803751,3.061479775693884,-0.3633730163529556,0.7097158468329212,0.7973308800361465
21,2,23.0,5.448636414957301,3.1298891795118693,0.14064275347649513,0.4169656531670469,0.44004629304934756
21,2,23.1,5.5180628564990535,3.1448729063272913,0.7427062622390856,0.13423508734132383,0.7547394587820927
21,2,23.200000000000003,5.597177667405121,3.1567361969801344,0.7903307439138239,0.1238535945466488,0.7999764981907305
21,2,23.3,5.676129005281818,3.169643625236621,0.7887761278231409,0.13343645288211015,0.7999831665612893
21,2,23.400000000000002,5.754932892969748,3.1834234875565564,0.7874037632358863,0.1413408332701156,0.7999886983623745
21,2,23.5,5.833609757928994,3.197911791890644,0.786258386137078,0.14760436835959823,0.7999933120531186
21,2,23.6,5.912184570197164,3.212944361228476,0.7853788309150644,0.15223299515174737,0.7999967455323711
21,2,23.700000000000003,5.99068552411201,3.228358390920994,0.7847970858442821,0.15521553730386017,0.7999989556056954
21,2,23.8,6.06914398736602,3.243987468689248,0.7845382908318008,0.15652325782277998,0.7999999125129577
21,2,23.900000000000002,6.147593182278369,3.2596630424855504,0.7846084728579932,0.15616969147254878,0.7999996426344097
21,2,24.0,6.226065681937618,3.275221406983758,0.7850005506927111,0.15417927824891464,0.7999981965162272
21,2,24.1,6.304593292416911,3.2904988981353327,0.7857024812173812,0.15054777978878064,0.7999956393571657
21,2,24.200000000000003,6.383206178181096,3.3053309629415146,0.7867019819164085,0.14521241446602673,0.7999916584979235
21,2,24.3,6.461933688800191,3.319541381028538,0.7879557943773712,0.1382183773217598,0.7999866584652112
21,2,24.400000000000002,6.540797337056571,3.3329746384058665,0.7894066210449395,0.12963670204923616,0.7999803046749284
21,2,24.5,6.6198150130091795,3.3454687214383854,0.7909519904424869,0.11982520530011698,0.7999769565494665
21,2,24.6,6.698987735145066,3.356939679465889,0.7923729354567044,0.11006765151417142,0.7999810977480154
21,2,24.700000000000003,6.778289600100522,3.3674822517412197,0.79353661318995,0.1013765868872234,0.7999859804033312
21,2,24.8,6.857695057783056,3.377214996843334,0.794458090708666,0.09391759175149872,0.7999901073968728
21,2,24.900000000000002,6.937181218242254,3.386265770091519,0.7951666738213916,0.08774611205805272,0.799993387058593
21,2,25.0,7.016728392547334,3.3947642192549448,0.7956957504404301,0.08283569462843587,0.7999959247230792
21,2,25.1,7.09632036833034,3.402832909017207,0.7960729982215753,0.07914799023642516,0.7999978892821864
21,2,25.200000000000003,7.175942992191652,3.4105938173022294,0.7963160527566444,0.07667782648887922,0.7999992155952289
21,2,25.3,7.2555835788816685,3.418168474314982,0.7964365305263783,0.07542327091776002,0.7999998855955097
21,2,25.400000000000002,7.335230298296928,3.425678471485781,0.796439077411982,0.07539653413912006,0.7999999008681442
21,2,25.5,7.414871394364065,3.4332477811428066,0.7963236193244612,0.07659965183221829,0.7999992583464227
21,2,25.6,7.49449502216182,3.440998401852225,0.7960856076167673,0.07902171469730135,0.7999979537775451
21,2,25.700000000000003,7.5740885158874205,3.449052124082267,0.7957136205027595,0.08266455900667324,0.7999959969708457
21,2,25.8,7.653637746262372,3.4575313136535595,0.7951900399609286,0.08753464896834728,0.7999934464875791
21,2,25.900000000000002,7.733126523879605,3.4665590538759363,0.794488628095074,0.09365998146531851,0.7999902326281719
21,2,26.0,7.812535471881387,3.4762633099466234,0.7935730182236611,0.10109174511519115,0.7999860474927334
21,2,26.1,7.891841127524337,3.486777402898974,0.7924134037960897,0.10977674521600989,0.7999812099705377
21,2,26.200000000000003,7.971018152640607,3.4982186589898254,0.790972490449704,0.11967886327337496,0.7999753189709131
21,2,26.3,8.050035625614278,3.5107131755536494,0.789196170108518,0.13084271347752718,0.7999690060146799
21,2,26.400000000000002,8.12885738666231,3.5243872016853306,0.7870290284033885,0.14326724691643733,0.799962621369647
21,2,26.5,8.207441431294955,3.539366624936936,0.7843787978478431,0.15708713583103062,0.7999540404028372
21,2,26.6,8.285733146231877,3.5558046288515364,0.7811963073880364,0.17217869788801465,0.7999457323363351
21,2,26.700000000000003,8.363680692772563,3.573802364514539,0.7774415478349042,0.18836480273934697,0.7999354093993869
21,2,26.8,8.441221455798857,3.5934775893994053,0.7730213638049364,0.20571507978123904,0.7999254483689373
21,2,26.900000000000002,8.51828496553355,3.6149453804707874,0.7678589565336154,0.22418607870082496,0.7999167300489127
21,2,27.0,8.59479324710558,3.63831480513957,0.761810926303454,0.24390887235231773,0.7999046352206655
21,2,27.1,8.67064715079424,3.6637271549412507,0.7548600570092105,0.2646097061028563,0.7998949945035214
21,2,27.200000000000003,8.745765258507424,3.6912367463601417,0.7469859681557054,0.2860427559723391,0.7998803003360988
21,2,27.3,8.82004434442538,3.7209357061357182,0.7375455857543898,0.30946782196116374,0.7998398739092547
21,2,27.400000000000002,8.8932743756583,3.7531303107523746,0.7252937972351603,0.33700237266196,0.7997635222286574
21,2,27.5,8.965103103872412,3.78833618066811,0.7090005627300542,0.36983481574810284,0.7996621717268904
21,2,27.6,9.035074488204312,3.827097273901995,0.6876937203185918,0.40783807377546566,0.7995339563686509
21,2,27.700000000000003,9.102641847936132,3.8699037954232045,0.6606063469363619,0.4501291584309506,0.7993853919620754
21,2,27.8,9.167195757591584,3.9171231055881846,0.6269915708306613,0.4956200897984573,0.7992231874167134
21,2,27.900000000000002,9.228040162102264,3.969027813382896,0.586864689800521,0.5423884923724565,0.7991216683288771
21,2,28.0,9.284568695551686,4.025600804062675,0.5410162664050944,0.5880554425704219,0.7990668332821748
21,2,28.1,9.336243415383283,4.08663890189698,0.48909903773703434,0.6317754148281907,0.7989731181314084
21,2,28.200000000000003,9.382388503099094,4.151955887028315,0.4297517126851531,0.67336652962533,0.7988172618161695
21,2,28.3,9.422193757920313,4.221312207822045,0.3623540663921929,0.7116931383399852,0.7986285698565855
21,2,28.400000000000002,9.454859316377531,4.294294514696311,0.2892135124896882,0.7443944777241427,0.798603527586012
21,2,28.5,9.480036460418251,4.3701911033668726,0.2169977421683953,0.7688266354415134,0.7988632019754691
21,2,28.6,9.49825886481121,4.448059841784613,0.15111651759889355,0.7847211619907384,0.7991392268981116
21,2,28.700000000000003,9.51025976393803,4.527135335765022,0.09251497970626588,0.7939868941983299,0.7993586239159247
21,2,28.8,9.516761860752464,4.606857220624279,0.04141964705487311,0.7984580112550397,0.7995316021893715
21,2,28.900000000000002,9.518543693349006,4.686826938016029,-0.002280149407951626,0.7996510774107506,0.7996543282478353
21,2,29.0,9.516305830870873,4.766787436106428,-0.03943852883107013,0.7987733178174921,0.7997463415443195
21,2,29.1,9.51065598758279,4.846581601579527,-0.07079763787914573,0.7966806826579962,0.7998202395849192
21,2,29.200000000000003,9.502146303295044,4.92612357263803,-0.13413680189484722,0.7825438375881326,0.7939568876014234
21,2,29.3,9.483828627203822,5.003090369097153,-0.2608478477498579,0.7472504199746268,0.7914700182748486
21,2,29.400000000000002,9.449976733745073,5.075573656632955,-0.3313338254479845,0.7281025429632884,0.7999471338504831
21,2,29.5,9.417561862114225,5.14871087768981,-0.3172930686760722,0.7343349525917944,0.79995169480905
21,2,29.6,9.386518120009859,5.222440647151313,-0.30393598333763094,0.7399690673586932,0.7999570629821996
21,2,29.700000000000003,9.356774665446698,5.296704691161551,-0.2913084999565214,0.745036960010502,0.7999629453472261
21,2,29.8,9.328256420018555,5.371448039153413,-0.27937055097319075,0.7496003259417954,0.799967845230738
21,2,29.900000000000002,9.300900555252062,5.44662475634991,-0.26822284438573973,0.7536664548939065,0.7999728867172471
21,2,30.0,9.274611851141406,5.522181330132194,-0.2579979575880742,0.7572319302791861,0.7999769636395537
21,2,30.1,9.249300963734447,5.598071142405747,-0.24864992574192968,0.7603568840865584,0.799980860239348
21,2,30.200000000000003,9.22488186599302,5.674252706949508,-0.24016943061147344,0.763082049886382,0.7999847312661924
21,2,30.3,9.201267077612153,5.750687552383022,-0.23252614506463232,0.7654491308952132,0.799987987489097
21,2,30.400000000000002,9.178376636980094,5.82734253312855,-0.2257694735804634,0.7674722913970555,0.7999909832385903
21,2,30.5,9.15611318289606,5.904182010662433,-0.21996956467127404,0.7691571902154877,0.7999933703736886
21,2,30.6,9.134382724045839,5.981173971171647,-0.21509157942572443,0.7705376331635918,0.7999953947749966
21,2,30.700000000000003,9.113094867010915,6.0582895372951535,-0.21111883634134188,0.7716373623909263,0.7999971138046361
21,2,30.8,9.09215895677757,6.135501443649832,-0.2080441629108094,0.7724733668085548,0.7999984225920721
21,2,30.900000000000002,9.071486034428753,6.212784210656864,-0.20588407150760446,0.7730528465365225,0.7999993465239635
21,2,31.0,9.05098214247605,6.290112012957136,-0.20465898764686585,0.7733786061202217,0.7999998560181727
21,2,31.1,9.03055423689938,6.367459931880908,-0.20435401316947122,0.7734593758029931,0.7999999804475147
21,2,31.200000000000003,9.010111339842155,6.444803888117738,-0.20495878929146727,0.7732990781255609,0.7999997309609962
21,2,31.3,8.989562479041087,6.522119747506019,-0.20648319808575621,0.7728927782295401,0.7999990985814288
21,2,31.400000000000002,8.968814700225005,6.599382443763645,-0.20894513196153497,0.7722297587269225,0.7999980427687708
21,2,31.5,8.947773452648779,6.676565699251403,-0.2123215659116724,0.7713067645798262,0.799996607766423
21,2,31.6,8.926350387042671,6.753643796679609,-0.21659257765205098,0.7701163914634108,0.7999947506668935
21,2,31.700000000000003,8.904454937118368,6.830588977544086,-0.22176772951216606,0.7686398552157954,0.7999925955151961
21,2,31.8,8.881996841140237,6.9073717677227675,-0.2278602518349544,0.7668532336045573,0.7999901100989028
21,2,31.900000000000002,8.858882886751378,6.983959624264998,-0.2349126515164386,0.7647190247398044,0.7999869627946954
21,2,32.0,8.83501431083695,7.060315572670727,-0.2428514533075301,0.7622315508597453,0.7999836032692369
21,2,32.1,8.81031259608987,7.136405934436947,-0.2516178838068157,0.7593785368805612,0.7999795758182093
21,2,32.2,8.784690734075586,7.212191280046841,-0.2612464671353081,0.7561158335144711,0.7999755435524032
21,2,32.300000000000004,8.758063302662809,7.287629101139843,-0.2717388113819581,0.7524043662311684,0.7999714444497413
21,2,32.4,8.730342971799196,7.3626721532930715,-0.2831531618256662,0.7481779755147144,0.7999662468486833
21,2,32.5,8.701432670297677,7.437264696242782,-0.295353161567796,0.7434410795165292,0.799961329540869
21,2,32.6,8.671272339485636,7.511360369196379,-0.3082219720160637,0.7381921854245945,0.7999553029109877
21,2,32.7,8.639788275894464,7.584903133327704,-0.3218054638328809,0.73236667911182,0.7999498166922542
21,2,32.800000000000004,8.60691124671906,7.657833705018746,-0.33605531009801837,0.72593325087999,0.7999451582316539
21,2,32.9,8.572577213874862,7.730089783503701,-0.3510627673342057,0.71878789594696,0.7999381888422433
21,2,33.0,8.536698693252221,7.801591284208135,-0.36821381890005256,0.7101145527164903,0.7999025530704985
21,2,33.1,8.49893445009485,7.872112694047002,-0.39060458241679896,0.6979396943479799,0.7998073247673801
21,2,33.2,8.45857777676886,7.941179223077733,-0.42014840396404196,0.6803989433315394,0.7996670578685902
21,2,33.300000000000004,8.41490476930204,8.00819248271331,-0.4567436579327335,0.6561707826169112,0.7994841243088343
21,2,33.4,8.367229045182317,8.072413379601114,-0.49985717263740526,0.6236615077525585,0.7992564477620779
21,2,33.5,8.314933334774562,8.13292478426382,-0.5483190520425651,0.5811399393867305,0.79898523890199
21,2,33.6,8.257565234773802,8.188641367478462,-0.5972587108169023,0.5306221213090865,0.7989229019556412
21,2,33.7,8.195481592611179,8.239049208525637,-0.6411560069403635,0.47676747023025,0.7989920186744444
21,2,33.800000000000004,8.129334033385728,8.283994861524514,-0.678760008188398,0.42166019547820355,0.7990697523787463
21,2,33.9,8.059729590973502,8.323381247621276,-0.7105672599431259,0.36568107131918026,0.7991423382753695
21,2,34.0,7.987220581397105,8.357131075788349,-0.7372082912028546,0.3085591002534116,0.7991775666067134
21,2,34.1,7.912287932732929,8.38509306767196,-0.7593055924368883,0.24914385636173364,0.7991355603830493
21,2,34.2,7.835359462909725,8.406959847060696,-0.7771596096406199,0.1855568104317058,0.7990046237377784
21,2,34.300000000000004,7.756856010804802,8.4222044297583,-0.7903517844265693,0.11599161228514276,0.7988178749043922
21,2,34.4,7.677289106024414,8.430158169517725,-0.7976226565958413,0.03935937194017214,0.7985931770773729
21,2,34.5,7.5973314794856375,8.430076304146334,-0.7971718566156554,-0.044230438742651756,0.798397958847227
21,2,34.6,7.517854734701282,8.421312081769194,-0.7881042249901924,-0.12878349396015665,0.7985571098950767
21,2,34.7,7.4397106344875965,8.404319605354303,-0.7728207162682708,-0.20290615180540073,0.7990136206184969
21,2,34.800000000000004,7.363290591447624,8.380730851408114,-0.7552644690870878,-0.2617856014887252,0.7993473083786635
21,2,34.9,7.288657740670182,8.351962485056559,-0.7382154956182063,-0.3072569935733753,0.7996055140321278
21,2,35.0,7.215647492323987,8.31927945269344,-0.7235221897578228,-0.340849261111579,0.7997890833665237
21,2,35.1,7.143953302718614,8.283792632834242,-0.712328706428238,-0.36392669506498265,0.799909260718144
21,2,35.2,7.073181751038337,8.246494113680441,-0.7053671495248324,-0.3773869904977545,0.7999773473203722
21,2,35.300000000000004,7.002879872813646,8.20831523473469,-0.7032718407032306,-0.38132010877045985,0.7999976920459367
21,2,35.4,6.932527382897694,8.170230091926351,-0.7066078713683979,-0.3750202779328262,0.7999593069279165
21,2,35.5,6.86155829853997,8.133311179148125,-0.0727147464837401,-0.020081354345258262,0.075436696299178
21,2,35.6,6.917984433600946,8.1662138210573,0.6298861613131734,0.3621638210234934,0.7265804907043555
21,2,35.7,6.9875355308026075,8.205743943352825,0.6964938224601909,0.3935619678458053,0.7999966670304762
21,2,35.800000000000004,7.0572831980929855,8.244926214626462,0.6983995501904232,0.39017085088302395,0.7999970153600376
21,2,35.9,7.127215440840691,8.283778113529428,0.7001827675573793,0.38696232300129907,0.7999973421248803
21,2,36.0,7.197319751604457,8.32231867922672,0.7018447995335322,0.3839402368234843,0.7999976425492372
21,2,36.1,7.2675844007474,8.360566160894125,0.7033903869441502,0.38110191247407954,0.7999979400828745
21,2,36.2,7.33799782899329,8.398539061721538,0.7048212309942627,0.37844973047867114,0.7999982288478186
21,2,36.300000000000004,7.408548646946254,8.43625610698986,0.7061411342777575,0.3759817556085565,0.799998488792054
21,2,36.4,7.479226055848837,8.473735412843247,0.7073344199698681,0.37373267728720805,0.7999988098405986
21,2,36.5,7.5500155309402235,8.511002642447302,0.708259059642188,0.37197883426589584,0.79999946794173
21,2,36.6,7.620877867777277,8.548131179696426,0.7087333554905442,0.37107536473086355,0.7999999346843908
21,2,36.7,7.691762202038335,8.585217715393476,0.7086996763889957,0.3711396124594657,0.7999999020315125
21,2,36.800000000000004,7.762617803055079,8.622359102188321,0.7081570884786856,0.3721727160161237,0.7999993703181443
21,2,36.9,7.8333936197340694,8.659652258596699,0.7070973070251867,0.3741800556692212,0.7999983222875487
21,2,37.0,7.904037264460114,8.697195113322165,0.7055140146618655,0.37715355661918437,0.7999967688402269
21,2,37.1,7.974496422666445,8.735082969920537,0.7033983156456145,0.3810804440821869,0.799994684554194
21,2,37.2,8.044716927589239,8.773411202138604,0.7007314574749799,0.3859569844214832,0.7999921057852599
21,2,37.300000000000004,8.114642714161443,8.812274366804834,0.6974926029804678,0.39177364896549705,0.79998907694806
21,2,37.4,8.184215448185329,8.851765931931702,0.6936497787151197,0.3985307763931658,0.7999854968960838
21,2,37.5,8.253372669904465,8.891980522083466,0.689175353122657,0.4062112031510239,0.7999813803565314
21,2,37.6,8.322050518809862,8.933008172561907,0.6840508485627339,0.41477360802635843,0.7999766929946144
21,2,37.7,8.390182839617013,8.974935243688739,0.6782442158117519,0.42419238914914814,0.7999714990511603
21,2,37.800000000000004,8.457699361972214,9.017846650391737,0.671718303275604,0.43444234156319794,0.7999660162146707
21,2,37.9,8.524526500272133,9.061823712001377,0.6640715640571528,0.4460121577057663,0.7999486777354323
21,2,38.0,8.590513674783642,9.107049081932889,0.6409348938558139,0.4771525578886866,0.7990444929174344
21,2,38.1,8.652713479043298,9.157254223579116,0.5746663518557753,0.5511150400622284,0.7962218304831998
21,2,38.2,8.705446945154799,9.217272089945336,0.48154285098137706,0.6352728667148284,0.7971543969115072
21,2,38.300000000000004,8.749022049239574,9.284308796922083,0.407045768595097,0.6875633889457902,0.799017941944856
21,2,38.400000000000006,8.78685609887382,9.354784767734495,0.36800443517219605,0.7101753869879559,0.7998602031542137
21,2,38.5,8.822622936274012,9.42634387431967,0.3657198849809262,0.7114044310223022,0.7999045560244219
21,2,38.6,8.860000075870003,9.497065653938952,0.40048009971032883,0.6915717298799251,0.7991594132794202
21,2,38.7,8.902718956216079,9.564658220295657,0.4721984008424229,0.6424743505683637,0.7973359523415348
21,2,38.800000000000004,8.95443975603849,9.625560524052627,0.5729399305795226,0.550488570846511,0.7945425291858847
21,2,38.900000000000006,9.017306942331984,9.674755934464962,0.6802000243418433,0.4157584457296366,0.7971995724473059
21,2,38.9395293909132,9.045,9.69,0.7005687926947386,0.38563876606429937,0.7996961242805664
21,3,0.0,1.635,11.07,-0.5798514390718568,0.012109276582847883,0.5799778667958486
21,3,0.1,1.5770148560928143,11.071210927658285,0.1085517362059143,0.040559942364915,0.11588178613554259
21,3,0.2,1.656710347241183,11.078111988472983,0.7975587896679786,0.06157072256427654,0.7999318576314722
21,3,0.30000000000000004,1.7365266140264102,11.083525072171142,0.7983775500431403,0.05077138794268876,0.7999902788450082
21,3,0.4,1.816385857249811,11.088266266061522,0.7987427908398423,0.044728274215842134,0.7999941652493147
21,3,0.5,1.8962751721943785,11.09247072701431,0.799016207535395,0.039550702540019245,0.7999944737156967
21,3,0.6000000000000001,1.97618909875689,11.096176406569525,0.7992484862186835,0.03452193428636008,0.7999936916437085
21,3,0.7000000000000001,2.0561248694381153,11.099375113871583,0.7994640634411372,0.029066305102531942,0.7999922742290253
21,3,0.8,2.1360819114451175,11.101989667590031,0.7996702931188295,0.022571499690684504,0.7999887813557396
21,3,0.9,2.216058928061881,11.10388941380972,0.7998414514406509,0.015213157299832858,0.799986117128114
21,3,1.0,2.2960502017332476,11.105032299049999,0.7999509803979272,0.007362382245517551,0.7999848596766904
21,3,1.1,2.3760491241414665,11.105361890258823,0.7999820051937601,-0.0012742265886558357,0.7999830199993175
21,3,1.2000000000000002,2.4560466027719996,11.104777453732268,0.7999134831034862,-0.010446177072488183,0.7999816892068099
21,3,1.3,2.536031820762163,11.103272654844325,0.7997305809172861,-0.019901280341542815,0.7999781640854534
21,3,1.4000000000000001,2.6159927189554573,11.10079719766396,0.7994155904295468,-0.029909414615410412,0.7999749116718957
21,3,1.5,2.6959149388480723,11.09729077192124,0.7989444996658932,-0.04052976765894556,0.7999718592631071
21,3,1.6,2.775781618888636,11.092691244132173,0.7982912497018333,-0.05177895191273052,0.7999687363964267
21,3,1.7000000000000002,2.8555731887884392,11.086934981538695,0.7974278111393378,-0.06366994495910916,0.7999656091792768
21,3,1.8,2.935267181116503,11.07995725514035,0.7963244067294806,-0.07621126646434107,0.7999629478226838
21,3,1.9000000000000001,3.014838070134336,11.071692728245829,0.7949196733829407,-0.0896393557639712,0.7999578121582542
21,3,2.0,3.094251115793091,11.062029383987554,0.7931736321010892,-0.10392568964739013,0.7999530983933493
21,3,2.1,3.173472796554554,11.050907590316351,0.7910921676755844,-0.1187091877386166,0.7999491790177781
21,3,2.2,3.2524695493282083,11.03828754643983,0.7885558595140356,-0.13447175902570763,0.7999393711709578
21,3,2.3000000000000003,3.3311839684573616,11.024013238511209,0.7855425610627371,-0.15107019423452073,0.7999370717919378
21,3,2.4000000000000004,3.409578061540756,11.008073507592927,0.7819744560111879,-0.16851545448518124,0.7999259392308393
21,3,2.5,3.4875788596595996,10.990310147614176,0.777803734208554,-0.18680366796196068,0.79992140821009
21,3,2.6,3.5651388083824656,10.970712774000532,0.7730366958244019,-0.20561335813399495,0.7999141117234071
21,3,2.7,3.6421861988244806,10.949187475987376,0.7675051942635491,-0.22536413555499024,0.7999082552492981
21,3,2.8000000000000003,3.718639847235175,10.925639946889534,0.7612237411179379,-0.2457333533603503,0.7999040348662533
21,3,2.9000000000000004,3.7944309470480677,10.900040805315307,0.7542434073176416,-0.26637520512972657,0.7998992857791721
21,3,3.0,3.869488528698703,10.872364905863591,0.7465124894437594,-0.28731497511329707,0.7998942378964068
21,3,3.1,3.9437334449368193,10.842577810292646,0.7380952519926076,-0.3082916270992442,0.7998926980248853
21,3,3.2,4.017107579097225,10.810706580443743,0.7291817487968153,-0.328823223714906,0.799894202524712
21,3,3.3000000000000003,4.089569794696183,10.776813165549664,0.7199110354606972,-0.3486653870207803,0.7998996506340303
21,3,3.4000000000000004,4.161089786189364,10.740973503039585,0.7103621768784301,-0.3677450090969572,0.7999067533501534
21,3,3.5,4.231642230071869,10.703264163730273,0.7009327787545168,-0.38544649388619234,0.7999223462197358
21,3,3.6,4.301276341940266,10.663884204262345,0.6918854115909241,-0.4014828594126385,0.799933690485962
21,3,3.7,4.3700193123900535,10.622967591847745,0.6834974460831624,-0.4156355209716338,0.7999510266857384
21,3,3.8000000000000003,4.437975831156899,10.580757100068018,0.676198778771397,-0.42743504304016966,0.7999659395441037
21,3,3.9000000000000004,4.505259068144333,10.537480583239711,0.6701518486835987,-0.43687992292328914,0.7999797293353776
21,3,4.0,4.572006200893618,10.493381115483363,0.6656833096395225,-0.4436793106234376,0.7999909995793185
21,3,4.1000000000000005,4.638395730072238,10.448744721115023,0.663008518481373,-0.4476783931189203,0.7999976495242994
21,3,4.2,4.704607904589893,10.403845436859578,0.6621908547607624,-0.4488908192053884,0.7999998098097736
21,3,4.3,4.770833901024391,10.358966557273947,0.6632870885514777,-0.4472642826353166,0.7999969377193766
21,3,4.4,4.837265322300189,10.314392580332516,0.6662195488520446,-0.4428712830707866,0.799989662834081
21,3,4.5,4.9040778107948,10.27039230065979,0.6708638989435478,-0.4357834848184936,0.7999785100527945
21,3,4.6000000000000005,4.971438102088898,10.227235883368818,0.6770347853645866,-0.4261070821226909,0.7999645904843448
21,3,4.7,5.039484767867718,10.185170884235252,0.6843810087257118,-0.41417921334041097,0.7999511146737058
21,3,4.800000000000001,5.108314303834041,10.144400040700736,0.6927213622041428,-0.40004010174069293,0.7999343527156882
21,3,4.9,5.178029040308546,10.105162863887113,0.7016640641072023,-0.3841176647163991,0.7999242709198265
21,3,5.0,5.248647116655481,10.067576507757456,0.7108905534363892,-0.36673113049423733,0.7999106831632373
21,3,5.1000000000000005,5.320207150995825,10.031816637788264,0.7202203217477532,-0.34803479721026775,0.7999034516287759
21,3,5.2,5.3926911810050315,9.997969548315403,0.7292791732798989,-0.3286182545903955,0.7998987872411426
21,3,5.300000000000001,5.466062985651805,9.966092986870185,0.737936979814851,-0.30868101554366945,0.7998968405584153
21,3,5.4,5.540278576968002,9.93623334520667,0.745902510817281,-0.28893889680750107,0.799910146036328
21,3,5.5,5.615243487815261,9.908305207508686,0.7502093928579825,-0.2777815300944795,0.799985444613821
21,3,5.6000000000000005,5.690320455539599,9.880677039187773,0.7459251708200298,-0.28867104862869297,0.7998345671320288
21,3,5.7,5.764428521979267,9.850570997782947,0.729258603775115,-0.3271414400880488,0.799274441604955
21,3,5.800000000000001,5.836172176294622,9.815248751170165,0.6950193670508611,-0.3925254045397395,0.7982030529789181
21,3,5.9,5.903432395389439,9.772065916875,0.6352078811383599,-0.48086806418918115,0.7966951408269886
21,3,6.0,5.963213752522293,9.719075138332329,0.5466114308792562,-0.5781854006419209,0.7956647622481007
21,3,6.1000000000000005,6.012754681565291,9.656428836746617,0.43203369875417863,-0.6674116392311262,0.7950417681105788
21,3,6.2,6.049620492273129,9.585592810486103,0.3029679060858328,-0.7356099807328604,0.7955574120526019
21,3,6.300000000000001,6.073348262782457,9.509306840600045,0.17858938134014224,-0.7765188476678659,0.796790868365649
21,3,6.4,6.085338368541158,9.43028904095253,0.06952969432013845,-0.7946931896137457,0.7977290542601044
21,3,6.5,6.087254201646485,9.350368202677297,-0.02420896511361903,-0.7979616216946965,0.7983287691731411
21,3,6.6000000000000005,6.080496575518434,9.27069671661359,-0.10609546007096782,-0.791591193878574,0.7986694340425058
21,3,6.7,6.066035109632292,9.192049963901582,-0.18064339936880103,-0.7781117033069549,0.7988052707379732
21,3,6.800000000000001,6.044367895644673,9.115074375952199,-0.07536796332324514,-0.7401754435858479,0.7440026997148604
21,3,6.9,6.050961516967643,9.044014875184413,0.2037906027641725,-0.7159787194181035,0.7444166416964173
21,3,7.0,6.085126016197507,8.971878632068579,0.24763841419031962,-0.7520641966450015,0.7917861706660376
21,3,7.1000000000000005,6.100489199805707,8.893602035855412,0.05541679735595295,-0.7899244363396107,0.7918659208197071
21,3,7.2,6.096209375668699,8.813893744800657,-0.12314077834557935,-0.7849083886050963,0.7945091753996324
21,3,7.300000000000001,6.075861044136591,8.736620358134394,-0.25664314200697547,-0.754931211065113,0.7973624243588675
21,3,7.4,6.044880747267304,8.662907502587634,-0.3413026543662525,-0.7224008918690998,0.7989684289449243
21,3,7.5,6.00760051326334,8.592140179760575,-0.3886999728113558,-0.6988901575752493,0.7997093979809826
21,3,7.6000000000000005,5.967140752705033,8.523129471072584,-0.4122019708385487,-0.6855499327051504,0.7999307313731734
21,3,7.7,5.92516011909563,8.455030193219546,-0.4242213841193738,-0.6782320389532615,0.7999765505356115
21,3,7.800000000000001,5.882296475881159,8.387483063281932,-0.4329128391239969,-0.6727192652187597,0.7999779597431842
21,3,7.9,5.838577551270831,8.320486340175794,-0.441459925905896,-0.6671412248198081,0.799977674710309
21,3,8.0,5.7940044906999795,8.254054818317972,-0.45000235037903735,-0.661408879493564,0.7999773879426779
21,3,8.1,5.748577081195023,8.18820456427708,-0.45855322503600604,-0.6555092102079669,0.7999771152091756
21,3,8.200000000000001,5.702293845692778,8.122952976276377,-0.46712476117802026,-0.6494285707702687,0.7999768815649215
21,3,8.3,5.655152128959418,8.058318850123026,-0.47575714251704326,-0.6431306979266367,0.7999762204413235
21,3,8.4,5.60714241718937,7.99432683669105,-0.4844434888114115,-0.6366122535963115,0.7999754091725236
21,3,8.5,5.558263431197136,7.930996399403765,-0.4931578808847803,-0.6298839930582218,0.7999740871989149
21,3,8.6,5.508510841012414,7.868350038079407,-0.5019263736675406,-0.6229173598241289,0.7999725756257591
21,3,8.700000000000001,5.457878156463628,7.806412927438939,-0.5107637733129877,-0.6156898605148413,0.799971022268748
21,3,8.8,5.406358086349815,7.745212065976437,-0.5196776997103889,-0.6081827309193883,0.7999694655203075
21,3,8.9,5.35394261652155,7.684776381255062,-0.5286749663289392,-0.6003761224762556,0.7999679421467643
21,3,9.0,5.3006230930840275,7.625136841481186,-0.5377615185631228,-0.5922490419492732,0.7999664858837199
21,3,9.1,5.246390312808926,7.566326572865208,-0.546942350669795,-0.5837792971513096,0.7999651259515492
21,3,9.200000000000001,5.191234622950068,7.508380982050925,-0.556221400145386,-0.5749434512534322,0.7999638855091531
21,3,9.3,5.135146032779849,7.451337882614521,-0.5656014182959304,-0.5657167888029875,0.7999627800791308
21,3,9.4,5.078114339290882,7.395237624290328,-0.5751204064858833,-0.5560340812237214,0.7999608624419045
21,3,9.5,5.020121951482673,7.340131066369777,-0.5847538021192165,-0.5458907733347331,0.7999585898687962
21,3,9.600000000000001,4.961163578867038,7.286059469623379,-0.5944486029133778,-0.5353124371553335,0.7999553405527396
21,3,9.700000000000001,4.901232230899996,7.233068578938708,-0.6042248001229886,-0.5242471627947438,0.799951684029732
21,3,9.8,4.84031861884244,7.181210037064431,-0.6140902990734673,-0.5126498233461376,0.7999479588029254
21,3,9.9,4.778414171085304,7.13053861426948,-0.6240366096540129,-0.5004887003946763,0.7999441414319045
21,3,10.0,4.715511296911639,7.081112296985495,-0.6340524449183746,-0.4877313018014675,0.7999402013050243
21,3,10.100000000000001,4.651603682101628,7.032992353909187,-0.6441233941717961,-0.4743446220355594,0.799936102056566
21,3,10.200000000000001,4.5866866180772785,6.986243372578382,-0.6542315827041492,-0.46029547760426937,0.7999318036623612
21,3,10.3,4.520757365560799,6.940933258388334,-0.6643553267702984,-0.44555092802092844,0.7999272652362717
21,3,10.4,4.453815552723219,6.897133186974197,-0.6744687953945565,-0.43007879236593993,0.7999224484935583
21,3,10.5,4.385863606481888,6.854917499915146,-0.6845416939753299,-0.41384827035894034,0.7999173217712571
21,3,10.600000000000001,4.316907213928152,6.814363532902409,-0.6945389883929529,-0.3968306747388084,0.7999118644023004
21,3,10.700000000000001,4.246955808803297,6.7755513649673835,-0.7044206922063516,-0.37900027840422723,0.7999060711352035
21,3,10.8,4.176023075486882,6.738563477221565,-0.714141743293176,-0.3603352749717956,0.7998999561837818
21,3,10.9,4.104127460144662,6.703484309973024,-0.7236519995622039,-0.340818844985435,0.7998935563983386
21,3,11.0,4.031292675574442,6.670399708224478,-0.7328963856491519,-0.32044031187641053,0.7998869329930585
21,3,11.100000000000001,3.9575481830148305,6.639396247597741,-0.741815223192063,-0.29919636200509814,0.7998801712735326
21,3,11.200000000000001,3.882929630936029,6.610560435823458,-0.7503447756900989,-0.27709229200573304,0.799873377913289
21,3,11.3,3.8074792278768115,6.583977789196595,-0.7584180343893827,-0.25414323478182155,0.7998666755606355
21,3,11.4,3.731246024058153,6.559731788867094,-0.7659657635044113,-0.23037530376498694,0.7998601949376564
21,3,11.5,3.65428607517593,6.537902728443597,-0.772918439786956,-0.20582389136346535,0.799853979685481
21,3,11.600000000000001,3.576662336100761,6.518567010594402,-0.779226640527682,-0.1804421808853789,0.7998459463863833
21,3,11.700000000000001,3.4984407470703927,6.501814292266521,-0.7848636235368183,-0.15402662646312137,0.7998344261226533
21,3,11.8,3.419689611393398,6.487761685301778,-0.7897704097456781,-0.12639964843176443,0.7998213370706797
21,3,11.9,3.3404866651212575,6.476534362580167,-0.7938420540820097,-0.09749933575317726,0.799807056296364
21,3,12.0,3.260921200576997,6.468261818151143,-0.7969557579903288,-0.06729225675956485,0.7997916778847693
21,3,12.100000000000001,3.181095513523191,6.463075911228254,-0.798975175988403,-0.035767228943626606,0.7997753600305558
21,3,12.200000000000001,3.1011261653793154,6.461108372362418,-0.7997512962954865,-0.002886772880728472,0.7997565063092491
21,3,12.3,3.0211452542640944,6.462498556652107,-0.7990994455138374,0.03168767191720434,0.7997274738134578
21,3,12.4,2.9413062762765487,6.4674459067458585,-0.7967562662995107,0.06843392139249005,0.7996897832814237
21,3,12.5,2.861794001004193,6.476185340930605,-0.7923769052081333,0.10757897224021207,0.7996464188474048
21,3,12.600000000000001,2.7828308952349214,6.488961701193901,-0.7855586387795785,0.1491788592201999,0.7995978407921476
21,3,12.700000000000001,2.704682273248276,6.506021112774644,-0.7758550015595755,0.19318753205682526,0.7995451244221403
21,3,12.8,2.627659894923007,6.527599207605266,-0.7627981193620617,0.23942332936219657,0.7994901509994835
21,3,12.9,2.552122649375864,6.553905778647083,-0.7459328181947669,0.28754241395871816,0.7994350562023121
21,3,13.0,2.478473331284054,6.585107690397009,-0.724847078135042,0.3370507470572619,0.7993788168151356
21,3,13.100000000000001,2.4071532337488546,6.621315928058535,-0.6993611104027089,0.38707550480270214,0.7993331027562768
21,3,13.200000000000001,2.3386011092035117,6.662522791357549,-0.6695004019194624,0.4366313462778848,0.7992982676840729
21,3,13.3,2.2732531533649625,6.708642197314111,-0.6353366579901003,0.48495696394358845,0.7992721225361314
21,3,13.4,2.211533777605492,6.7595141841462665,-0.5974336277392638,0.5309403406889146,0.7992650279629142
21,3,13.5,2.1537664278171103,6.814830265451894,-0.36146597219306287,0.180323473663357,0.40394826922205707
21,3,13.600000000000001,2.13924058316688,6.7955788788789375,-0.028966841087280315,-0.49361553702895833,0.49446473714407857
21,3,13.700000000000001,2.147973059599654,6.716107158046103,0.03882631636666645,-0.7971115655166514,0.7980565961904026
21,3,13.8,2.1470058464402135,6.636156565775608,-0.05404678676015884,-0.7965368615651585,0.7983683529494205
21,3,13.9,2.1371637022476224,6.556799785733071,-0.13649660207150305,-0.787013595377168,0.7987626191088082
21,3,14.0,2.119706526025913,6.478753846700175,-0.20541327210544935,-0.7722998709579088,0.7991506134882647
21,3,14.100000000000001,2.0960810478265324,6.402339811541489,-0.2600353040440613,-0.755994723287305,0.7994663101016429
21,3,14.200000000000001,2.0676994652171006,6.3275549020427135,-0.3012535261308873,-0.740783354022124,0.799695982609992
21,3,14.3,2.035830342600355,6.254183140737065,-0.33060423885958024,-0.7283282607464727,0.799850747423483
21,3,14.4,2.0015786174451846,6.18188924989342,-0.3495841030586835,-0.7195161004820747,0.7999452881068025
21,3,14.5,1.9659135219886186,6.11027992064065,-0.3592936641170379,-0.7147684787723847,0.7999911970273397
21,3,14.600000000000001,1.9297198846217767,6.038935554138941,-0.3602249780062312,-0.7143043667490971,0.7999954769474752
21,3,14.700000000000001,1.8938685263873718,5.9674190472908295,-0.3524549976363254,-0.7181296255960596,0.7999591767818899
21,3,14.8,1.8592288850945118,5.89530962901973,-0.33565345441872374,-0.7260451718533325,0.7998780113459536
21,3,14.9,1.8267378355036274,5.822210012920164,-0.3088837573750336,-0.7376859128703117,0.7997435098939057
21,3,15.0,1.7974521336195055,5.747772446445668,-0.27069500259017687,-0.7523200457065577,0.7995381389272266
21,3,15.100000000000001,1.772598834985592,5.671746003778852,-0.21963045316446994,-0.7684803775705724,0.7992494145560821
21,3,15.200000000000001,1.753526042986611,5.594076370931553,-0.1588603985491286,-0.7831846308600525,0.7991337761868064
21,3,15.3,1.7408267552757661,5.515109077606842,-0.10388688020660908,-0.7927578582472172,0.7995358063850407
21,3,15.4,1.7327486669452894,5.435524799282111,-0.06906421053112943,-0.796887785330604,0.7998749949744667
21,3,15.5,1.7270139131695403,5.355731520540721,-0.05677015209231051,-0.7979754420559431,0.7999922851459017
21,3,15.600000000000001,1.7213946365268271,5.275929710870921,-0.0644345038503289,-0.7973438522862857,0.7999431380199297
21,3,15.700000000000001,1.7141270123994745,5.196262750083464,-0.08088031391464234,-0.7958416503258015,0.7999409713048997
21,3,15.8,1.7052185737438985,5.1167613808057615,-0.09443998550442245,-0.7943806638164261,0.7999747182927104
21,3,15.9,1.6952390152985903,5.037386617320179,-0.10246575445542128,-0.7934043493383207,0.7999935577147373
21,3,16.0,1.6847254228528143,4.958080510938098,-0.10513403012456735,-0.7930612841100952,0.7999996029027681
21,3,16.1,1.674212209273677,4.878774360498159,-0.10255399889148009,-0.7933931126286815,0.7999937211348983
21,3,16.2,1.6642146230745183,4.799401888412362,-0.0947604719861257,-0.7943438160825416,0.7999760278905912
21,3,16.3,1.655260114876452,4.7199055972816515,-0.08149020979208643,-0.7957832235900781,0.7999447438663339
21,3,16.400000000000002,1.6479165811161007,4.640245243694344,-0.0623380759370864,-0.7974631599622555,0.7998959477385317
21,3,16.5,1.6427924996890348,4.560412965289201,-0.0369691060536983,-0.7989711252897713,0.7998259647255852
21,3,16.6,1.640522759905361,4.480451018636391,-0.004912816583475532,-0.7997129810560288,0.7997280711818882
21,3,16.7,1.6418099363723397,4.400470369077995,0.03440417111083249,-0.7988593404238884,0.799599832899128
21,3,16.8,1.6474035941275276,4.320679150551613,0.08131242802977923,-0.795293787907493,0.799439753850374
21,3,16.900000000000002,1.6580724219782959,4.241411611496494,0.13573384657353138,-0.7876431651022067,0.7992530466866353
21,3,17.0,1.6745503634422336,4.1631505175311725,0.1969127777623818,-0.7744134662076299,0.7990562299924913
21,3,17.1,1.6974549775307726,4.0865289182549684,0.2631878064414668,-0.7542805545553115,0.7988785742775552
21,3,17.2,1.7271879247305266,4.012294406620111,0.32860560922226867,-0.7283111659472681,0.7990111393815529
21,3,17.3,1.7631760993752263,3.9408666850655156,0.3757444570077304,-0.7059269733529874,0.7996979358978885
21,3,17.400000000000002,1.8023368161320736,3.8711090119495113,0.3962874825261409,-0.694915408054964,0.7999694951428483
21,3,17.5,1.8424335958804543,3.801883603454523,0.40636466724299325,-0.6890667466060272,0.7999657643060255
21,3,17.6,1.883609749580672,3.7332956626283065,0.4194642900169985,-0.6811289381854735,0.7999293225236435
21,3,17.7,1.9263264538838538,3.6656578158174287,0.437109754746805,-0.6698815342975415,0.7998788706345732
21,3,17.8,1.971031700530033,3.5993193557687984,0.4590799633122664,-0.6549425952287784,0.7998151134854851
21,3,17.900000000000002,2.0181424465463085,3.534669296771671,0.48495134093051284,-0.6359303118600295,0.7997406858555446
21,3,18.0,2.068021968716135,3.4721332933967926,0.5140577353459523,-0.612537573461708,0.7996609495100824
21,3,18.1,2.1209539936154984,3.41216178207933,0.5454765991796222,-0.5846285655864492,0.7995844420398858
21,3,18.2,2.177117288552059,3.3552075802795027,0.5780618103658792,-0.5523416600663111,0.7995228364770365
21,3,18.3,2.2365663556886743,3.3016934500660677,0.6106608005984917,-0.5160010285854142,0.799477125932191
21,3,18.400000000000002,2.2992494486717594,3.2520073745624183,0.642047432119778,-0.4763395146835485,0.7994524615889049
21,3,18.5,2.3649758421126292,3.2064255471293586,0.6709099817201487,-0.4347598601726137,0.799460030013409
21,3,18.6,2.433431445015789,3.1650554025278956,0.704523340666869,-0.36380974466577953,0.7929127744324622
21,3,18.7,2.5058805102460027,3.133663598196203,0.7590161791261139,-0.2068917608036429,0.7867081802445153
21,3,18.8,2.5852346808410114,3.123677050367168,0.789117921907593,-0.12739550907516062,0.7993351677539763
21,3,18.900000000000002,2.6637040946275237,3.1081844963811704,0.7787269187595243,-0.18069855460931983,0.7994170261125292
21,3,19.0,2.740980064592916,3.0875373394453045,0.7660811745091269,-0.22885368089793445,0.7995338474372533
21,3,19.1,2.816920329529349,3.0624137602015833,0.7522453694326003,-0.27113808777408366,0.7996180078478573
21,3,19.200000000000003,2.891429138479438,3.033309721890487,0.7379147308361169,-0.30823554506448936,0.7997045086943938
21,3,19.3,2.9645032756965715,3.000766651188686,0.7239383546759104,-0.33994147039650535,0.7997793099763223
21,3,19.400000000000002,3.03621680941462,2.965321427811186,0.7107541066704677,-0.36683068892375736,0.7998350795540372
21,3,19.5,3.1066540970306646,2.927400513403935,0.698733726599313,-0.38934080571614516,0.7998844189525512
21,3,19.6,3.175963554734482,2.8874532666679573,0.688180923326426,-0.40777353879051503,0.7999201473698183
21,3,19.700000000000003,3.2442902816959514,2.8458458056458307,0.679126427600119,-0.4227331261716145,0.799947498669585
21,3,19.8,3.3117888402545055,2.8029066414336348,0.6717430913721572,-0.4344097702121008,0.799969142693612
21,3,19.900000000000002,3.3786388999703827,2.758963851603411,0.6660397855541333,-0.4431296470312738,0.7999830498323431
21,3,20.0,3.4449967973653317,2.71428071202738,0.6619887440421124,-0.44917675223871,0.7999930324635139
21,3,20.1,3.511036648778805,2.669128501155669,0.6596521402809827,-0.4526106903908378,0.7999983645191733
21,3,20.200000000000003,3.57692722542153,2.6237585739492113,0.6589847322922786,-0.4535844756306524,0.7999998462046477
21,3,20.3,3.6428335952372604,2.578411606029539,0.6599835385783557,-0.45212594991544464,0.7999975911097177
21,3,20.400000000000002,3.708923933137201,2.5333333839661227,0.6626209960941445,-0.4482412235158275,0.7999917367846759
21,3,20.5,3.775357794456089,2.4887633613263738,0.6668655699291435,-0.4418840909571493,0.7999820236717495
21,3,20.6,3.842297047123029,2.4449565657746932,0.6727707403011784,-0.4328124346592048,0.7999669196916983
21,3,20.700000000000003,3.9099119425163265,2.4022008743945316,0.6802107850707841,-0.4209879894888253,0.7999484979799986
21,3,20.8,3.9783392041371846,2.360758967876928,0.689098844741654,-0.40622509579687716,0.7999225251731971
21,3,20.900000000000002,4.047731711464657,2.3209558552351566,0.6994706085377516,-0.38802406634144937,0.7998886224145997
21,3,21.0,4.118233325844734,2.2831541546086385,0.7109972628730681,-0.3663998725592581,0.7998537206417404
21,3,21.1,4.18993116403927,2.247675880723305,0.7235979662230108,-0.3407061523128334,0.7997966609994649
21,3,21.200000000000003,4.262952919089339,2.215012924146071,0.7368488100129511,-0.3108948619177614,0.7997510762633371
21,3,21.3,4.337300926041859,2.185496908339753,0.7497902311216968,-0.2781552665860172,0.7997222911830493
21,3,21.400000000000002,4.412910965313678,2.159381870828868,0.761284376633462,-0.2450551472216116,0.7997536666286716
21,3,21.5,4.489557801368551,2.1364858788954306,0.77103903582924,-0.2123502233465704,0.7997460922866847
21,3,21.6,4.5671187724795255,2.116911826159554,0.7798199526255161,-0.17717239265647677,0.799693200691667
21,3,21.700000000000003,4.645521791893656,2.1010514003641347,0.7875818992520678,-0.1383063128105544,0.7996335937119857
21,3,21.8,4.724635152329939,2.089250563597443,0.7938752018940427,-0.09501556925966881,0.7995409899336281
21,3,21.900000000000002,4.804296832272464,2.082048286512201,0.7981113445262125,-0.045332241964464615,0.7993977298084873
21,3,22.0,4.884257421235181,2.08018411520455,0.7991661036954127,0.01103214434664146,0.7992422470719327
21,3,22.1,4.964130053011546,2.0842547153815296,0.7954583974347038,0.0749856360597807,0.7989849233024846
21,3,22.200000000000003,5.043349100722124,2.095181242416506,0.7849041855370054,0.14774195813742175,0.7986878405658805
21,3,22.3,5.121110890118946,2.1138031070090135,0.7650576743217492,0.22815852503598677,0.7983542807458358
21,3,22.400000000000002,5.1963606355864735,2.1408129474237034,0.7337666164857417,0.3139075666045592,0.7980923554580193
21,3,22.5,5.267864213416095,2.176584620329925,0.6966203356492251,0.39081209199182076,0.7987577751027294
21,3,22.6,5.335684702716318,2.2189753658220677,0.6646941798371735,0.44423636204544614,0.7994775156768233
21,3,22.700000000000003,5.400803049383532,2.265431892739015,0.6400706322926268,0.4794157729826818,0.7997061320935744
21,3,22.8,5.4636988291748425,2.3148585204186034,0.6179871801488659,0.5076342092871666,0.7997503643431203
21,3,22.900000000000002,5.524400485413305,2.366958734596448,0.5972727322429527,0.5319511733094959,0.7998167086691246
21,3,23.0,5.583153375623432,2.421248755080502,0.5785042858635272,0.5523607580546166,0.7998559969151574
21,3,23.1,5.640101342586011,2.477430886207371,0.5618873914508846,0.5693209227535991,0.7999023401369003
21,3,23.200000000000003,5.695530853913611,2.5351129396312233,0.5478515108899806,0.58288243383595,0.7999332532523917
21,3,23.3,5.749671644764007,2.5940073729745605,0.5364095079302018,0.5934662700456705,0.7999608577173273
21,3,23.400000000000002,5.802812755499651,2.653806193640357,0.5278059089841456,0.6011563659831527,0.7999800334512421
21,3,23.5,5.855232826560835,2.7142386461711907,0.5220146975864637,0.6062086549795698,0.7999926736342191
21,3,23.6,5.9072156950169425,2.7750479246362705,0.5191112993669762,0.6087051036507187,0.7999990277124732
21,3,23.700000000000003,5.9590550864342315,2.835979666901336,0.5191443684884831,0.6086767781864264,0.799998934772237
21,3,23.8,6.011044568714639,2.896783280273555,0.5220589174513819,0.6061707465912569,0.7999928045385849
21,3,23.900000000000002,6.063466869924508,2.957213816219587,0.5279166938931077,0.6010580907620771,0.7999792898329197
21,3,24.0,6.11662790749326,3.01699489842597,0.5366525267611166,0.5932455207865903,0.7999601130134201
21,3,24.1,6.17079737527673,3.075862920376905,0.5482063868743445,0.5825462180065486,0.799931458766035
21,3,24.200000000000003,6.226269184868131,3.1335041420272813,0.5625180062536224,0.5686898845088102,0.7998966758914517
21,3,24.3,6.283300976527454,3.1896008972786665,0.5793696459861479,0.5514473753078839,0.799852107844987
21,3,24.400000000000002,6.342143114065361,3.2437936170888575,0.45062242487050597,0.4920221870587671,0.667192927386275
21,3,24.5,6.373425461501556,3.28800533469042,-0.23644932909886407,0.296221270681837,0.37901889983965853
21,3,24.6,6.294853248245585,3.3030378712252233,-0.7834280394696087,0.1614574415416392,0.7998924918114725
21,3,24.700000000000003,6.216739853607632,3.320296822998748,-0.7781273012018346,0.18518444062407724,0.7998595963823295
21,3,24.8,6.139227788005218,3.340074759350039,-0.7710916350079273,0.2123748826468912,0.7998033510547948
21,3,24.900000000000002,6.062521526606047,3.362771799528126,-0.7613069173686853,0.24481314771660934,0.7997010064569912
21,3,25.0,5.986966404531482,3.38903738889336,-0.7474473028356705,0.28390758269194905,0.7995504899794037
21,3,25.1,5.913032066038913,3.4195533160665157,-0.7277011947087502,0.3306507431949335,0.799299032124964
21,3,25.200000000000003,5.84142616558973,3.455167537532348,-0.6985779889112926,0.3875199034799657,0.7988634940867357
21,3,25.3,5.773316468256655,3.4970572967625086,-0.6545230303886029,0.45675967782477045,0.7981414665306321
21,3,25.400000000000002,5.71052155951201,3.5465194730973018,-0.5886767084724198,0.5373959659953904,0.7970788489014379
21,3,25.5,5.655581126562171,3.6045364899615864,-0.4928557344967892,0.6246234147685286,0.7956514219829351
21,3,25.6,5.611950412612653,3.6714441560510074,-0.3644229580177516,0.7060801717249277,0.7945774356433181
21,3,25.700000000000003,5.58269653495862,3.745752524306574,-0.21602649556735543,0.7647677430424444,0.7946931153504143
21,3,25.8,5.5687451134991806,3.824397704659496,-0.07046690629122665,0.7927751775639642,0.7959007896992134
21,3,25.900000000000002,5.5686031537003755,3.9043075598193666,0.05392635410614588,0.795527588707241,0.7973532442158486
21,3,26.0,5.579530384320409,3.9835032224009432,0.15103828576589962,0.784038096125272,0.7984536930485341
21,3,26.1,5.598810810853555,4.061115179044421,0.22383607063638422,0.7671270085238184,0.7991160327040366
21,3,26.200000000000003,5.624297598447686,4.136928624105709,0.27717708790741824,0.7499270781614129,0.7995109509072096
21,3,26.3,5.6542462284350385,4.2111005946767035,0.3160798819776929,0.7346054931525039,0.7997197773975993
21,3,26.400000000000002,5.687513574843225,4.283849722736209,0.34479649203154494,0.7217132843688958,0.799846663899899
21,3,26.5,5.7232055268413475,4.355443251550482,0.3654042720309718,0.7115856073539497,0.7999214702780354
21,3,26.6,5.7605944292494184,4.426166844206998,0.37959114430253393,0.7041670852457678,0.7999629496273108
21,3,26.700000000000003,5.799123755701856,4.496276668599638,0.3886027730022228,0.6992618019013328,0.7999869891337708
21,3,26.8,5.838314983849863,4.566019204587264,0.3930514153032867,0.6967837020221488,0.7999980890449723
21,3,26.900000000000002,5.8777340387625125,4.6356334090040665,0.3932366666088889,0.6966797101551201,0.7999985590658851
21,3,27.0,5.916962317171642,4.705355146618288,0.38917661993101405,0.6989444113816567,0.7999885822326338
21,3,27.1,5.955569362748715,4.775422291280397,0.38061016893363586,0.7036206071362763,0.799966286466194
21,3,27.200000000000003,5.99308435095837,4.846079268045545,0.36697066828973135,0.7107861919231055,0.7999277980002707
21,3,27.3,6.028963496406661,4.9175795296650175,0.3469973697648925,0.7206679557254958,0.7998559101696496
21,3,27.400000000000002,6.062483824911348,4.990212859190644,0.3192592834889183,0.733250707909324,0.7997393892658922
21,3,27.5,6.092815353104444,5.064229671246881,0.2817553681012903,0.748250973810336,0.7995408727901343
21,3,27.6,6.118834898531606,5.139863053952711,0.23034927279583783,0.765259634712212,0.799176511164736
21,3,27.700000000000003,6.138885207663613,5.217281598189326,0.16037471340614928,0.7822922726737538,0.7985619879415569
21,3,27.8,6.150909841212837,5.296321508487461,0.06698544792563155,0.7947149318190938,0.7975329918505092
21,3,27.900000000000002,6.152282297248739,5.376224584553144,-0.053289068081294744,0.7943408847114277,0.7961263504627306
21,3,28.0,6.140252027596578,5.455189685429746,-0.19613259638968827,0.7702042029173555,0.7947845680170943
21,3,28.1,6.113055777970801,5.530265425136614,-0.3525207137474098,0.7104881241759706,0.7931356934447426
21,3,28.200000000000003,6.069747884847095,5.597287310264941,-0.5113461045068348,0.6038665935391556,0.7912835783629651
21,3,28.3,6.0107865570694345,5.651038743844445,-0.6474637886017085,0.45530667530082525,0.7915260741908436
21,3,28.400000000000002,5.940255127126753,5.688348645325106,-0.7398089348146222,0.2829570970888824,0.792074478079248
21,3,28.5,5.862824770106511,5.707630163262222,-0.786317981486043,0.10416704066017601,0.7931877081550015
21,3,28.6,5.782991530829545,5.70918205345714,-0.7939161487438113,-0.05425603562278525,0.7957679112892819
21,3,28.700000000000003,5.704041540357746,5.696778956137665,-0.7791389104211497,-0.17200644709696178,0.7978995297499405
21,3,28.8,5.627163748745315,5.674780764037749,-0.7585575137467373,-0.2511981987802443,0.7990682303358523
21,3,28.900000000000002,5.5523300376083995,5.646539316381617,-0.7407126979845096,-0.3012815221392451,0.7996410798214607
21,3,29.0,5.479021209148414,5.614524459609901,-0.728666387229616,-0.32996638836975123,0.7998953189837019
21,3,29.1,5.4065967601624765,5.580546038707667,-0.7230958146402919,-0.34222259294637425,0.7999899126071823
21,3,29.200000000000003,5.334402046220353,5.546079941020625,-0.7241100863069683,-0.3400330515512522,0.799973682841343
21,3,29.3,5.261774742901083,5.512539428397417,-0.7317569176234464,-0.322902218073704,0.7998337508049316
21,3,29.400000000000002,5.188050662695664,5.481499497405885,-0.7457706825746406,-0.2881711315721702,0.7995101700787992
21,3,29.5,5.112620606386155,5.454905202082983,-0.7651733371511291,-0.22920002704680442,0.798763349362783
21,3,29.6,5.035015995265439,5.435659491996525,-0.7854667300850053,-0.13685463504625517,0.7972999280095756
21,3,29.700000000000003,4.955527260369152,5.427534275073732,-0.7947358973991498,-0.002210214569402069,0.7947389707717086
21,3,29.8,4.87606881578561,5.435217449082644,-0.773303453116231,0.17160042312121604,0.7921142189210262
21,3,29.900000000000002,4.8008665697459065,5.461854359697976,-0.7090142216660063,0.35320733418775774,0.7921215736543697
21,3,30.0,4.734265971452409,5.505858915920195,-0.6138510913605018,0.50407101389575,0.7942926094421178
21,3,30.1,4.678096351473807,5.562668562477126,-0.5156798890135086,0.6074446401813098,0.796815373105957
21,3,30.200000000000003,4.631129993649705,5.627347843956458,-0.43229494955451386,0.6710673637422069,0.7982545521888711
21,3,30.3,4.5916373615629045,5.696882035225567,0.05707028214423815,0.6411114212613178,0.6436465424250564
21,3,30.400000000000002,4.642544050078556,5.755570128208721,0.5304957619965052,0.5829997422371598,0.7882350239267774
21,3,30.5,4.697736513962205,5.813481983672999,0.5529905258999577,0.5780990205316172,0.799998124544506
21,3,30.6,4.753142155258548,5.871189932315044,0.5550374493096903,0.5761344425620933,0.7999984162750206
21,3,30.700000000000003,4.8087440038241445,5.928708872185419,0.5569052223379103,0.5743296117015895,0.7999987059642883
21,3,30.8,4.864523199726129,5.986055854655362,0.5585677515433005,0.5727132339011369,0.7999989883428833
21,3,30.900000000000002,4.920457554132804,6.043251518965646,0.5600310502687869,0.5712827258139583,0.799999206298723
21,3,31.0,4.976529409779886,6.100312399818153,0.5613155041025806,0.5700210122837888,0.7999994059941353
21,3,31.1,5.032720654953319,6.157255721422404,0.5624028628810827,0.5689484727041325,0.7999995904806471
21,3,31.200000000000003,5.089009982356104,6.2141020943589815,0.5632932524956189,0.5680671392366285,0.799999726867191
21,3,31.3,5.145379305452443,6.270869149269728,0.5640023330363775,0.5673632968406821,0.7999998389202368
21,3,31.400000000000002,5.2018104489633785,6.327574753727117,0.5645196615051873,0.5668486852151595,0.7999999250975504
21,3,31.5,5.25828323775348,6.38423888631276,0.5648442499828938,0.5665253164304573,0.7999999755596044
21,3,31.6,5.314779298959957,6.440879817013208,0.5649825536847324,0.5663874211458513,0.7999999980002309
21,3,31.700000000000003,5.371279748490427,6.497516370541931,0.5649319067028635,0.5664379264173505,0.7999999898093253
21,3,31.8,5.427765680300529,6.554167402296679,0.5646938971769337,0.5666751510636203,0.7999999527136551
21,3,31.900000000000002,5.4842185279258135,6.610851400754654,0.5642622069319572,0.5671049027166148,0.7999998805355811
21,3,32.0,5.5406181216869195,6.667588382840003,0.5636419454908399,0.5677212456886096,0.7999997847017994
21,3,32.1,5.596946917023981,6.724395649892376,0.5628406662674976,0.5685154724593815,0.7999996612687749
21,3,32.2,5.653186254940421,6.781291477331881,0.5618358588462158,0.5695082499395738,0.7999994868965236
21,3,32.300000000000004,5.709314088793226,6.838297299880292,0.5606404397241604,0.5706848491849996,0.7999993123393331
21,3,32.4,5.765314342885251,6.89542844716888,0.5592708443407552,0.5720268259892123,0.7999991043625698
21,3,32.5,5.821168257661375,6.952702665078132,0.5576870673188452,0.5735706130814293,0.7999988207774439
21,3,32.6,5.876851756349022,7.010142569785167,0.5559080838787587,0.5752946392872289,0.7999985748202154
21,3,32.7,5.932349874437128,7.06776159293558,0.5539596793333494,0.5771706188191672,0.7999982809701579
21,3,32.800000000000004,5.987643692215693,7.125576693549002,0.5517900039610453,0.5792446950413108,0.7999978907502391
21,3,32.9,6.042707875229335,7.183610531943841,0.5494176382235558,0.5814949444554571,0.799997569757812
21,3,33.0,6.097527219860401,7.2418756824400905,0.5468770212477381,0.5838844491906201,0.7999972039797594
21,3,33.1,6.152083279478885,7.300387421781967,0.5442875605943733,0.5862994419684,0.7999974901649572
21,3,33.2,6.206384731979278,7.3591355708337725,0.5422359043635687,0.5881994989634904,0.7999990166005696
21,3,33.300000000000004,6.2605304603516,7.418027321574667,0.5412192174360761,0.5891362849807322,0.7999998772518764
21,3,33.4,6.314628575466491,7.476962827829917,0.5412867555181862,0.589074155078734,0.7999998199256854
21,3,33.5,6.368787811455235,7.53584215259041,0.5424470762206148,0.5880044719734556,0.7999988059747813
21,3,33.6,6.423117990710615,7.594563722224609,0.5446786427385568,0.5859353611997449,0.7999969195939394
21,3,33.7,6.477723540002948,7.65302922483036,0.5479807929300549,0.5828443142535491,0.7999940275264195
21,3,33.800000000000004,6.532714149296629,7.71113258507532,0.5523799967957288,0.5786712319596674,0.799990034661538
21,3,33.9,6.5881995393620905,7.76876347122229,0.557795816729282,0.5734461921054645,0.7999854426181418
21,3,34.0,6.644273312642482,7.82582182349641,0.564201013308697,0.5671371875532358,0.799979607817821
21,3,34.1,6.701039742023832,7.882190908732939,0.5716661204565909,0.5596012354762578,0.7999723095360511
21,3,34.2,6.758606536733802,7.937742070591663,0.5800432298795926,0.5509030530767731,0.7999652007546701
21,3,34.300000000000004,6.817048387999752,7.9923715193482945,0.5892485768832074,0.541032680801294,0.7999564032207755
21,3,34.4,6.876456252110441,8.045948606751919,0.599393282310615,0.5297554078322619,0.7999456850353146
21,3,34.5,6.936927044461872,8.098322600914743,0.6102718502108218,0.5171711094448099,0.799936052196746
21,3,34.6,6.998510622152606,8.149382828640881,0.622775204841389,0.5019761441067914,0.7998931209965218
21,3,34.7,7.0614820854301525,8.198717829736102,0.6398857123531556,0.4797443291822532,0.7997551789493054
21,3,34.800000000000004,7.12648776462324,8.245331694477334,0.6630019596690104,0.44684613175675025,0.7995267750306547
21,3,34.9,7.194082477363953,8.288087056087452,0.6920010209312721,0.39966276310583027,0.7991218537765752
21,3,35.0,7.264887968809493,8.325264247098499,0.722488410203681,0.34131985351921657,0.7990549075533057
21,3,35.1,7.3385801594046915,8.356351026791296,0.7463339679589112,0.28643526557653587,0.7994120045978754
21,3,35.2,7.414154762401278,8.382551300213807,0.7617323267332168,0.24337227431034592,0.7996663063387067
21,3,35.300000000000004,7.490926624751338,8.405025481653366,0.7712720195115423,0.21188286273250156,0.7998467825784717
21,3,35.4,7.568409166303583,8.424927872760307,0.7765165168724835,0.19223064782809018,0.7999565756590673
21,3,35.5,7.64622992812583,8.443471611218984,0.7784510242281115,0.18441571270988533,0.7999969701293191
21,3,35.6,7.724099371149208,8.461811015302285,0.777562358447156,0.18804887890498634,0.7999785010432005
21,3,35.7,7.8017423998152635,8.481081386999982,0.7735881839506433,0.2034479188706726,0.7998935766968392
21,3,35.800000000000004,7.878817007939339,8.50250059907642,0.7656477104339743,0.23098992773285687,0.7997329324260802
21,3,35.9,7.954871941902056,8.527279372546552,0.7523276488964399,0.27054018025539506,0.7994928895410306
21,3,36.0,8.029282537718624,8.556608635127498,0.7312285240302288,0.3223748439942966,0.7991374690225542
21,3,36.1,8.101117646708103,8.591754341345412,0.6996869549645766,0.38522707866122374,0.798725069771484
21,3,36.2,8.169219928711541,8.633654050859745,0.6561070626916035,0.4548622087731857,0.7983583823595922
21,3,36.300000000000004,8.232339059246426,8.682726783100051,-0.052873510310313065,0.2331794606192048,0.23909886856109977
21,3,36.4,8.158645226649488,8.680289942983588,-0.7674254438352648,-0.04102233704396241,0.7685210758218031
21,3,36.5,8.078853970479376,8.674522315691258,-0.7975997503038386,-0.06172137865344496,0.7999843062633338
21,3,36.6,7.9991252765887175,8.6679456672529,-0.7969632053913429,-0.06948570267044119,0.7999866334028644
21,3,36.7,7.919461329401105,8.66062517515717,-0.7963138137798893,-0.07659763153840515,0.7999893044122312
21,3,36.800000000000004,7.839862513832738,8.652626140945218,-0.79566550941108,-0.08308575530008255,0.7999917784578656
21,3,36.9,7.760328227518893,8.644008024097154,-0.7950273519281978,-0.08900041870586506,0.7999934780007784
21,3,37.0,7.680857043447102,8.634826057204046,-0.7944294144202786,-0.09420098217116646,0.7999949496954085
21,3,37.1,7.601442344634835,8.62516782766292,-0.7938915220100071,-0.09863947688693031,0.7999959344396026
21,3,37.2,7.522078739045098,8.61509816182666,-0.7934123853667288,-0.10243078885920198,0.799997049844336
21,3,37.300000000000004,7.442759867561486,8.60468166989108,-0.7930009053679612,-0.10557706562003233,0.7999980954348221
21,3,37.4,7.363478557971508,8.593982748702654,-0.7926644579826174,-0.10808034501525299,0.7999989399539806
21,3,37.5,7.284226975964967,8.583065600888032,-0.7924062149779942,-0.1099616831732888,0.79999948831362
21,3,37.6,7.204997314975906,8.571990412067997,-0.7922380735066739,-0.11116918714154878,0.7999998458020343
21,3,37.7,7.12577936126363,8.560831763459722,-0.7921657296773859,-0.1116844952419811,0.7999999810954755
21,3,37.800000000000004,7.046564169040427,8.5496535130196,-0.7921830456534806,-0.11156131859959828,0.7999999410178138
21,3,37.9,6.967342752132937,8.538519499739802,-0.7922897139612743,-0.11079956176784123,0.7999997085854367
21,3,38.0,6.8881062262481745,8.527493600666032,-0.7924839995182111,-0.10939858402083757,0.7999993372985658
21,3,38.1,6.808845952229293,8.516639782935634,-0.7927706290495351,-0.107297231446843,0.7999987288488357
21,3,38.2,6.729552100438266,8.506034154376662,-0.7931421765750812,-0.10450909821274479,0.7999979149169693
21,3,38.300000000000004,6.650217516914274,8.495737963293085,-0.7935823442106695,-0.10110322521821047,0.7999967494886624
21,3,38.400000000000006,6.570835631596129,8.48581350933302,-0.7940853023472343,-0.09706233721878021,0.7999953529304221
21,3,38.5,6.491400456444831,8.476325495849329,-0.7946429754804072,-0.0923733362114234,0.7999939323039793
21,3,38.6,6.411907036500052,8.467338842090737,-0.7952442438002798,-0.08703418642361527,0.7999927230318408
21,3,38.7,6.332351607684772,8.458918658564606,-0.7958850530079573,-0.08094997448755237,0.7999911974334558
21,3,38.800000000000004,6.252730025898459,8.451148847193226,-0.7965487594886156,-0.07411322419930855,0.7999891850794417
21,3,38.900000000000006,6.173041855787047,8.444096013724744,-0.7972024993830793,-0.0666826344129916,0.7999864991078819
21,3,39.0,6.093289526021847,8.437812320310627,-0.7978293334439179,-0.05866554649590938,0.7999833071066109
21,3,39.1,6.013475989098266,8.432362904425563,-0.7984165642831123,-0.049998835835815214,0.7999805583303796
21,3,39.2,5.9336062131652225,8.427812553143465,-0.7989433383802798,-0.040687083948164116,0.7999786851800684
21,3,39.300000000000004,5.853687321422208,8.42422548763593,-0.7993894057620672,-0.030658902356236695,0.799977118634227
21,3,39.400000000000006,5.773728332012807,8.421680772672216,-0.7997290024231418,-0.019791991242925633,0.7999738747197146
21,3,39.5,5.693741520937583,8.420267089387345,-0.799926653532335,-0.00835043525469814,0.7999702374466086
21,3,39.6,5.613743001306343,8.420010685621277,-0.7999620418606597,0.0032411876602509437,0.7999686079561652
21,3,39.7,5.533749112565449,8.420915326919395,-0.7998742353375548,0.013190514451380864,0.7999829885868386
21,3,39.800000000000004,5.45376815423883,8.422648788511554,-0.7997753129643037,0.018842714761611035,0.7999972494494824
21,3,39.900000000000006,5.373794049972585,8.424683869871718,-0.7997700293186014,0.019112289427027918,0.7999983621254603
21,3,40.0,5.293814148375113,8.426471246396957,-0.7998692421102938,0.013583936247549389,0.7999845797251802
21,3,40.1,5.21382020155053,8.427400657121227,-0.799953927342802,0.002310644604271772,0.7999572644520831
21,3,40.2,5.133823362906551,8.426933375317812,-0.7998450058208988,-0.01253074933502063,0.7999431561151897
21,3,40.300000000000004,5.053851200386348,8.424894507254223,-0.7994812488848737,-0.02744937237846301,0.7999523331814771
21,3,40.400000000000006,4.973927113129573,8.42144350084212,-0.7989358684590577,-0.04056346008056266,0.7999649468596335
21,3,40.5,4.89406402669454,8.41678181523811,-0.7983114361719998,-0.05159194512525289,0.7999767983665577
21,3,40.6,4.814264825895177,8.41112511181707,-0.7977012781223642,-0.06042544763671742,0.7999866022879079
21,3,40.7,4.734523771070065,8.404696725710767,-0.7971797784408459,-0.06703793728106433,0.7999935525927043
21,3,40.800000000000004,4.654828870207005,8.397717524360857,-0.7968044281631599,-0.07140871500174484,0.7999978133211494
21,3,40.900000000000006,4.575162885437431,8.390414982710418,-0.7966159568531275,-0.07350231633380844,0.7999997332621175
21,3,41.0,4.495505678836383,8.383017061094096,-0.7966202739045443,-0.07345454781339811,0.7999996446188098
21,3,41.1,4.415838830656525,8.375724073147738,-0.7967972854485019,-0.07148936633311109,0.7999979022452567
21,3,41.2,4.336146221746681,8.368719187827473,-0.7971177919708516,-0.06779322617664718,0.7999954348569271
21,3,41.300000000000004,4.256415272262352,8.362165427912409,-0.7975663103487989,-0.06223991496590031,0.7999911414624283
21,3,41.400000000000006,4.176632959676919,8.356271204834293,-0.7980726331391068,-0.05532566824728491,0.7999880357434078
21,3,41.5,4.096800745634534,8.351100294262952,-0.7985438999796521,-0.04802578199375063,0.7999867723474082
21,3,41.6,4.016924179680992,8.346666048435543,-0.7989678875749782,-0.04034806331194574,0.7999860321212163
21,3,41.7,3.937007168119536,8.343030681600563,-0.7993296693378085,-0.032391241290255834,0.7999856953696196
21,3,41.800000000000004,3.857058245813428,8.34018780017749,-0.799607144046238,-0.024615697089664934,0.7999859482222118
21,3,41.900000000000006,3.7770857393102863,8.33810754218263,-0.7998156865826402,-0.016387103594418306,0.7999835433731587
21,3,42.0,3.697095108496903,8.336910379458606,-0.7999452479199185,-0.007889200127230822,0.7999841493106643
21,3,42.1,3.617096689726307,8.336529702157183,-0.799982265012833,0.0005305471660363992,0.7999824409418984
21,3,42.2,3.537098655494334,8.337016488891813,-0.7999230034040785,0.009567580903890871,0.7999802184925286
21,3,42.300000000000004,3.4571120890454887,8.33844321833796,-0.7997649369336379,0.01862487526287282,0.7999817749967955
21,3,42.400000000000006,3.3771456681076044,8.340741463944388,-0.7994754618884663,0.028308450751850955,0.7999764887456046
21,3,42.5,3.2972169966677987,8.344104908488331,-0.7990566636821583,0.03838785809493572,0.7999782368439649
21,3,42.6,3.2173343353711763,8.348419035563376,-0.798494393933975,0.04861325858718857,0.7999728408230188
21,3,42.7,3.1375181178810014,8.353827560205769,-0.7977461223608664,0.0596218750126809,0.7999710268014875
21,3,42.800000000000004,3.0577851108990006,8.360343410565912,-0.7968298538383571,0.07080569298098283,0.7999695382491604
21,3,42.900000000000006,2.978152147113328,8.367988698801966,-0.7956508202374888,0.08294683823657323,0.79996275270667
21,3,43.0,2.898654946851506,8.376932778213227,-0.7942452934502686,0.09548245726182358,0.7999640528252874
21,3,43.1,2.8193030884232777,8.38708519025433,-0.7925233868803865,0.1087787680454042,0.7999538356241782
21,3,43.2,2.7401502694754267,8.398688531822309,-0.7904260700374017,0.1230827198682718,0.7999517036202516
21,3,43.300000000000004,2.661217874415795,8.411701734227986,-0.7880219948429001,0.1376051485922929,0.7999461489845993
21,3,43.400000000000006,2.5825458705068445,8.426209561540768,-0.7850194538444271,0.15374618443121335,0.7999333923154848
21,3,43.5,2.504213983646913,8.442450971114228,-0.7814955579579834,0.17073896870255112,0.7999294359764931
21,3,43.6,2.426246758915251,8.460357355281278,-0.7774313337424807,0.1883310098923161,0.7999175257310419
21,3,43.7,2.3487277168984146,8.480117173092692,-0.7723910748607334,0.2079740628864215,0.7999007334400965
21,3,43.800000000000004,2.2717685439431023,8.501952167858564,-0.7664943478401209,0.2287049309718654,0.7998871987484848
21,3,43.900000000000006,2.1954288473303882,8.525858159287067,-0.7597260066503058,0.2502204903650167,0.7998711764898957
21,3,44.0,2.1198233426130444,8.551996265931567,-0.7513851324876164,0.2741799790827457,0.7998464091644394
21,3,44.1,2.0451518208328685,8.580694155103615,-0.7413577356134144,0.30017282259522915,0.7998218649040774
21,3,44.2,1.9715517954903592,8.612030830450614,-0.7297137255685033,0.32735181081694265,0.7997757994139335
21,3,44.300000000000004,1.8992090757191658,8.646164517267003,-0.715936018408895,0.3563735539404078,0.7997290118554524
21,3,44.400000000000006,1.8283645918085782,8.683305541238697,-0.6995220588873785,0.3875148821105725,0.7996867478751964
21,3,44.5,1.759304663941693,8.723667493689115,-0.679993786692215,0.4207616053485026,0.7996448452128398
21,3,44.6,1.6923658344701382,8.767457862308397,-0.6568363377072277,0.45598674186096844,0.799598576340419
21,3,44.7,1.6279373964002457,8.81486484206131,-0.6295292025975527,0.4929128290857179,0.7995436660998552
21,3,44.800000000000004,1.5664599939506259,8.866040428125542,-0.5975666155982866,0.5311065228174101,0.7994748267811755
21,3,44.900000000000006,1.5084240732805867,8.921086146624793,-0.5607075219412954,0.5697834408659546,0.7994035868362082
21,3,45.0,1.4543184895623689,8.97999711629873,-0.5187347892434744,0.6081368124306437,0.7993223155928875
21,3,45.1,1.4046771154318944,9.04271350911092,-0.4717369977156931,0.6451930717873466,0.7992558381996394
21,3,45.2,1.3599710900192288,9.1090357306562,-0.42035267866955284,0.6797309564065728,0.7992061984006771
21,3,45.300000000000004,1.3206065796979827,9.178659700392236,-0.36545823491555574,0.7107359143951015,0.7991903787450363
21,3,45.400000000000006,1.2868794430361166,9.251182913535224,-0.30828946339788654,0.7373625296272621,0.7992157989807708
21,3,45.5,1.2589486870184063,9.326132206317684,-0.25203975246509636,0.7585683598485105,0.7993434764767435
21,3,45.6,1.2364714925430988,9.402896585504923,-0.20159533592718315,0.7736863390551392,0.799519374817232
21,3,45.7,1.2186296198329691,9.480869474128713,-0.1588987969402087,0.7836943121801312,0.799640921046775
21,3,45.800000000000004,1.2046917331550566,9.55963544794095,-0.12312429026439631,0.7902054417460533,0.7997401021695653
21,3,45.900000000000006,1.1940047617800895,9.638910562477927,-0.09346459894655101,0.7943444756157305,0.7998242164360051
21,3,46.0,1.1859988133657466,9.718504343064094,-0.06897359766336209,0.7969103481854489,0.7998896550272924
21,3,46.1,1.1802100422474175,9.798292632115013,-0.04876577058519693,0.7984428711403098,0.7999306962828401
21,3,46.2,1.1762456592487072,9.878192917292157,-0.03314180608947215,0.7992737722873002,0.7999605880149617
21,3,46.300000000000004,1.173581681029523,9.958147386572476,-0.0219099138484804,0.7996777979181076,0.799977890199474
21,3,46.400000000000006,1.171863676479011,10.038128476875782,-0.014087970577705278,0.7998671978112881,0.7999912531081078
21,3,46.5,1.1707640869139817,10.11812082613473,-0.009804440534353809,0.7999385332218836,0.7999986149909075
21,3,46.6,1.1699027883721402,10.198116183520154,-0.009290797831771336,0.7999452621109526,0.7999992133109329
21,3,46.7,1.1689059273476274,10.278109878556922,-0.012499972547588278,0.7998957922756418,0.7999934548569552
21,3,46.800000000000004,1.1674027938626226,10.358095341975286,-0.019673550477523172,0.7997393190086228,0.7999812666286427
21,3,46.900000000000006,1.1649712172521227,10.43805774235865,-0.03185497163420248,0.7993198162609261,0.7999543161238749
21,3,47.0,1.1610317995357824,10.517959305227468,-0.04960376668370792,0.7983705621473831,0.7999100500510918
21,3,47.1,1.1550504639153811,10.597731854788123,-0.07364656329187547,0.796429582166212,0.7998274161556049
21,3,47.2,1.1463024868774072,10.677245221660712,-0.10585758612909313,0.7926553900168969,0.7996926883896821
21,3,47.300000000000004,1.1338789466895622,10.756262932791504,-0.14664656730943193,0.7861866624012634,0.7997466372803814
21,3,47.35578989382202,1.125,10.799999999999999,-0.15914973270765315,0.7839603951932066,0.7999515851927579
